2025-10-12 08:26:35,455 INFO [main] org.apache.nifi.runtime.Application Starting NiFi 2.6.0 using Java 21.0.8+12-LTS with PID 45
2025-10-12 08:26:35,462 INFO [main] o.apache.nifi.runtime.PropertiesProvider Loading Application Properties [/opt/nifi/nifi-current/conf/nifi.properties]
2025-10-12 08:26:35,478 INFO [main] org.apache.nifi.nar.NarUnpacker Expanding 112 NAR files started
2025-10-12 08:26:46,645 INFO [main] org.apache.nifi.nar.NarUnpacker Expanded 112 NAR files in 11.166 seconds (11166152537 ns)
2025-10-12 08:26:47,543 INFO [main] org.apache.nifi.nar.NarClassLoaders Loaded NAR file: /opt/nifi/nifi-current/./work/nar/extensions/nifi-jetty-nar-2.6.0.nar-unpacked as class loader org.apache.nifi.nar.NarClassLoader[./work/nar/extensions/nifi-jetty-nar-2.6.0.nar-unpacked]
2025-10-12 08:26:47,564 INFO [main] org.apache.nifi.nar.NarClassLoaders Loaded NAR file: /opt/nifi/nifi-current/./work/nar/framework/nifi-framework-nar-2.6.0.nar-unpacked as class loader org.apache.nifi.nar.NarClassLoader[./work/nar/framework/nifi-framework-nar-2.6.0.nar-unpacked]
2025-10-12 08:26:47,894 INFO [main] org.apache.nifi.nar.NarClassLoaders Loaded NAR file: /opt/nifi/nifi-current/./work/nar/extensions/nifi-compress-nar-2.6.0.nar-unpacked as class loader org.apache.nifi.nar.NarClassLoader[./work/nar/extensions/nifi-compress-nar-2.6.0.nar-unpacked]
2025-10-12 08:26:47,907 INFO [main] org.apache.nifi.nar.NarClassLoaders Loaded NAR file: /opt/nifi/nifi-current/./work/nar/extensions/nifi-update-attribute-nar-2.6.0.nar-unpacked as class loader org.apache.nifi.nar.NarClassLoader[./work/nar/extensions/nifi-update-attribute-nar-2.6.0.nar-unpacked]
2025-10-12 08:26:47,961 INFO [main] org.apache.nifi.nar.NarClassLoaders Loaded NAR file: /opt/nifi/nifi-current/./work/nar/extensions/nifi-evtx-nar-2.6.0.nar-unpacked as class loader org.apache.nifi.nar.NarClassLoader[./work/nar/extensions/nifi-evtx-nar-2.6.0.nar-unpacked]
2025-10-12 08:26:47,973 INFO [main] org.apache.nifi.nar.NarClassLoaders Loaded NAR file: /opt/nifi/nifi-current/./work/nar/extensions/nifi-standard-services-api-nar-2.6.0.nar-unpacked as class loader org.apache.nifi.nar.NarClassLoader[./work/nar/extensions/nifi-standard-services-api-nar-2.6.0.nar-unpacked]
2025-10-12 08:26:47,983 INFO [main] org.apache.nifi.nar.NarClassLoaders Loaded NAR file: /opt/nifi/nifi-current/./work/nar/extensions/nifi-proxy-configuration-nar-2.6.0.nar-unpacked as class loader org.apache.nifi.nar.NarClassLoader[./work/nar/extensions/nifi-proxy-configuration-nar-2.6.0.nar-unpacked]
2025-10-12 08:26:47,989 INFO [main] org.apache.nifi.nar.NarClassLoaders Loaded NAR file: /opt/nifi/nifi-current/./work/nar/extensions/nifi-framework-kubernetes-nar-2.6.0.nar-unpacked as class loader org.apache.nifi.nar.NarClassLoader[./work/nar/extensions/nifi-framework-kubernetes-nar-2.6.0.nar-unpacked]
2025-10-12 08:26:48,009 INFO [main] org.apache.nifi.nar.NarClassLoaders Loaded NAR file: /opt/nifi/nifi-current/./work/nar/extensions/nifi-windows-event-log-nar-2.6.0.nar-unpacked as class loader org.apache.nifi.nar.NarClassLoader[./work/nar/extensions/nifi-windows-event-log-nar-2.6.0.nar-unpacked]
2025-10-12 08:26:48,016 INFO [main] org.apache.nifi.nar.NarClassLoaders Loaded NAR file: /opt/nifi/nifi-current/./work/nar/extensions/nifi-hazelcast-services-api-nar-2.6.0.nar-unpacked as class loader org.apache.nifi.nar.NarClassLoader[./work/nar/extensions/nifi-hazelcast-services-api-nar-2.6.0.nar-unpacked]
2025-10-12 08:26:48,017 INFO [main] org.apache.nifi.nar.NarClassLoaders Loaded NAR file: /opt/nifi/nifi-current/./work/nar/extensions/nifi-single-user-iaa-providers-nar-2.6.0.nar-unpacked as class loader org.apache.nifi.nar.NarClassLoader[./work/nar/extensions/nifi-single-user-iaa-providers-nar-2.6.0.nar-unpacked]
2025-10-12 08:26:48,021 INFO [main] org.apache.nifi.nar.NarClassLoaders Loaded NAR file: /opt/nifi/nifi-current/./work/nar/extensions/nifi-asana-services-api-nar-2.6.0.nar-unpacked as class loader org.apache.nifi.nar.NarClassLoader[./work/nar/extensions/nifi-asana-services-api-nar-2.6.0.nar-unpacked]
2025-10-12 08:26:48,038 INFO [main] org.apache.nifi.nar.NarClassLoaders Loaded NAR file: /opt/nifi/nifi-current/./work/nar/extensions/nifi-email-nar-2.6.0.nar-unpacked as class loader org.apache.nifi.nar.NarClassLoader[./work/nar/extensions/nifi-email-nar-2.6.0.nar-unpacked]
2025-10-12 08:26:48,048 INFO [main] org.apache.nifi.nar.NarClassLoaders Loaded NAR file: /opt/nifi/nifi-current/./work/nar/extensions/nifi-dbcp-service-nar-2.6.0.nar-unpacked as class loader org.apache.nifi.nar.NarClassLoader[./work/nar/extensions/nifi-dbcp-service-nar-2.6.0.nar-unpacked]
2025-10-12 08:26:48,053 INFO [main] org.apache.nifi.nar.NarClassLoaders Loaded NAR file: /opt/nifi/nifi-current/./work/nar/extensions/nifi-hl7-nar-2.6.0.nar-unpacked as class loader org.apache.nifi.nar.NarClassLoader[./work/nar/extensions/nifi-hl7-nar-2.6.0.nar-unpacked]
2025-10-12 08:26:48,072 INFO [main] org.apache.nifi.nar.NarClassLoaders Loaded NAR file: /opt/nifi/nifi-current/./work/nar/extensions/nifi-stateful-analysis-nar-2.6.0.nar-unpacked as class loader org.apache.nifi.nar.NarClassLoader[./work/nar/extensions/nifi-stateful-analysis-nar-2.6.0.nar-unpacked]
2025-10-12 08:26:48,074 INFO [main] org.apache.nifi.nar.NarClassLoaders Loaded NAR file: /opt/nifi/nifi-current/./work/nar/extensions/nifi-workday-processors-nar-2.6.0.nar-unpacked as class loader org.apache.nifi.nar.NarClassLoader[./work/nar/extensions/nifi-workday-processors-nar-2.6.0.nar-unpacked]
2025-10-12 08:26:48,077 INFO [main] org.apache.nifi.nar.NarClassLoaders Loaded NAR file: /opt/nifi/nifi-current/./work/nar/extensions/nifi-ldap-iaa-providers-nar-2.6.0.nar-unpacked as class loader org.apache.nifi.nar.NarClassLoader[./work/nar/extensions/nifi-ldap-iaa-providers-nar-2.6.0.nar-unpacked]
2025-10-12 08:26:48,098 INFO [main] org.apache.nifi.nar.NarClassLoaders Loaded NAR file: /opt/nifi/nifi-current/./work/nar/extensions/nifi-distributed-cache-services-nar-2.6.0.nar-unpacked as class loader org.apache.nifi.nar.NarClassLoader[./work/nar/extensions/nifi-distributed-cache-services-nar-2.6.0.nar-unpacked]
2025-10-12 08:26:48,113 INFO [main] org.apache.nifi.nar.NarClassLoaders Loaded NAR file: /opt/nifi/nifi-current/./work/nar/extensions/nifi-asana-services-nar-2.6.0.nar-unpacked as class loader org.apache.nifi.nar.NarClassLoader[./work/nar/extensions/nifi-asana-services-nar-2.6.0.nar-unpacked]
2025-10-12 08:26:48,116 INFO [main] org.apache.nifi.nar.NarClassLoaders Loaded NAR file: /opt/nifi/nifi-current/./work/nar/extensions/nifi-kerberos-iaa-providers-nar-2.6.0.nar-unpacked as class loader org.apache.nifi.nar.NarClassLoader[./work/nar/extensions/nifi-kerberos-iaa-providers-nar-2.6.0.nar-unpacked]
2025-10-12 08:26:48,126 INFO [main] org.apache.nifi.nar.NarClassLoaders Loaded NAR file: /opt/nifi/nifi-current/./work/nar/extensions/nifi-framework-zookeeper-nar-2.6.0.nar-unpacked as class loader org.apache.nifi.nar.NarClassLoader[./work/nar/extensions/nifi-framework-zookeeper-nar-2.6.0.nar-unpacked]
2025-10-12 08:26:48,138 INFO [main] org.apache.nifi.nar.NarClassLoaders Loaded NAR file: /opt/nifi/nifi-current/./work/nar/extensions/nifi-server-nar-2.6.0.nar-unpacked as class loader org.apache.nifi.nar.NarClassLoader[./work/nar/extensions/nifi-server-nar-2.6.0.nar-unpacked]
2025-10-12 08:26:48,176 INFO [main] org.apache.nifi.nar.NarClassLoaders Loaded NAR file: /opt/nifi/nifi-current/./work/nar/extensions/nifi-websocket-services-api-nar-2.6.0.nar-unpacked as class loader org.apache.nifi.nar.NarClassLoader[./work/nar/extensions/nifi-websocket-services-api-nar-2.6.0.nar-unpacked]
2025-10-12 08:26:48,180 INFO [main] org.apache.nifi.nar.NarClassLoaders Loaded NAR file: /opt/nifi/nifi-current/./work/nar/extensions/nifi-standard-shared-nar-2.6.0.nar-unpacked as class loader org.apache.nifi.nar.NarClassLoader[./work/nar/extensions/nifi-standard-shared-nar-2.6.0.nar-unpacked]
2025-10-12 08:26:48,282 INFO [main] org.apache.nifi.nar.NarClassLoaders Loaded NAR file: /opt/nifi/nifi-current/./work/nar/extensions/nifi-smb-client-api-nar-2.6.0.nar-unpacked as class loader org.apache.nifi.nar.NarClassLoader[./work/nar/extensions/nifi-smb-client-api-nar-2.6.0.nar-unpacked]
2025-10-12 08:26:48,285 INFO [main] org.apache.nifi.nar.NarClassLoaders Loaded NAR file: /opt/nifi/nifi-current/./work/nar/extensions/nifi-provenance-repository-nar-2.6.0.nar-unpacked as class loader org.apache.nifi.nar.NarClassLoader[./work/nar/extensions/nifi-provenance-repository-nar-2.6.0.nar-unpacked]
2025-10-12 08:26:48,291 INFO [main] org.apache.nifi.nar.NarClassLoaders Loaded NAR file: /opt/nifi/nifi-current/./work/nar/extensions/nifi-splunk-nar-2.6.0.nar-unpacked as class loader org.apache.nifi.nar.NarClassLoader[./work/nar/extensions/nifi-splunk-nar-2.6.0.nar-unpacked]
2025-10-12 08:26:48,295 INFO [main] org.apache.nifi.nar.NarClassLoaders Loaded NAR file: /opt/nifi/nifi-current/./work/nar/extensions/nifi-file-resource-service-nar-2.6.0.nar-unpacked as class loader org.apache.nifi.nar.NarClassLoader[./work/nar/extensions/nifi-file-resource-service-nar-2.6.0.nar-unpacked]
2025-10-12 08:26:48,297 INFO [main] org.apache.nifi.nar.NarClassLoaders Loaded NAR file: /opt/nifi/nifi-current/./work/nar/extensions/nifi-redis-service-api-nar-2.6.0.nar-unpacked as class loader org.apache.nifi.nar.NarClassLoader[./work/nar/extensions/nifi-redis-service-api-nar-2.6.0.nar-unpacked]
2025-10-12 08:26:48,325 INFO [main] org.apache.nifi.nar.NarClassLoaders Loaded NAR file: /opt/nifi/nifi-current/./work/nar/extensions/nifi-registry-nar-2.6.0.nar-unpacked as class loader org.apache.nifi.nar.NarClassLoader[./work/nar/extensions/nifi-registry-nar-2.6.0.nar-unpacked]
2025-10-12 08:26:48,333 INFO [main] org.apache.nifi.nar.NarClassLoaders Loaded NAR file: /opt/nifi/nifi-current/./work/nar/extensions/nifi-ssl-context-service-nar-2.6.0.nar-unpacked as class loader org.apache.nifi.nar.NarClassLoader[./work/nar/extensions/nifi-ssl-context-service-nar-2.6.0.nar-unpacked]
2025-10-12 08:26:48,337 INFO [main] org.apache.nifi.nar.NarClassLoaders Loaded NAR file: /opt/nifi/nifi-current/./work/nar/extensions/nifi-smb-nar-2.6.0.nar-unpacked as class loader org.apache.nifi.nar.NarClassLoader[./work/nar/extensions/nifi-smb-nar-2.6.0.nar-unpacked]
2025-10-12 08:26:48,343 INFO [main] org.apache.nifi.nar.NarClassLoaders Loaded NAR file: /opt/nifi/nifi-current/./work/nar/extensions/nifi-kerberos-user-service-nar-2.6.0.nar-unpacked as class loader org.apache.nifi.nar.NarClassLoader[./work/nar/extensions/nifi-kerberos-user-service-nar-2.6.0.nar-unpacked]
2025-10-12 08:26:48,348 INFO [main] org.apache.nifi.nar.NarClassLoaders Loaded NAR file: /opt/nifi/nifi-current/./work/nar/extensions/nifi-py4j-nar-2.6.0.nar-unpacked as class loader org.apache.nifi.nar.NarClassLoader[./work/nar/extensions/nifi-py4j-nar-2.6.0.nar-unpacked]
2025-10-12 08:26:48,355 INFO [main] org.apache.nifi.nar.NarClassLoaders Loaded NAR file: /opt/nifi/nifi-current/./work/nar/extensions/nifi-hazelcast-services-nar-2.6.0.nar-unpacked as class loader org.apache.nifi.nar.NarClassLoader[./work/nar/extensions/nifi-hazelcast-services-nar-2.6.0.nar-unpacked]
2025-10-12 08:26:48,379 INFO [main] org.apache.nifi.nar.NarClassLoaders Loaded NAR file: /opt/nifi/nifi-current/./work/nar/extensions/nifi-standard-nar-2.6.0.nar-unpacked as class loader org.apache.nifi.nar.NarClassLoader[./work/nar/extensions/nifi-standard-nar-2.6.0.nar-unpacked]
2025-10-12 08:26:48,474 INFO [main] org.apache.nifi.nar.NarClassLoaders Loaded NAR file: /opt/nifi/nifi-current/./work/nar/extensions/nifi-amqp-nar-2.6.0.nar-unpacked as class loader org.apache.nifi.nar.NarClassLoader[./work/nar/extensions/nifi-amqp-nar-2.6.0.nar-unpacked]
2025-10-12 08:26:48,485 INFO [main] org.apache.nifi.nar.NarClassLoaders Loaded NAR file: /opt/nifi/nifi-current/./work/nar/extensions/nifi-enrich-nar-2.6.0.nar-unpacked as class loader org.apache.nifi.nar.NarClassLoader[./work/nar/extensions/nifi-enrich-nar-2.6.0.nar-unpacked]
2025-10-12 08:26:48,494 INFO [main] org.apache.nifi.nar.NarClassLoaders Loaded NAR file: /opt/nifi/nifi-current/./work/nar/extensions/nifi-atlassian-nar-2.6.0.nar-unpacked as class loader org.apache.nifi.nar.NarClassLoader[./work/nar/extensions/nifi-atlassian-nar-2.6.0.nar-unpacked]
2025-10-12 08:26:48,499 INFO [main] org.apache.nifi.nar.NarClassLoaders Loaded NAR file: /opt/nifi/nifi-current/./work/nar/extensions/nifi-apicurio-nar-2.6.0.nar-unpacked as class loader org.apache.nifi.nar.NarClassLoader[./work/nar/extensions/nifi-apicurio-nar-2.6.0.nar-unpacked]
2025-10-12 08:26:48,509 INFO [main] org.apache.nifi.nar.NarClassLoaders Loaded NAR file: /opt/nifi/nifi-current/./work/nar/extensions/nifi-jms-cf-service-nar-2.6.0.nar-unpacked as class loader org.apache.nifi.nar.NarClassLoader[./work/nar/extensions/nifi-jms-cf-service-nar-2.6.0.nar-unpacked]
2025-10-12 08:26:48,517 INFO [main] org.apache.nifi.nar.NarClassLoaders Loaded NAR file: /opt/nifi/nifi-current/./work/nar/extensions/nifi-elasticsearch-client-service-api-nar-2.6.0.nar-unpacked as class loader org.apache.nifi.nar.NarClassLoader[./work/nar/extensions/nifi-elasticsearch-client-service-api-nar-2.6.0.nar-unpacked]
2025-10-12 08:26:48,521 INFO [main] org.apache.nifi.nar.NarClassLoaders Loaded NAR file: /opt/nifi/nifi-current/./work/nar/extensions/nifi-key-service-nar-2.6.0.nar-unpacked as class loader org.apache.nifi.nar.NarClassLoader[./work/nar/extensions/nifi-key-service-nar-2.6.0.nar-unpacked]
2025-10-12 08:26:48,528 INFO [main] org.apache.nifi.nar.NarClassLoaders Loaded NAR file: /opt/nifi/nifi-current/./work/nar/extensions/nifi-mongodb-client-service-api-nar-2.6.0.nar-unpacked as class loader org.apache.nifi.nar.NarClassLoader[./work/nar/extensions/nifi-mongodb-client-service-api-nar-2.6.0.nar-unpacked]
2025-10-12 08:26:48,538 INFO [main] org.apache.nifi.nar.NarClassLoaders Loaded NAR file: /opt/nifi/nifi-current/./work/nar/extensions/nifi-redis-nar-2.6.0.nar-unpacked as class loader org.apache.nifi.nar.NarClassLoader[./work/nar/extensions/nifi-redis-nar-2.6.0.nar-unpacked]
2025-10-12 08:26:48,542 INFO [main] org.apache.nifi.nar.NarClassLoaders Loaded NAR file: /opt/nifi/nifi-current/./work/nar/extensions/nifi-database-dialect-service-nar-2.6.0.nar-unpacked as class loader org.apache.nifi.nar.NarClassLoader[./work/nar/extensions/nifi-database-dialect-service-nar-2.6.0.nar-unpacked]
2025-10-12 08:26:48,549 INFO [main] org.apache.nifi.nar.NarClassLoaders Loaded NAR file: /opt/nifi/nifi-current/./work/nar/extensions/nifi-confluent-platform-nar-2.6.0.nar-unpacked as class loader org.apache.nifi.nar.NarClassLoader[./work/nar/extensions/nifi-confluent-platform-nar-2.6.0.nar-unpacked]
2025-10-12 08:26:48,567 INFO [main] org.apache.nifi.nar.NarClassLoaders Loaded NAR file: /opt/nifi/nifi-current/./work/nar/extensions/nifi-network-processors-nar-2.6.0.nar-unpacked as class loader org.apache.nifi.nar.NarClassLoader[./work/nar/extensions/nifi-network-processors-nar-2.6.0.nar-unpacked]
2025-10-12 08:26:48,571 INFO [main] org.apache.nifi.nar.NarClassLoaders Loaded NAR file: /opt/nifi/nifi-current/./work/nar/extensions/nifi-http-context-map-nar-2.6.0.nar-unpacked as class loader org.apache.nifi.nar.NarClassLoader[./work/nar/extensions/nifi-http-context-map-nar-2.6.0.nar-unpacked]
2025-10-12 08:26:48,576 INFO [main] org.apache.nifi.nar.NarClassLoaders Loaded NAR file: /opt/nifi/nifi-current/./work/nar/extensions/nifi-github-nar-2.6.0.nar-unpacked as class loader org.apache.nifi.nar.NarClassLoader[./work/nar/extensions/nifi-github-nar-2.6.0.nar-unpacked]
2025-10-12 08:26:48,581 INFO [main] org.apache.nifi.nar.NarClassLoaders Loaded NAR file: /opt/nifi/nifi-current/./work/nar/extensions/nifi-web-client-provider-service-nar-2.6.0.nar-unpacked as class loader org.apache.nifi.nar.NarClassLoader[./work/nar/extensions/nifi-web-client-provider-service-nar-2.6.0.nar-unpacked]
2025-10-12 08:26:48,584 INFO [main] org.apache.nifi.nar.NarClassLoaders Loaded NAR file: /opt/nifi/nifi-current/./work/nar/extensions/nifi-avro-nar-2.6.0.nar-unpacked as class loader org.apache.nifi.nar.NarClassLoader[./work/nar/extensions/nifi-avro-nar-2.6.0.nar-unpacked]
2025-10-12 08:26:48,590 INFO [main] org.apache.nifi.nar.NarClassLoaders Loaded NAR file: /opt/nifi/nifi-current/./work/nar/extensions/nifi-smb-smbj-client-nar-2.6.0.nar-unpacked as class loader org.apache.nifi.nar.NarClassLoader[./work/nar/extensions/nifi-smb-smbj-client-nar-2.6.0.nar-unpacked]
2025-10-12 08:26:48,592 INFO [main] org.apache.nifi.nar.NarClassLoaders Loaded NAR file: /opt/nifi/nifi-current/./work/nar/extensions/nifi-standard-content-viewer-nar-2.6.0.nar-unpacked as class loader org.apache.nifi.nar.NarClassLoader[./work/nar/extensions/nifi-standard-content-viewer-nar-2.6.0.nar-unpacked]
2025-10-12 08:26:48,595 INFO [main] org.apache.nifi.nar.NarClassLoaders Loaded NAR file: /opt/nifi/nifi-current/./work/nar/extensions/nifi-websocket-processors-nar-2.6.0.nar-unpacked as class loader org.apache.nifi.nar.NarClassLoader[./work/nar/extensions/nifi-websocket-processors-nar-2.6.0.nar-unpacked]
2025-10-12 08:26:48,602 INFO [main] org.apache.nifi.nar.NarClassLoaders Loaded NAR file: /opt/nifi/nifi-current/./work/nar/extensions/nifi-db-schema-registry-service-nar-2.6.0.nar-unpacked as class loader org.apache.nifi.nar.NarClassLoader[./work/nar/extensions/nifi-db-schema-registry-service-nar-2.6.0.nar-unpacked]
2025-10-12 08:26:48,606 INFO [main] org.apache.nifi.nar.NarClassLoaders Loaded NAR file: /opt/nifi/nifi-current/./work/nar/extensions/nifi-elasticsearch-restapi-nar-2.6.0.nar-unpacked as class loader org.apache.nifi.nar.NarClassLoader[./work/nar/extensions/nifi-elasticsearch-restapi-nar-2.6.0.nar-unpacked]
2025-10-12 08:26:48,613 INFO [main] org.apache.nifi.nar.NarClassLoaders Loaded NAR file: /opt/nifi/nifi-current/./work/nar/extensions/nifi-jms-processors-nar-2.6.0.nar-unpacked as class loader org.apache.nifi.nar.NarClassLoader[./work/nar/extensions/nifi-jms-processors-nar-2.6.0.nar-unpacked]
2025-10-12 08:26:48,621 INFO [main] org.apache.nifi.nar.NarClassLoaders Loaded NAR file: /opt/nifi/nifi-current/./work/nar/extensions/nifi-protobuf-services-nar-2.6.0.nar-unpacked as class loader org.apache.nifi.nar.NarClassLoader[./work/nar/extensions/nifi-protobuf-services-nar-2.6.0.nar-unpacked]
2025-10-12 08:26:48,644 INFO [main] org.apache.nifi.nar.NarClassLoaders Loaded NAR file: /opt/nifi/nifi-current/./work/nar/extensions/nifi-jslt-nar-2.6.0.nar-unpacked as class loader org.apache.nifi.nar.NarClassLoader[./work/nar/extensions/nifi-jslt-nar-2.6.0.nar-unpacked]
2025-10-12 08:26:48,648 INFO [main] org.apache.nifi.nar.NarClassLoaders Loaded NAR file: /opt/nifi/nifi-current/./work/nar/extensions/nifi-record-sink-service-nar-2.6.0.nar-unpacked as class loader org.apache.nifi.nar.NarClassLoader[./work/nar/extensions/nifi-record-sink-service-nar-2.6.0.nar-unpacked]
2025-10-12 08:26:48,654 INFO [main] org.apache.nifi.nar.NarClassLoaders Loaded NAR file: /opt/nifi/nifi-current/./work/nar/extensions/nifi-hubspot-nar-2.6.0.nar-unpacked as class loader org.apache.nifi.nar.NarClassLoader[./work/nar/extensions/nifi-hubspot-nar-2.6.0.nar-unpacked]
2025-10-12 08:26:48,661 INFO [main] org.apache.nifi.nar.NarClassLoaders Loaded NAR file: /opt/nifi/nifi-current/./work/nar/extensions/nifi-hashicorp-vault-client-service-api-nar-2.6.0.nar-unpacked as class loader org.apache.nifi.nar.NarClassLoader[./work/nar/extensions/nifi-hashicorp-vault-client-service-api-nar-2.6.0.nar-unpacked]
2025-10-12 08:26:48,666 INFO [main] org.apache.nifi.nar.NarClassLoaders Loaded NAR file: /opt/nifi/nifi-current/./work/nar/extensions/nifi-azure-services-api-nar-2.6.0.nar-unpacked as class loader org.apache.nifi.nar.NarClassLoader[./work/nar/extensions/nifi-azure-services-api-nar-2.6.0.nar-unpacked]
2025-10-12 08:26:48,715 INFO [main] org.apache.nifi.nar.NarClassLoaders Loaded NAR file: /opt/nifi/nifi-current/./work/nar/extensions/nifi-dropbox-services-api-nar-2.6.0.nar-unpacked as class loader org.apache.nifi.nar.NarClassLoader[./work/nar/extensions/nifi-dropbox-services-api-nar-2.6.0.nar-unpacked]
2025-10-12 08:26:48,722 INFO [main] org.apache.nifi.nar.NarClassLoaders Loaded NAR file: /opt/nifi/nifi-current/./work/nar/extensions/nifi-asana-processors-nar-2.6.0.nar-unpacked as class loader org.apache.nifi.nar.NarClassLoader[./work/nar/extensions/nifi-asana-processors-nar-2.6.0.nar-unpacked]
2025-10-12 08:26:48,734 INFO [main] org.apache.nifi.nar.NarClassLoaders Loaded NAR file: /opt/nifi/nifi-current/./work/nar/extensions/nifi-geohash-nar-2.6.0.nar-unpacked as class loader org.apache.nifi.nar.NarClassLoader[./work/nar/extensions/nifi-geohash-nar-2.6.0.nar-unpacked]
2025-10-12 08:26:48,739 INFO [main] org.apache.nifi.nar.NarClassLoaders Loaded NAR file: /opt/nifi/nifi-current/./work/nar/extensions/nifi-mongodb-nar-2.6.0.nar-unpacked as class loader org.apache.nifi.nar.NarClassLoader[./work/nar/extensions/nifi-mongodb-nar-2.6.0.nar-unpacked]
2025-10-12 08:26:48,744 INFO [main] org.apache.nifi.nar.NarClassLoaders Loaded NAR file: /opt/nifi/nifi-current/./work/nar/extensions/nifi-box-services-api-nar-2.6.0.nar-unpacked as class loader org.apache.nifi.nar.NarClassLoader[./work/nar/extensions/nifi-box-services-api-nar-2.6.0.nar-unpacked]
2025-10-12 08:26:48,758 INFO [main] org.apache.nifi.nar.NarClassLoaders Loaded NAR file: /opt/nifi/nifi-current/./work/nar/extensions/nifi-record-serialization-services-nar-2.6.0.nar-unpacked as class loader org.apache.nifi.nar.NarClassLoader[./work/nar/extensions/nifi-record-serialization-services-nar-2.6.0.nar-unpacked]
2025-10-12 08:26:48,772 INFO [main] org.apache.nifi.nar.NarClassLoaders Loaded NAR file: /opt/nifi/nifi-current/./work/nar/extensions/nifi-shopify-nar-2.6.0.nar-unpacked as class loader org.apache.nifi.nar.NarClassLoader[./work/nar/extensions/nifi-shopify-nar-2.6.0.nar-unpacked]
2025-10-12 08:26:48,778 INFO [main] org.apache.nifi.nar.NarClassLoaders Loaded NAR file: /opt/nifi/nifi-current/./work/nar/extensions/nifi-cipher-nar-2.6.0.nar-unpacked as class loader org.apache.nifi.nar.NarClassLoader[./work/nar/extensions/nifi-cipher-nar-2.6.0.nar-unpacked]
2025-10-12 08:26:48,781 INFO [main] org.apache.nifi.nar.NarClassLoaders Loaded NAR file: /opt/nifi/nifi-current/./work/nar/extensions/nifi-hashicorp-vault-nar-2.6.0.nar-unpacked as class loader org.apache.nifi.nar.NarClassLoader[./work/nar/extensions/nifi-hashicorp-vault-nar-2.6.0.nar-unpacked]
2025-10-12 08:26:48,796 INFO [main] org.apache.nifi.nar.NarClassLoaders Loaded NAR file: /opt/nifi/nifi-current/./work/nar/extensions/nifi-mqtt-nar-2.6.0.nar-unpacked as class loader org.apache.nifi.nar.NarClassLoader[./work/nar/extensions/nifi-mqtt-nar-2.6.0.nar-unpacked]
2025-10-12 08:26:48,807 INFO [main] org.apache.nifi.nar.NarClassLoaders Loaded NAR file: /opt/nifi/nifi-current/./work/nar/extensions/nifi-pgp-service-api-nar-2.6.0.nar-unpacked as class loader org.apache.nifi.nar.NarClassLoader[./work/nar/extensions/nifi-pgp-service-api-nar-2.6.0.nar-unpacked]
2025-10-12 08:26:48,815 INFO [main] org.apache.nifi.nar.NarClassLoaders Loaded NAR file: /opt/nifi/nifi-current/./work/nar/extensions/nifi-zendesk-services-nar-2.6.0.nar-unpacked as class loader org.apache.nifi.nar.NarClassLoader[./work/nar/extensions/nifi-zendesk-services-nar-2.6.0.nar-unpacked]
2025-10-12 08:26:48,828 INFO [main] org.apache.nifi.nar.NarClassLoaders Loaded NAR file: /opt/nifi/nifi-current/./work/nar/extensions/nifi-cdc-mysql-nar-2.6.0.nar-unpacked as class loader org.apache.nifi.nar.NarClassLoader[./work/nar/extensions/nifi-cdc-mysql-nar-2.6.0.nar-unpacked]
2025-10-12 08:26:48,835 INFO [main] org.apache.nifi.nar.NarClassLoaders Loaded NAR file: /opt/nifi/nifi-current/./work/nar/extensions/nifi-snmp-nar-2.6.0.nar-unpacked as class loader org.apache.nifi.nar.NarClassLoader[./work/nar/extensions/nifi-snmp-nar-2.6.0.nar-unpacked]
2025-10-12 08:26:48,841 INFO [main] org.apache.nifi.nar.NarClassLoaders Loaded NAR file: /opt/nifi/nifi-current/./work/nar/extensions/nifi-elasticsearch-client-service-nar-2.6.0.nar-unpacked as class loader org.apache.nifi.nar.NarClassLoader[./work/nar/extensions/nifi-elasticsearch-client-service-nar-2.6.0.nar-unpacked]
2025-10-12 08:26:48,855 INFO [main] org.apache.nifi.nar.NarClassLoaders Loaded NAR file: /opt/nifi/nifi-current/./work/nar/extensions/nifi-lookup-services-nar-2.6.0.nar-unpacked as class loader org.apache.nifi.nar.NarClassLoader[./work/nar/extensions/nifi-lookup-services-nar-2.6.0.nar-unpacked]
2025-10-12 08:26:48,882 INFO [main] org.apache.nifi.nar.NarClassLoaders Loaded NAR file: /opt/nifi/nifi-current/./work/nar/extensions/nifi-dropbox-processors-nar-2.6.0.nar-unpacked as class loader org.apache.nifi.nar.NarClassLoader[./work/nar/extensions/nifi-dropbox-processors-nar-2.6.0.nar-unpacked]
2025-10-12 08:26:48,896 INFO [main] org.apache.nifi.nar.NarClassLoaders Loaded NAR file: /opt/nifi/nifi-current/./work/nar/extensions/nifi-zendesk-nar-2.6.0.nar-unpacked as class loader org.apache.nifi.nar.NarClassLoader[./work/nar/extensions/nifi-zendesk-nar-2.6.0.nar-unpacked]
2025-10-12 08:26:48,900 INFO [main] org.apache.nifi.nar.NarClassLoaders Loaded NAR file: /opt/nifi/nifi-current/./work/nar/extensions/nifi-pgp-service-nar-2.6.0.nar-unpacked as class loader org.apache.nifi.nar.NarClassLoader[./work/nar/extensions/nifi-pgp-service-nar-2.6.0.nar-unpacked]
2025-10-12 08:26:48,938 INFO [main] org.apache.nifi.nar.NarClassLoaders Loaded NAR file: /opt/nifi/nifi-current/./work/nar/extensions/nifi-social-media-nar-2.6.0.nar-unpacked as class loader org.apache.nifi.nar.NarClassLoader[./work/nar/extensions/nifi-social-media-nar-2.6.0.nar-unpacked]
2025-10-12 08:26:48,947 INFO [main] org.apache.nifi.nar.NarClassLoaders Loaded NAR file: /opt/nifi/nifi-current/./work/nar/extensions/nifi-flow-registry-client-nar-2.6.0.nar-unpacked as class loader org.apache.nifi.nar.NarClassLoader[./work/nar/extensions/nifi-flow-registry-client-nar-2.6.0.nar-unpacked]
2025-10-12 08:26:48,980 INFO [main] org.apache.nifi.nar.NarClassLoaders Loaded NAR file: /opt/nifi/nifi-current/./work/nar/extensions/nifi-opentelemetry-nar-2.6.0.nar-unpacked as class loader org.apache.nifi.nar.NarClassLoader[./work/nar/extensions/nifi-opentelemetry-nar-2.6.0.nar-unpacked]
2025-10-12 08:26:49,007 INFO [main] org.apache.nifi.nar.NarClassLoaders Loaded NAR file: /opt/nifi/nifi-current/./work/nar/extensions/nifi-scripting-nar-2.6.0.nar-unpacked as class loader org.apache.nifi.nar.NarClassLoader[./work/nar/extensions/nifi-scripting-nar-2.6.0.nar-unpacked]
2025-10-12 08:26:49,084 INFO [main] org.apache.nifi.nar.NarClassLoaders Loaded NAR file: /opt/nifi/nifi-current/./work/nar/extensions/nifi-groovyx-nar-2.6.0.nar-unpacked as class loader org.apache.nifi.nar.NarClassLoader[./work/nar/extensions/nifi-groovyx-nar-2.6.0.nar-unpacked]
2025-10-12 08:26:49,116 INFO [main] org.apache.nifi.nar.NarClassLoaders Loaded NAR file: /opt/nifi/nifi-current/./work/nar/extensions/nifi-gcp-services-api-nar-2.6.0.nar-unpacked as class loader org.apache.nifi.nar.NarClassLoader[./work/nar/extensions/nifi-gcp-services-api-nar-2.6.0.nar-unpacked]
2025-10-12 08:26:49,135 INFO [main] org.apache.nifi.nar.NarClassLoaders Loaded NAR file: /opt/nifi/nifi-current/./work/nar/extensions/nifi-websocket-services-jetty-nar-2.6.0.nar-unpacked as class loader org.apache.nifi.nar.NarClassLoader[./work/nar/extensions/nifi-websocket-services-jetty-nar-2.6.0.nar-unpacked]
2025-10-12 08:26:49,151 INFO [main] org.apache.nifi.nar.NarClassLoaders Loaded NAR file: /opt/nifi/nifi-current/./work/nar/extensions/nifi-poi-nar-2.6.0.nar-unpacked as class loader org.apache.nifi.nar.NarClassLoader[./work/nar/extensions/nifi-poi-nar-2.6.0.nar-unpacked]
2025-10-12 08:26:49,174 INFO [main] org.apache.nifi.nar.NarClassLoaders Loaded NAR file: /opt/nifi/nifi-current/./work/nar/extensions/nifi-gitlab-nar-2.6.0.nar-unpacked as class loader org.apache.nifi.nar.NarClassLoader[./work/nar/extensions/nifi-gitlab-nar-2.6.0.nar-unpacked]
2025-10-12 08:26:49,203 INFO [main] org.apache.nifi.nar.NarClassLoaders Loaded NAR file: /opt/nifi/nifi-current/./work/nar/extensions/nifi-mongodb-services-nar-2.6.0.nar-unpacked as class loader org.apache.nifi.nar.NarClassLoader[./work/nar/extensions/nifi-mongodb-services-nar-2.6.0.nar-unpacked]
2025-10-12 08:26:49,211 INFO [main] org.apache.nifi.nar.NarClassLoaders Loaded NAR file: /opt/nifi/nifi-current/./work/nar/extensions/nifi-site-to-site-reporting-nar-2.6.0.nar-unpacked as class loader org.apache.nifi.nar.NarClassLoader[./work/nar/extensions/nifi-site-to-site-reporting-nar-2.6.0.nar-unpacked]
2025-10-12 08:26:49,220 INFO [main] org.apache.nifi.nar.NarClassLoaders Loaded NAR file: /opt/nifi/nifi-current/./work/nar/extensions/nifi-jolt-nar-2.6.0.nar-unpacked as class loader org.apache.nifi.nar.NarClassLoader[./work/nar/extensions/nifi-jolt-nar-2.6.0.nar-unpacked]
2025-10-12 08:26:49,224 INFO [main] org.apache.nifi.nar.NarClassLoaders Loaded NAR file: /opt/nifi/nifi-current/./work/nar/extensions/nifi-airtable-nar-2.6.0.nar-unpacked as class loader org.apache.nifi.nar.NarClassLoader[./work/nar/extensions/nifi-airtable-nar-2.6.0.nar-unpacked]
2025-10-12 08:26:49,230 INFO [main] org.apache.nifi.nar.NarClassLoaders Loaded NAR file: /opt/nifi/nifi-current/./work/nar/extensions/nifi-salesforce-nar-2.6.0.nar-unpacked as class loader org.apache.nifi.nar.NarClassLoader[./work/nar/extensions/nifi-salesforce-nar-2.6.0.nar-unpacked]
2025-10-12 08:26:49,237 INFO [main] org.apache.nifi.nar.NarClassLoaders Loaded NAR file: /opt/nifi/nifi-current/./work/nar/extensions/nifi-slack-nar-2.6.0.nar-unpacked as class loader org.apache.nifi.nar.NarClassLoader[./work/nar/extensions/nifi-slack-nar-2.6.0.nar-unpacked]
2025-10-12 08:26:49,253 INFO [main] org.apache.nifi.nar.NarClassLoaders Loaded NAR file: /opt/nifi/nifi-current/./work/nar/extensions/nifi-box-nar-2.6.0.nar-unpacked as class loader org.apache.nifi.nar.NarClassLoader[./work/nar/extensions/nifi-box-nar-2.6.0.nar-unpacked]
2025-10-12 08:26:49,263 INFO [main] org.apache.nifi.nar.NarClassLoaders Loaded NAR file: /opt/nifi/nifi-current/./work/nar/extensions/nifi-aws-service-api-nar-2.6.0.nar-unpacked as class loader org.apache.nifi.nar.NarClassLoader[./work/nar/extensions/nifi-aws-service-api-nar-2.6.0.nar-unpacked]
2025-10-12 08:26:49,286 INFO [main] org.apache.nifi.nar.NarClassLoaders Loaded NAR file: /opt/nifi/nifi-current/./work/nar/extensions/nifi-oauth2-provider-nar-2.6.0.nar-unpacked as class loader org.apache.nifi.nar.NarClassLoader[./work/nar/extensions/nifi-oauth2-provider-nar-2.6.0.nar-unpacked]
2025-10-12 08:26:49,299 INFO [main] org.apache.nifi.nar.NarClassLoaders Loaded NAR file: /opt/nifi/nifi-current/./work/nar/extensions/nifi-kafka-service-api-nar-2.6.0.nar-unpacked as class loader org.apache.nifi.nar.NarClassLoader[./work/nar/extensions/nifi-kafka-service-api-nar-2.6.0.nar-unpacked]
2025-10-12 08:26:49,313 INFO [main] org.apache.nifi.nar.NarClassLoaders Loaded NAR file: /opt/nifi/nifi-current/./work/nar/extensions/nifi-azure-nar-2.6.0.nar-unpacked as class loader org.apache.nifi.nar.NarClassLoader[./work/nar/extensions/nifi-azure-nar-2.6.0.nar-unpacked]
2025-10-12 08:26:49,394 INFO [main] org.apache.nifi.nar.NarClassLoaders Loaded NAR file: /opt/nifi/nifi-current/./work/nar/extensions/nifi-dropbox-services-nar-2.6.0.nar-unpacked as class loader org.apache.nifi.nar.NarClassLoader[./work/nar/extensions/nifi-dropbox-services-nar-2.6.0.nar-unpacked]
2025-10-12 08:26:49,397 INFO [main] org.apache.nifi.nar.NarClassLoaders Loaded NAR file: /opt/nifi/nifi-current/./work/nar/extensions/nifi-box-services-nar-2.6.0.nar-unpacked as class loader org.apache.nifi.nar.NarClassLoader[./work/nar/extensions/nifi-box-services-nar-2.6.0.nar-unpacked]
2025-10-12 08:26:49,403 INFO [main] org.apache.nifi.nar.NarClassLoaders Loaded NAR file: /opt/nifi/nifi-current/./work/nar/extensions/nifi-pgp-nar-2.6.0.nar-unpacked as class loader org.apache.nifi.nar.NarClassLoader[./work/nar/extensions/nifi-pgp-nar-2.6.0.nar-unpacked]
2025-10-12 08:26:49,414 INFO [main] org.apache.nifi.nar.NarClassLoaders Loaded NAR file: /opt/nifi/nifi-current/./work/nar/extensions/nifi-kafka-3-service-nar-2.6.0.nar-unpacked as class loader org.apache.nifi.nar.NarClassLoader[./work/nar/extensions/nifi-kafka-3-service-nar-2.6.0.nar-unpacked]
2025-10-12 08:26:49,428 INFO [main] org.apache.nifi.nar.NarClassLoaders Loaded NAR file: /opt/nifi/nifi-current/./work/nar/extensions/nifi-kafka-nar-2.6.0.nar-unpacked as class loader org.apache.nifi.nar.NarClassLoader[./work/nar/extensions/nifi-kafka-nar-2.6.0.nar-unpacked]
2025-10-12 08:26:49,437 INFO [main] org.apache.nifi.nar.NarClassLoaders Loaded NAR file: /opt/nifi/nifi-current/./work/nar/extensions/nifi-gcp-nar-2.6.0.nar-unpacked as class loader org.apache.nifi.nar.NarClassLoader[./work/nar/extensions/nifi-gcp-nar-2.6.0.nar-unpacked]
2025-10-12 08:26:49,480 INFO [main] org.apache.nifi.nar.NarClassLoaders Loaded NAR file: /opt/nifi/nifi-current/./work/nar/extensions/nifi-aws-nar-2.6.0.nar-unpacked as class loader org.apache.nifi.nar.NarClassLoader[./work/nar/extensions/nifi-aws-nar-2.6.0.nar-unpacked]
2025-10-12 08:26:49,576 INFO [main] org.apache.nifi.nar.NarClassLoaders Loaded NAR file: /opt/nifi/nifi-current/./work/nar/extensions/nifi-kafka-service-aws-nar-2.6.0.nar-unpacked as class loader org.apache.nifi.nar.NarClassLoader[./work/nar/extensions/nifi-kafka-service-aws-nar-2.6.0.nar-unpacked]
2025-10-12 08:26:49,599 INFO [main] org.apache.nifi.nar.NarClassLoaders Found NiFiServer implementation org.apache.nifi.web.server.JettyServer in org.apache.nifi:nifi-server-nar:2.6.0
2025-10-12 08:26:49,613 INFO [main] o.a.nifi.properties.NiFiPropertiesLoader Loading Application Properties [/opt/nifi/nifi-current/conf/nifi.properties]
2025-10-12 08:26:49,622 WARN [main] o.a.nifi.properties.NiFiPropertiesLoader Generating Random Sensitive Properties Key [nifi.sensitive.props.key]
2025-10-12 08:26:49,636 INFO [main] o.a.nifi.properties.NiFiPropertiesLoader NiFi Properties [/opt/nifi/nifi-current/conf/nifi.properties] updated with Sensitive Properties Key
2025-10-12 08:26:49,638 INFO [main] o.a.nifi.properties.NiFiPropertiesLoader Loading Application Properties [/opt/nifi/nifi-current/conf/nifi.properties]
2025-10-12 08:26:50,129 INFO [main] o.a.n.f.ssl.FrameworkKeyManagerBuilder Key Manager loaded from Key Store [./conf/keystore.p12]
2025-10-12 08:26:50,268 INFO [main] o.a.n.f.ssl.FrameworkTrustManagerBuilder Trust Manager loaded from Trust Store [./conf/truststore.p12]
2025-10-12 08:26:51,339 INFO [main] org.apache.nifi.web.server.JettyServer Loading WAR [/opt/nifi/nifi-current/./work/nar/extensions/nifi-standard-content-viewer-nar-2.6.0.nar-unpacked/NAR-INF/bundled-dependencies/nifi-standard-content-viewer-2.6.0.war] Context Path [/nifi-standard-content-viewer-2.6.0]
2025-10-12 08:26:51,345 INFO [main] org.apache.nifi.web.server.JettyServer Loading WAR [/opt/nifi/nifi-current/./work/nar/extensions/nifi-jolt-nar-2.6.0.nar-unpacked/NAR-INF/bundled-dependencies/nifi-jolt-transform-json-ui-2.6.0.war] Context Path [/nifi-jolt-transform-json-ui-2.6.0]
2025-10-12 08:26:51,345 INFO [main] org.apache.nifi.web.server.JettyServer Loading UI extension [ProcessorConfiguration, /nifi-jolt-transform-json-ui-2.6.0] for org.apache.nifi.processors.jolt.JoltTransformJSON:org.apache.nifi:nifi-jolt-nar:2.6.0
2025-10-12 08:26:51,349 INFO [main] org.apache.nifi.web.server.JettyServer Loading WAR [/opt/nifi/nifi-current/./work/nar/extensions/nifi-update-attribute-nar-2.6.0.nar-unpacked/NAR-INF/bundled-dependencies/nifi-update-attribute-ui-2.6.0.war] Context Path [/nifi-update-attribute-ui-2.6.0]
2025-10-12 08:26:51,350 INFO [main] org.apache.nifi.web.server.JettyServer Loading UI extension [ProcessorConfiguration, /nifi-update-attribute-ui-2.6.0] for org.apache.nifi.processors.attributes.UpdateAttribute:org.apache.nifi:nifi-update-attribute-nar:2.6.0
2025-10-12 08:26:51,359 INFO [main] org.apache.nifi.web.server.JettyServer Loading WAR [/opt/nifi/nifi-current/./work/nar/extensions/nifi-server-nar-2.6.0.nar-unpacked/NAR-INF/bundled-dependencies/nifi-ui-2.6.0.war] Context Path [/nifi]
2025-10-12 08:26:51,363 INFO [main] org.apache.nifi.web.server.JettyServer Loading WAR [/opt/nifi/nifi-current/./work/nar/extensions/nifi-server-nar-2.6.0.nar-unpacked/NAR-INF/bundled-dependencies/nifi-web-api-2.6.0.war] Context Path [/nifi-api]
2025-10-12 08:26:51,376 INFO [main] org.apache.nifi.web.server.JettyServer Loading Docs [/opt/nifi/nifi-current/docs] Context Path [/nifi-api]
2025-10-12 08:26:51,403 INFO [main] o.a.n.n.StandardExtensionDiscoveringManager Loaded extensions for org.apache.nifi:nifi-jetty-nar:2.6.0 in 1 millis
2025-10-12 08:26:51,412 INFO [main] o.a.n.n.StandardExtensionDiscoveringManager Loaded extensions for org.apache.nifi:nifi-framework-nar:2.6.0 in 7 millis
2025-10-12 08:26:51,416 INFO [main] o.a.n.n.StandardExtensionDiscoveringManager Loaded extensions for org.apache.nifi:nifi-compress-nar:2.6.0 in 2 millis
2025-10-12 08:26:51,418 INFO [main] o.a.n.n.StandardExtensionDiscoveringManager Loaded extensions for org.apache.nifi:nifi-update-attribute-nar:2.6.0 in 1 millis
2025-10-12 08:26:51,421 INFO [main] o.a.n.n.StandardExtensionDiscoveringManager Loaded extensions for org.apache.nifi:nifi-evtx-nar:2.6.0 in 2 millis
2025-10-12 08:26:51,425 INFO [main] o.a.n.n.StandardExtensionDiscoveringManager Loaded extensions for org.apache.nifi:nifi-standard-services-api-nar:2.6.0 in 2 millis
2025-10-12 08:26:51,428 INFO [main] o.a.n.n.StandardExtensionDiscoveringManager Loaded extensions for org.apache.nifi:nifi-proxy-configuration-nar:2.6.0 in 2 millis
2025-10-12 08:26:51,434 INFO [main] o.a.n.n.StandardExtensionDiscoveringManager Loaded extensions for org.apache.nifi:nifi-framework-kubernetes-nar:2.6.0 in 5 millis
2025-10-12 08:26:51,437 INFO [main] o.a.n.n.StandardExtensionDiscoveringManager Loaded extensions for org.apache.nifi:nifi-windows-event-log-nar:2.6.0 in 2 millis
2025-10-12 08:26:51,440 INFO [main] o.a.n.n.StandardExtensionDiscoveringManager Loaded extensions for org.apache.nifi:nifi-hazelcast-services-api-nar:2.6.0 in 2 millis
2025-10-12 08:26:51,441 INFO [main] o.a.n.n.StandardExtensionDiscoveringManager Loaded extensions for org.apache.nifi:nifi-single-user-iaa-providers-nar:2.6.0 in 1 millis
2025-10-12 08:26:51,444 INFO [main] o.a.n.n.StandardExtensionDiscoveringManager Loaded extensions for org.apache.nifi:nifi-asana-services-api-nar:2.6.0 in 2 millis
2025-10-12 08:26:51,446 INFO [main] o.a.n.n.StandardExtensionDiscoveringManager Loaded extensions for org.apache.nifi:nifi-email-nar:2.6.0 in 1 millis
2025-10-12 08:26:51,454 INFO [main] o.a.n.n.StandardExtensionDiscoveringManager Loaded extensions for org.apache.nifi:nifi-dbcp-service-nar:2.6.0 in 3 millis
2025-10-12 08:26:51,459 INFO [main] o.a.n.n.StandardExtensionDiscoveringManager Loaded extensions for org.apache.nifi:nifi-hl7-nar:2.6.0 in 3 millis
2025-10-12 08:26:51,462 INFO [main] o.a.n.n.StandardExtensionDiscoveringManager Loaded extensions for org.apache.nifi:nifi-stateful-analysis-nar:2.6.0 in 2 millis
2025-10-12 08:26:51,465 INFO [main] o.a.n.n.StandardExtensionDiscoveringManager Loaded extensions for org.apache.nifi:nifi-workday-processors-nar:2.6.0 in 3 millis
2025-10-12 08:26:51,467 INFO [main] o.a.n.n.StandardExtensionDiscoveringManager Loaded extensions for org.apache.nifi:nifi-ldap-iaa-providers-nar:2.6.0 in 2 millis
2025-10-12 08:26:51,472 INFO [main] o.a.n.n.StandardExtensionDiscoveringManager Loaded extensions for org.apache.nifi:nifi-distributed-cache-services-nar:2.6.0 in 4 millis
2025-10-12 08:26:51,478 INFO [main] o.a.n.n.StandardExtensionDiscoveringManager Loaded extensions for org.apache.nifi:nifi-asana-services-nar:2.6.0 in 5 millis
2025-10-12 08:26:51,481 INFO [main] o.a.n.n.StandardExtensionDiscoveringManager Loaded extensions for org.apache.nifi:nifi-kerberos-iaa-providers-nar:2.6.0 in 2 millis
2025-10-12 08:26:51,487 INFO [main] o.a.n.n.StandardExtensionDiscoveringManager Loaded extensions for org.apache.nifi:nifi-framework-zookeeper-nar:2.6.0 in 5 millis
2025-10-12 08:26:51,493 INFO [main] o.a.n.n.StandardExtensionDiscoveringManager Loaded extensions for org.apache.nifi:nifi-server-nar:2.6.0 in 4 millis
2025-10-12 08:26:51,496 INFO [main] o.a.n.n.StandardExtensionDiscoveringManager Loaded extensions for org.apache.nifi:nifi-websocket-services-api-nar:2.6.0 in 2 millis
2025-10-12 08:26:51,498 INFO [main] o.a.n.n.StandardExtensionDiscoveringManager Loaded extensions for org.apache.nifi:nifi-standard-shared-nar:2.6.0 in 1 millis
2025-10-12 08:26:51,504 INFO [main] o.a.n.n.StandardExtensionDiscoveringManager Loaded extensions for org.apache.nifi:nifi-smb-client-api-nar:2.6.0 in 2 millis
2025-10-12 08:26:51,507 INFO [main] o.a.n.n.StandardExtensionDiscoveringManager Loaded extensions for org.apache.nifi:nifi-provenance-repository-nar:2.6.0 in 2 millis
2025-10-12 08:26:51,513 INFO [main] o.a.n.n.StandardExtensionDiscoveringManager Loaded extensions for org.apache.nifi:nifi-splunk-nar:2.6.0 in 3 millis
2025-10-12 08:26:51,516 INFO [main] o.a.n.n.StandardExtensionDiscoveringManager Loaded extensions for org.apache.nifi:nifi-file-resource-service-nar:2.6.0 in 2 millis
2025-10-12 08:26:51,521 INFO [main] o.a.n.n.StandardExtensionDiscoveringManager Loaded extensions for org.apache.nifi:nifi-redis-service-api-nar:2.6.0 in 4 millis
2025-10-12 08:26:51,525 INFO [main] o.a.n.n.StandardExtensionDiscoveringManager Loaded extensions for org.apache.nifi:nifi-registry-nar:2.6.0 in 3 millis
2025-10-12 08:26:51,528 INFO [main] o.a.n.n.StandardExtensionDiscoveringManager Loaded extensions for org.apache.nifi:nifi-ssl-context-service-nar:2.6.0 in 3 millis
2025-10-12 08:26:51,535 INFO [main] o.a.n.n.StandardExtensionDiscoveringManager Loaded extensions for org.apache.nifi:nifi-smb-nar:2.6.0 in 5 millis
2025-10-12 08:26:51,537 INFO [main] o.a.n.n.StandardExtensionDiscoveringManager Loaded extensions for org.apache.nifi:nifi-kerberos-user-service-nar:2.6.0 in 2 millis
2025-10-12 08:26:51,541 INFO [main] o.a.n.n.StandardExtensionDiscoveringManager Loaded extensions for org.apache.nifi:nifi-py4j-nar:2.6.0 in 3 millis
2025-10-12 08:26:51,545 INFO [main] o.a.n.n.StandardExtensionDiscoveringManager Loaded extensions for org.apache.nifi:nifi-hazelcast-services-nar:2.6.0 in 2 millis
2025-10-12 08:26:51,551 INFO [main] o.a.n.n.StandardExtensionDiscoveringManager Loaded extensions for org.apache.nifi:nifi-standard-nar:2.6.0 in 6 millis
2025-10-12 08:26:51,555 INFO [main] o.a.n.n.StandardExtensionDiscoveringManager Loaded extensions for org.apache.nifi:nifi-amqp-nar:2.6.0 in 3 millis
2025-10-12 08:26:51,558 INFO [main] o.a.n.n.StandardExtensionDiscoveringManager Loaded extensions for org.apache.nifi:nifi-enrich-nar:2.6.0 in 2 millis
2025-10-12 08:26:51,562 INFO [main] o.a.n.n.StandardExtensionDiscoveringManager Loaded extensions for org.apache.nifi:nifi-atlassian-nar:2.6.0 in 2 millis
2025-10-12 08:26:51,564 INFO [main] o.a.n.n.StandardExtensionDiscoveringManager Loaded extensions for org.apache.nifi:nifi-apicurio-nar:2.6.0 in 2 millis
2025-10-12 08:26:51,570 INFO [main] o.a.n.n.StandardExtensionDiscoveringManager Loaded extensions for org.apache.nifi:nifi-jms-cf-service-nar:2.6.0 in 1 millis
2025-10-12 08:26:51,577 INFO [main] o.a.n.n.StandardExtensionDiscoveringManager Loaded extensions for org.apache.nifi:nifi-elasticsearch-client-service-api-nar:2.6.0 in 1 millis
2025-10-12 08:26:51,581 INFO [main] o.a.n.n.StandardExtensionDiscoveringManager Loaded extensions for org.apache.nifi:nifi-key-service-nar:2.6.0 in 2 millis
2025-10-12 08:26:51,584 INFO [main] o.a.n.n.StandardExtensionDiscoveringManager Loaded extensions for org.apache.nifi:nifi-mongodb-client-service-api-nar:2.6.0 in 2 millis
2025-10-12 08:26:51,588 INFO [main] o.a.n.n.StandardExtensionDiscoveringManager Loaded extensions for org.apache.nifi:nifi-redis-nar:2.6.0 in 3 millis
2025-10-12 08:26:51,592 INFO [main] o.a.n.n.StandardExtensionDiscoveringManager Loaded extensions for org.apache.nifi:nifi-database-dialect-service-nar:2.6.0 in 2 millis
2025-10-12 08:26:51,598 INFO [main] o.a.n.n.StandardExtensionDiscoveringManager Loaded extensions for org.apache.nifi:nifi-confluent-platform-nar:2.6.0 in 4 millis
2025-10-12 08:26:51,602 INFO [main] o.a.n.n.StandardExtensionDiscoveringManager Loaded extensions for org.apache.nifi:nifi-network-processors-nar:2.6.0 in 2 millis
2025-10-12 08:26:51,604 INFO [main] o.a.n.n.StandardExtensionDiscoveringManager Loaded extensions for org.apache.nifi:nifi-http-context-map-nar:2.6.0 in 1 millis
2025-10-12 08:26:51,607 INFO [main] o.a.n.n.StandardExtensionDiscoveringManager Loaded extensions for org.apache.nifi:nifi-github-nar:2.6.0 in 2 millis
2025-10-12 08:26:51,612 INFO [main] o.a.n.n.StandardExtensionDiscoveringManager Loaded extensions for org.apache.nifi:nifi-web-client-provider-service-nar:2.6.0 in 4 millis
2025-10-12 08:26:51,616 INFO [main] o.a.n.n.StandardExtensionDiscoveringManager Loaded extensions for org.apache.nifi:nifi-avro-nar:2.6.0 in 4 millis
2025-10-12 08:26:51,620 INFO [main] o.a.n.n.StandardExtensionDiscoveringManager Loaded extensions for org.apache.nifi:nifi-smb-smbj-client-nar:2.6.0 in 3 millis
2025-10-12 08:26:51,623 INFO [main] o.a.n.n.StandardExtensionDiscoveringManager Loaded extensions for org.apache.nifi:nifi-standard-content-viewer-nar:2.6.0 in 2 millis
2025-10-12 08:26:51,626 INFO [main] o.a.n.n.StandardExtensionDiscoveringManager Loaded extensions for org.apache.nifi:nifi-websocket-processors-nar:2.6.0 in 1 millis
2025-10-12 08:26:51,631 INFO [main] o.a.n.n.StandardExtensionDiscoveringManager Loaded extensions for org.apache.nifi:nifi-db-schema-registry-service-nar:2.6.0 in 3 millis
2025-10-12 08:26:51,634 INFO [main] o.a.n.n.StandardExtensionDiscoveringManager Loaded extensions for org.apache.nifi:nifi-elasticsearch-restapi-nar:2.6.0 in 2 millis
2025-10-12 08:26:51,640 INFO [main] o.a.n.n.StandardExtensionDiscoveringManager Loaded extensions for org.apache.nifi:nifi-jms-processors-nar:2.6.0 in 5 millis
2025-10-12 08:26:51,646 INFO [main] o.a.n.n.StandardExtensionDiscoveringManager Loaded extensions for org.apache.nifi:nifi-protobuf-services-nar:2.6.0 in 4 millis
2025-10-12 08:26:51,651 INFO [main] o.a.n.n.StandardExtensionDiscoveringManager Loaded extensions for org.apache.nifi:nifi-jslt-nar:2.6.0 in 3 millis
2025-10-12 08:26:51,655 INFO [main] o.a.n.n.StandardExtensionDiscoveringManager Loaded extensions for org.apache.nifi:nifi-record-sink-service-nar:2.6.0 in 3 millis
2025-10-12 08:26:51,658 INFO [main] o.a.n.n.StandardExtensionDiscoveringManager Loaded extensions for org.apache.nifi:nifi-hubspot-nar:2.6.0 in 2 millis
2025-10-12 08:26:51,661 INFO [main] o.a.n.n.StandardExtensionDiscoveringManager Loaded extensions for org.apache.nifi:nifi-hashicorp-vault-client-service-api-nar:2.6.0 in 2 millis
2025-10-12 08:26:51,664 INFO [main] o.a.n.n.StandardExtensionDiscoveringManager Loaded extensions for org.apache.nifi:nifi-azure-services-api-nar:2.6.0 in 2 millis
2025-10-12 08:26:51,667 INFO [main] o.a.n.n.StandardExtensionDiscoveringManager Loaded extensions for org.apache.nifi:nifi-dropbox-services-api-nar:2.6.0 in 1 millis
2025-10-12 08:26:51,671 INFO [main] o.a.n.n.StandardExtensionDiscoveringManager Loaded extensions for org.apache.nifi:nifi-asana-processors-nar:2.6.0 in 2 millis
2025-10-12 08:26:51,677 INFO [main] o.a.n.n.StandardExtensionDiscoveringManager Loaded extensions for org.apache.nifi:nifi-geohash-nar:2.6.0 in 2 millis
2025-10-12 08:26:51,682 INFO [main] o.a.n.n.StandardExtensionDiscoveringManager Loaded extensions for org.apache.nifi:nifi-mongodb-nar:2.6.0 in 4 millis
2025-10-12 08:26:51,684 INFO [main] o.a.n.n.StandardExtensionDiscoveringManager Loaded extensions for org.apache.nifi:nifi-box-services-api-nar:2.6.0 in 2 millis
2025-10-12 08:26:51,688 INFO [main] o.a.n.n.StandardExtensionDiscoveringManager Loaded extensions for org.apache.nifi:nifi-record-serialization-services-nar:2.6.0 in 2 millis
2025-10-12 08:26:51,691 INFO [main] o.a.n.n.StandardExtensionDiscoveringManager Loaded extensions for org.apache.nifi:nifi-shopify-nar:2.6.0 in 2 millis
2025-10-12 08:26:51,695 INFO [main] o.a.n.n.StandardExtensionDiscoveringManager Loaded extensions for org.apache.nifi:nifi-cipher-nar:2.6.0 in 3 millis
2025-10-12 08:26:51,703 INFO [main] o.a.n.n.StandardExtensionDiscoveringManager Loaded extensions for org.apache.nifi:nifi-hashicorp-vault-nar:2.6.0 in 4 millis
2025-10-12 08:26:51,706 INFO [main] o.a.n.n.StandardExtensionDiscoveringManager Loaded extensions for org.apache.nifi:nifi-mqtt-nar:2.6.0 in 2 millis
2025-10-12 08:26:51,709 INFO [main] o.a.n.n.StandardExtensionDiscoveringManager Loaded extensions for org.apache.nifi:nifi-pgp-service-api-nar:2.6.0 in 2 millis
2025-10-12 08:26:51,712 INFO [main] o.a.n.n.StandardExtensionDiscoveringManager Loaded extensions for org.apache.nifi:nifi-zendesk-services-nar:2.6.0 in 2 millis
2025-10-12 08:26:51,718 INFO [main] o.a.n.n.StandardExtensionDiscoveringManager Loaded extensions for org.apache.nifi:nifi-cdc-mysql-nar:2.6.0 in 1 millis
2025-10-12 08:26:51,723 INFO [main] o.a.n.n.StandardExtensionDiscoveringManager Loaded extensions for org.apache.nifi:nifi-snmp-nar:2.6.0 in 2 millis
2025-10-12 08:26:51,726 INFO [main] o.a.n.n.StandardExtensionDiscoveringManager Loaded extensions for org.apache.nifi:nifi-elasticsearch-client-service-nar:2.6.0 in 2 millis
2025-10-12 08:26:51,730 INFO [main] o.a.n.n.StandardExtensionDiscoveringManager Loaded extensions for org.apache.nifi:nifi-lookup-services-nar:2.6.0 in 3 millis
2025-10-12 08:26:51,736 INFO [main] o.a.n.n.StandardExtensionDiscoveringManager Loaded extensions for org.apache.nifi:nifi-dropbox-processors-nar:2.6.0 in 4 millis
2025-10-12 08:26:51,742 INFO [main] o.a.n.n.StandardExtensionDiscoveringManager Loaded extensions for org.apache.nifi:nifi-zendesk-nar:2.6.0 in 3 millis
2025-10-12 08:26:51,747 INFO [main] o.a.n.n.StandardExtensionDiscoveringManager Loaded extensions for org.apache.nifi:nifi-pgp-service-nar:2.6.0 in 3 millis
2025-10-12 08:26:51,751 INFO [main] o.a.n.n.StandardExtensionDiscoveringManager Loaded extensions for org.apache.nifi:nifi-social-media-nar:2.6.0 in 3 millis
2025-10-12 08:26:51,755 INFO [main] o.a.n.n.StandardExtensionDiscoveringManager Loaded extensions for org.apache.nifi:nifi-flow-registry-client-nar:2.6.0 in 3 millis
2025-10-12 08:26:51,759 INFO [main] o.a.n.n.StandardExtensionDiscoveringManager Loaded extensions for org.apache.nifi:nifi-opentelemetry-nar:2.6.0 in 3 millis
2025-10-12 08:26:51,766 INFO [main] o.a.n.n.StandardExtensionDiscoveringManager Loaded extensions for org.apache.nifi:nifi-scripting-nar:2.6.0 in 3 millis
2025-10-12 08:26:51,774 INFO [main] o.a.n.n.StandardExtensionDiscoveringManager Loaded extensions for org.apache.nifi:nifi-groovyx-nar:2.6.0 in 6 millis
2025-10-12 08:26:51,778 INFO [main] o.a.n.n.StandardExtensionDiscoveringManager Loaded extensions for org.apache.nifi:nifi-gcp-services-api-nar:2.6.0 in 2 millis
2025-10-12 08:26:51,782 INFO [main] o.a.n.n.StandardExtensionDiscoveringManager Loaded extensions for org.apache.nifi:nifi-websocket-services-jetty-nar:2.6.0 in 3 millis
2025-10-12 08:26:51,786 INFO [main] o.a.n.n.StandardExtensionDiscoveringManager Loaded extensions for org.apache.nifi:nifi-poi-nar:2.6.0 in 3 millis
2025-10-12 08:26:51,841 INFO [main] o.a.n.n.StandardExtensionDiscoveringManager Loaded extensions for org.apache.nifi:nifi-gitlab-nar:2.6.0 in 52 millis
2025-10-12 08:26:51,843 INFO [main] o.a.n.n.StandardExtensionDiscoveringManager Loaded extensions for org.apache.nifi:nifi-mongodb-services-nar:2.6.0 in 2 millis
2025-10-12 08:26:51,847 INFO [main] o.a.n.n.StandardExtensionDiscoveringManager Loaded extensions for org.apache.nifi:nifi-site-to-site-reporting-nar:2.6.0 in 2 millis
2025-10-12 08:26:51,850 INFO [main] o.a.n.n.StandardExtensionDiscoveringManager Loaded extensions for org.apache.nifi:nifi-jolt-nar:2.6.0 in 2 millis
2025-10-12 08:26:51,855 INFO [main] o.a.n.n.StandardExtensionDiscoveringManager Loaded extensions for org.apache.nifi:nifi-airtable-nar:2.6.0 in 2 millis
2025-10-12 08:26:51,859 INFO [main] o.a.n.n.StandardExtensionDiscoveringManager Loaded extensions for org.apache.nifi:nifi-salesforce-nar:2.6.0 in 1 millis
2025-10-12 08:26:51,862 INFO [main] o.a.n.n.StandardExtensionDiscoveringManager Loaded extensions for org.apache.nifi:nifi-slack-nar:2.6.0 in 1 millis
2025-10-12 08:26:51,866 INFO [main] o.a.n.n.StandardExtensionDiscoveringManager Loaded extensions for org.apache.nifi:nifi-box-nar:2.6.0 in 2 millis
2025-10-12 08:26:51,870 INFO [main] o.a.n.n.StandardExtensionDiscoveringManager Loaded extensions for org.apache.nifi:nifi-aws-service-api-nar:2.6.0 in 2 millis
2025-10-12 08:26:51,876 INFO [main] o.a.n.n.StandardExtensionDiscoveringManager Loaded extensions for org.apache.nifi:nifi-oauth2-provider-nar:2.6.0 in 1 millis
2025-10-12 08:26:51,880 INFO [main] o.a.n.n.StandardExtensionDiscoveringManager Loaded extensions for org.apache.nifi:nifi-kafka-service-api-nar:2.6.0 in 3 millis
2025-10-12 08:26:51,890 INFO [main] o.a.n.n.StandardExtensionDiscoveringManager Loaded extensions for org.apache.nifi:nifi-azure-nar:2.6.0 in 7 millis
2025-10-12 08:26:51,896 INFO [main] o.a.n.n.StandardExtensionDiscoveringManager Loaded extensions for org.apache.nifi:nifi-dropbox-services-nar:2.6.0 in 5 millis
2025-10-12 08:26:51,901 INFO [main] o.a.n.n.StandardExtensionDiscoveringManager Loaded extensions for org.apache.nifi:nifi-box-services-nar:2.6.0 in 3 millis
2025-10-12 08:26:51,904 INFO [main] o.a.n.n.StandardExtensionDiscoveringManager Loaded extensions for org.apache.nifi:nifi-pgp-nar:2.6.0 in 2 millis
2025-10-12 08:26:51,908 INFO [main] o.a.n.n.StandardExtensionDiscoveringManager Loaded extensions for org.apache.nifi:nifi-kafka-3-service-nar:2.6.0 in 2 millis
2025-10-12 08:26:51,911 INFO [main] o.a.n.n.StandardExtensionDiscoveringManager Loaded extensions for org.apache.nifi:nifi-kafka-nar:2.6.0 in 2 millis
2025-10-12 08:26:51,915 INFO [main] o.a.n.n.StandardExtensionDiscoveringManager Loaded extensions for org.apache.nifi:nifi-gcp-nar:2.6.0 in 3 millis
2025-10-12 08:26:51,919 INFO [main] o.a.n.n.StandardExtensionDiscoveringManager Loaded extensions for org.apache.nifi:nifi-aws-nar:2.6.0 in 3 millis
2025-10-12 08:26:51,923 INFO [main] o.a.n.n.StandardExtensionDiscoveringManager Loaded extensions for org.apache.nifi:nifi-kafka-service-aws-nar:2.6.0 in 3 millis
2025-10-12 08:26:51,924 INFO [main] o.a.n.n.StandardExtensionDiscoveringManager Extension Type Mapping to Bundle:
	=== AccessPolicyProvider Type ===
	org.apache.nifi.authorization.FileAccessPolicyProvider
		org.apache.nifi:nifi-framework-nar:2.6.0 || ./work/nar/framework/nifi-framework-nar-2.6.0.nar-unpacked
	=== End AccessPolicyProvider types ===
	=== StatusHistoryRepository Type ===
	org.apache.nifi.controller.status.history.VolatileComponentStatusRepository
		org.apache.nifi:nifi-framework-nar:2.6.0 || ./work/nar/framework/nifi-framework-nar-2.6.0.nar-unpacked
	=== End StatusHistoryRepository types ===
	=== FlowFileSwapManager Type ===
	org.apache.nifi.controller.FileSystemSwapManager
		org.apache.nifi:nifi-framework-nar:2.6.0 || ./work/nar/framework/nifi-framework-nar-2.6.0.nar-unpacked
	=== End FlowFileSwapManager types ===
	=== FlowRegistryClient Type ===
	org.apache.nifi.github.GitHubFlowRegistryClient
		org.apache.nifi:nifi-github-nar:2.6.0 || ./work/nar/extensions/nifi-github-nar-2.6.0.nar-unpacked
	org.apache.nifi.gitlab.GitLabFlowRegistryClient
		org.apache.nifi:nifi-gitlab-nar:2.6.0 || ./work/nar/extensions/nifi-gitlab-nar-2.6.0.nar-unpacked
	org.apache.nifi.atlassian.bitbucket.BitbucketFlowRegistryClient
		org.apache.nifi:nifi-atlassian-nar:2.6.0 || ./work/nar/extensions/nifi-atlassian-nar-2.6.0.nar-unpacked
	org.apache.nifi.azure.devops.AzureDevOpsFlowRegistryClient
		org.apache.nifi:nifi-azure-nar:2.6.0 || ./work/nar/extensions/nifi-azure-nar-2.6.0.nar-unpacked
	org.apache.nifi.registry.flow.NifiRegistryFlowRegistryClient
		org.apache.nifi:nifi-flow-registry-client-nar:2.6.0 || ./work/nar/extensions/nifi-flow-registry-client-nar-2.6.0.nar-unpacked
	=== End FlowRegistryClient types ===
	=== FlowActionReporter Type ===
	=== End FlowActionReporter types ===
	=== Authorizer Type ===
	org.apache.nifi.authorization.StandardManagedAuthorizer
		org.apache.nifi:nifi-framework-nar:2.6.0 || ./work/nar/framework/nifi-framework-nar-2.6.0.nar-unpacked
	org.apache.nifi.authorization.single.user.SingleUserAuthorizer
		org.apache.nifi:nifi-single-user-iaa-providers-nar:2.6.0 || ./work/nar/extensions/nifi-single-user-iaa-providers-nar-2.6.0.nar-unpacked
	=== End Authorizer types ===
	=== AssetManager Type ===
	org.apache.nifi.asset.StandardAssetManager
		org.apache.nifi:nifi-framework-nar:2.6.0 || ./work/nar/framework/nifi-framework-nar-2.6.0.nar-unpacked
	=== End AssetManager types ===
	=== UserGroupProvider Type ===
	org.apache.nifi.ldap.tenants.LdapUserGroupProvider
		org.apache.nifi:nifi-ldap-iaa-providers-nar:2.6.0 || ./work/nar/extensions/nifi-ldap-iaa-providers-nar-2.6.0.nar-unpacked
	org.apache.nifi.authorization.CompositeUserGroupProvider
		org.apache.nifi:nifi-framework-nar:2.6.0 || ./work/nar/framework/nifi-framework-nar-2.6.0.nar-unpacked
	org.apache.nifi.authorization.FileUserGroupProvider
		org.apache.nifi:nifi-framework-nar:2.6.0 || ./work/nar/framework/nifi-framework-nar-2.6.0.nar-unpacked
	org.apache.nifi.authorization.CompositeConfigurableUserGroupProvider
		org.apache.nifi:nifi-framework-nar:2.6.0 || ./work/nar/framework/nifi-framework-nar-2.6.0.nar-unpacked
	org.apache.nifi.authorization.azure.AzureGraphUserGroupProvider
		org.apache.nifi:nifi-azure-nar:2.6.0 || ./work/nar/extensions/nifi-azure-nar-2.6.0.nar-unpacked
	=== End UserGroupProvider types ===
	=== ControllerService Type ===
	org.apache.nifi.lookup.ReaderLookup
		org.apache.nifi:nifi-record-serialization-services-nar:2.6.0 || ./work/nar/extensions/nifi-record-serialization-services-nar-2.6.0.nar-unpacked
	org.apache.nifi.distributed.cache.client.SetCacheClientService
		org.apache.nifi:nifi-distributed-cache-services-nar:2.6.0 || ./work/nar/extensions/nifi-distributed-cache-services-nar-2.6.0.nar-unpacked
	org.apache.nifi.excel.ExcelReader
		org.apache.nifi:nifi-poi-nar:2.6.0 || ./work/nar/extensions/nifi-poi-nar-2.6.0.nar-unpacked
	org.apache.nifi.services.azure.storage.ADLSCredentialsControllerService
		org.apache.nifi:nifi-azure-nar:2.6.0 || ./work/nar/extensions/nifi-azure-nar-2.6.0.nar-unpacked
	org.apache.nifi.pgp.service.standard.StandardPGPPublicKeyService
		org.apache.nifi:nifi-pgp-service-nar:2.6.0 || ./work/nar/extensions/nifi-pgp-service-nar-2.6.0.nar-unpacked
	org.apache.nifi.services.azure.StandardAzureCredentialsControllerService
		org.apache.nifi:nifi-azure-nar:2.6.0 || ./work/nar/extensions/nifi-azure-nar-2.6.0.nar-unpacked
	org.apache.nifi.processors.aws.s3.service.S3FileResourceService
		org.apache.nifi:nifi-aws-nar:2.6.0 || ./work/nar/extensions/nifi-aws-nar-2.6.0.nar-unpacked
	org.apache.nifi.record.sink.EmailRecordSink
		org.apache.nifi:nifi-record-sink-service-nar:2.6.0 || ./work/nar/extensions/nifi-record-sink-service-nar-2.6.0.nar-unpacked
	org.apache.nifi.yaml.YamlTreeReader
		org.apache.nifi:nifi-record-serialization-services-nar:2.6.0 || ./work/nar/extensions/nifi-record-serialization-services-nar-2.6.0.nar-unpacked
	org.apache.nifi.http.StandardHttpContextMap
		org.apache.nifi:nifi-http-context-map-nar:2.6.0 || ./work/nar/extensions/nifi-http-context-map-nar-2.6.0.nar-unpacked
	org.apache.nifi.windowsevent.WindowsEventLogReader
		org.apache.nifi:nifi-record-serialization-services-nar:2.6.0 || ./work/nar/extensions/nifi-record-serialization-services-nar-2.6.0.nar-unpacked
	org.apache.nifi.elasticsearch.ElasticSearchStringLookupService
		org.apache.nifi:nifi-elasticsearch-client-service-nar:2.6.0 || ./work/nar/extensions/nifi-elasticsearch-client-service-nar-2.6.0.nar-unpacked
	org.apache.nifi.ssl.StandardRestrictedSSLContextService
		org.apache.nifi:nifi-ssl-context-service-nar:2.6.0 || ./work/nar/extensions/nifi-ssl-context-service-nar-2.6.0.nar-unpacked
	org.apache.nifi.avro.AvroRecordSetWriter
		org.apache.nifi:nifi-record-serialization-services-nar:2.6.0 || ./work/nar/extensions/nifi-record-serialization-services-nar-2.6.0.nar-unpacked
	org.apache.nifi.confluent.schemaregistry.ConfluentSchemaRegistry
		org.apache.nifi:nifi-confluent-platform-nar:2.6.0 || ./work/nar/extensions/nifi-confluent-platform-nar-2.6.0.nar-unpacked
	org.apache.nifi.dbcp.DBCPConnectionPoolLookup
		org.apache.nifi:nifi-dbcp-service-nar:2.6.0 || ./work/nar/extensions/nifi-dbcp-service-nar-2.6.0.nar-unpacked
	org.apache.nifi.syslog.SyslogReader
		org.apache.nifi:nifi-record-serialization-services-nar:2.6.0 || ./work/nar/extensions/nifi-record-serialization-services-nar-2.6.0.nar-unpacked
	org.apache.nifi.jms.cf.JndiJmsConnectionFactoryProvider
		org.apache.nifi:nifi-jms-processors-nar:2.6.0 || ./work/nar/extensions/nifi-jms-processors-nar-2.6.0.nar-unpacked
	org.apache.nifi.lookup.db.SimpleDatabaseLookupService
		org.apache.nifi:nifi-lookup-services-nar:2.6.0 || ./work/nar/extensions/nifi-lookup-services-nar-2.6.0.nar-unpacked
	org.apache.nifi.record.script.ScriptedRecordSetWriter
		org.apache.nifi:nifi-scripting-nar:2.6.0 || ./work/nar/extensions/nifi-scripting-nar-2.6.0.nar-unpacked
	org.apache.nifi.services.azure.storage.AzureStorageCredentialsControllerServiceLookup_v12
		org.apache.nifi:nifi-azure-nar:2.6.0 || ./work/nar/extensions/nifi-azure-nar-2.6.0.nar-unpacked
	org.apache.nifi.kerberos.KerberosKeytabUserService
		org.apache.nifi:nifi-kerberos-user-service-nar:2.6.0 || ./work/nar/extensions/nifi-kerberos-user-service-nar-2.6.0.nar-unpacked
	org.apache.nifi.confluent.schemaregistry.ConfluentProtobufMessageNameResolver
		org.apache.nifi:nifi-confluent-platform-nar:2.6.0 || ./work/nar/extensions/nifi-confluent-platform-nar-2.6.0.nar-unpacked
	org.apache.nifi.pgp.service.standard.StandardPGPPrivateKeyService
		org.apache.nifi:nifi-pgp-service-nar:2.6.0 || ./work/nar/extensions/nifi-pgp-service-nar-2.6.0.nar-unpacked
	org.apache.nifi.lookup.DistributedMapCacheLookupService
		org.apache.nifi:nifi-lookup-services-nar:2.6.0 || ./work/nar/extensions/nifi-lookup-services-nar-2.6.0.nar-unpacked
	org.apache.nifi.record.script.ScriptedReader
		org.apache.nifi:nifi-scripting-nar:2.6.0 || ./work/nar/extensions/nifi-scripting-nar-2.6.0.nar-unpacked
	org.apache.nifi.ssl.PEMEncodedSSLContextProvider
		org.apache.nifi:nifi-ssl-context-service-nar:2.6.0 || ./work/nar/extensions/nifi-ssl-context-service-nar-2.6.0.nar-unpacked
	org.apache.nifi.processors.gcp.credentials.service.GCPCredentialsControllerService
		org.apache.nifi:nifi-gcp-nar:2.6.0 || ./work/nar/extensions/nifi-gcp-nar-2.6.0.nar-unpacked
	org.apache.nifi.lookup.script.ScriptedLookupService
		org.apache.nifi:nifi-scripting-nar:2.6.0 || ./work/nar/extensions/nifi-scripting-nar-2.6.0.nar-unpacked
	org.apache.nifi.box.controllerservices.DeveloperBoxClientService
		org.apache.nifi:nifi-box-services-nar:2.6.0 || ./work/nar/extensions/nifi-box-services-nar-2.6.0.nar-unpacked
	org.apache.nifi.processors.gcp.storage.GCSFileResourceService
		org.apache.nifi:nifi-gcp-nar:2.6.0 || ./work/nar/extensions/nifi-gcp-nar-2.6.0.nar-unpacked
	org.apache.nifi.redis.service.RedisDistributedMapCacheClientService
		org.apache.nifi:nifi-redis-nar:2.6.0 || ./work/nar/extensions/nifi-redis-nar-2.6.0.nar-unpacked
	org.apache.nifi.box.controllerservices.JsonConfigBasedBoxClientService
		org.apache.nifi:nifi-box-services-nar:2.6.0 || ./work/nar/extensions/nifi-box-services-nar-2.6.0.nar-unpacked
	org.apache.nifi.elasticsearch.ElasticSearchLookupService
		org.apache.nifi:nifi-elasticsearch-client-service-nar:2.6.0 || ./work/nar/extensions/nifi-elasticsearch-client-service-nar-2.6.0.nar-unpacked
	org.apache.nifi.lookup.SimpleCsvFileLookupService
		org.apache.nifi:nifi-lookup-services-nar:2.6.0 || ./work/nar/extensions/nifi-lookup-services-nar-2.6.0.nar-unpacked
	org.apache.nifi.csv.CSVRecordSetWriter
		org.apache.nifi:nifi-record-serialization-services-nar:2.6.0 || ./work/nar/extensions/nifi-record-serialization-services-nar-2.6.0.nar-unpacked
	org.apache.nifi.lookup.script.SimpleScriptedLookupService
		org.apache.nifi:nifi-scripting-nar:2.6.0 || ./work/nar/extensions/nifi-scripting-nar-2.6.0.nar-unpacked
	org.apache.nifi.services.azure.storage.AzureDataLakeStorageFileResourceService
		org.apache.nifi:nifi-azure-nar:2.6.0 || ./work/nar/extensions/nifi-azure-nar-2.6.0.nar-unpacked
	org.apache.nifi.hazelcast.services.cachemanager.ExternalHazelcastCacheManager
		org.apache.nifi:nifi-hazelcast-services-nar:2.6.0 || ./work/nar/extensions/nifi-hazelcast-services-nar-2.6.0.nar-unpacked
	org.apache.nifi.fileresource.service.StandardFileResourceService
		org.apache.nifi:nifi-file-resource-service-nar:2.6.0 || ./work/nar/extensions/nifi-file-resource-service-nar-2.6.0.nar-unpacked
	org.apache.nifi.lookup.SimpleKeyValueLookupService
		org.apache.nifi:nifi-lookup-services-nar:2.6.0 || ./work/nar/extensions/nifi-lookup-services-nar-2.6.0.nar-unpacked
	org.apache.nifi.websocket.jetty.JettyWebSocketClient
		org.apache.nifi:nifi-websocket-services-jetty-nar:2.6.0 || ./work/nar/extensions/nifi-websocket-services-jetty-nar-2.6.0.nar-unpacked
	org.apache.nifi.lookup.CSVRecordLookupService
		org.apache.nifi:nifi-lookup-services-nar:2.6.0 || ./work/nar/extensions/nifi-lookup-services-nar-2.6.0.nar-unpacked
	org.apache.nifi.lookup.RestLookupService
		org.apache.nifi:nifi-lookup-services-nar:2.6.0 || ./work/nar/extensions/nifi-lookup-services-nar-2.6.0.nar-unpacked
	org.apache.nifi.kafka.service.Kafka3ConnectionService
		org.apache.nifi:nifi-kafka-3-service-nar:2.6.0 || ./work/nar/extensions/nifi-kafka-3-service-nar-2.6.0.nar-unpacked
	org.apache.nifi.schema.inference.VolatileSchemaCache
		org.apache.nifi:nifi-record-serialization-services-nar:2.6.0 || ./work/nar/extensions/nifi-record-serialization-services-nar-2.6.0.nar-unpacked
	org.apache.nifi.oauth2.StandardOauth2AccessTokenProvider
		org.apache.nifi:nifi-oauth2-provider-nar:2.6.0 || ./work/nar/extensions/nifi-oauth2-provider-nar-2.6.0.nar-unpacked
	org.apache.nifi.controller.asana.StandardAsanaClientProviderService
		org.apache.nifi:nifi-asana-services-nar:2.6.0 || ./work/nar/extensions/nifi-asana-services-nar-2.6.0.nar-unpacked
	org.apache.nifi.services.azure.storage.AzureBlobStorageFileResourceService
		org.apache.nifi:nifi-azure-nar:2.6.0 || ./work/nar/extensions/nifi-azure-nar-2.6.0.nar-unpacked
	org.apache.nifi.lookup.PropertiesFileLookupService
		org.apache.nifi:nifi-lookup-services-nar:2.6.0 || ./work/nar/extensions/nifi-lookup-services-nar-2.6.0.nar-unpacked
	org.apache.nifi.services.azure.cosmos.document.AzureCosmosDBClientService
		org.apache.nifi:nifi-azure-nar:2.6.0 || ./work/nar/extensions/nifi-azure-nar-2.6.0.nar-unpacked
	org.apache.nifi.json.JsonRecordSetWriter
		org.apache.nifi:nifi-record-serialization-services-nar:2.6.0 || ./work/nar/extensions/nifi-record-serialization-services-nar-2.6.0.nar-unpacked
	org.apache.nifi.services.slack.SlackRecordSink
		org.apache.nifi:nifi-slack-nar:2.6.0 || ./work/nar/extensions/nifi-slack-nar-2.6.0.nar-unpacked
	org.apache.nifi.processors.aws.credentials.provider.service.AWSCredentialsProviderControllerService
		org.apache.nifi:nifi-aws-nar:2.6.0 || ./work/nar/extensions/nifi-aws-nar-2.6.0.nar-unpacked
	org.apache.nifi.database.dialect.service.StandardDatabaseDialectService
		org.apache.nifi:nifi-database-dialect-service-nar:2.6.0 || ./work/nar/extensions/nifi-database-dialect-service-nar-2.6.0.nar-unpacked
	org.apache.nifi.services.azure.storage.AzureStorageCredentialsControllerService_v12
		org.apache.nifi:nifi-azure-nar:2.6.0 || ./work/nar/extensions/nifi-azure-nar-2.6.0.nar-unpacked
	org.apache.nifi.elasticsearch.ElasticSearchClientServiceImpl
		org.apache.nifi:nifi-elasticsearch-client-service-nar:2.6.0 || ./work/nar/extensions/nifi-elasticsearch-client-service-nar-2.6.0.nar-unpacked
	org.apache.nifi.services.protobuf.ProtobufReader
		org.apache.nifi:nifi-protobuf-services-nar:2.6.0 || ./work/nar/extensions/nifi-protobuf-services-nar-2.6.0.nar-unpacked
	org.apache.nifi.record.sink.LoggingRecordSink
		org.apache.nifi:nifi-record-sink-service-nar:2.6.0 || ./work/nar/extensions/nifi-record-sink-service-nar-2.6.0.nar-unpacked
	org.apache.nifi.record.sink.event.UDPEventRecordSink
		org.apache.nifi:nifi-record-sink-service-nar:2.6.0 || ./work/nar/extensions/nifi-record-sink-service-nar-2.6.0.nar-unpacked
	org.apache.nifi.kerberos.KerberosTicketCacheUserService
		org.apache.nifi:nifi-kerberos-user-service-nar:2.6.0 || ./work/nar/extensions/nifi-kerberos-user-service-nar-2.6.0.nar-unpacked
	org.apache.nifi.services.azure.data.explorer.StandardKustoIngestService
		org.apache.nifi:nifi-azure-nar:2.6.0 || ./work/nar/extensions/nifi-azure-nar-2.6.0.nar-unpacked
	org.apache.nifi.record.sink.lookup.RecordSinkServiceLookup
		org.apache.nifi:nifi-record-sink-service-nar:2.6.0 || ./work/nar/extensions/nifi-record-sink-service-nar-2.6.0.nar-unpacked
	org.apache.nifi.lookup.RecordSetWriterLookup
		org.apache.nifi:nifi-record-serialization-services-nar:2.6.0 || ./work/nar/extensions/nifi-record-serialization-services-nar-2.6.0.nar-unpacked
	org.apache.nifi.key.service.StandardPrivateKeyService
		org.apache.nifi:nifi-key-service-nar:2.6.0 || ./work/nar/extensions/nifi-key-service-nar-2.6.0.nar-unpacked
	org.apache.nifi.kerberos.KerberosPasswordUserService
		org.apache.nifi:nifi-kerberos-user-service-nar:2.6.0 || ./work/nar/extensions/nifi-kerberos-user-service-nar-2.6.0.nar-unpacked
	org.apache.nifi.services.protobuf.StandardProtobufReader
		org.apache.nifi:nifi-protobuf-services-nar:2.6.0 || ./work/nar/extensions/nifi-protobuf-services-nar-2.6.0.nar-unpacked
	org.apache.nifi.proxy.StandardProxyConfigurationService
		org.apache.nifi:nifi-proxy-configuration-nar:2.6.0 || ./work/nar/extensions/nifi-proxy-configuration-nar-2.6.0.nar-unpacked
	org.apache.nifi.schemaregistry.services.AvroSchemaRegistry
		org.apache.nifi:nifi-registry-nar:2.6.0 || ./work/nar/extensions/nifi-registry-nar-2.6.0.nar-unpacked
	org.apache.nifi.syslog.Syslog5424Reader
		org.apache.nifi:nifi-record-serialization-services-nar:2.6.0 || ./work/nar/extensions/nifi-record-serialization-services-nar-2.6.0.nar-unpacked
	org.apache.nifi.aws.schemaregistry.AmazonGlueEncodedSchemaReferenceReader
		org.apache.nifi:nifi-aws-nar:2.6.0 || ./work/nar/extensions/nifi-aws-nar-2.6.0.nar-unpacked
	org.apache.nifi.distributed.cache.client.MapCacheClientService
		org.apache.nifi:nifi-distributed-cache-services-nar:2.6.0 || ./work/nar/extensions/nifi-distributed-cache-services-nar-2.6.0.nar-unpacked
	org.apache.nifi.hazelcast.services.cacheclient.HazelcastMapCacheClient
		org.apache.nifi:nifi-hazelcast-services-nar:2.6.0 || ./work/nar/extensions/nifi-hazelcast-services-nar-2.6.0.nar-unpacked
	org.apache.nifi.mongodb.MongoDBLookupService
		org.apache.nifi:nifi-mongodb-services-nar:2.6.0 || ./work/nar/extensions/nifi-mongodb-services-nar-2.6.0.nar-unpacked
	org.apache.nifi.record.sink.HttpRecordSink
		org.apache.nifi:nifi-record-sink-service-nar:2.6.0 || ./work/nar/extensions/nifi-record-sink-service-nar-2.6.0.nar-unpacked
	org.apache.nifi.services.zendesk.ZendeskRecordSink
		org.apache.nifi:nifi-zendesk-services-nar:2.6.0 || ./work/nar/extensions/nifi-zendesk-services-nar-2.6.0.nar-unpacked
	org.apache.nifi.json.JsonPathReader
		org.apache.nifi:nifi-record-serialization-services-nar:2.6.0 || ./work/nar/extensions/nifi-record-serialization-services-nar-2.6.0.nar-unpacked
	org.apache.nifi.hazelcast.services.cachemanager.EmbeddedHazelcastCacheManager
		org.apache.nifi:nifi-hazelcast-services-nar:2.6.0 || ./work/nar/extensions/nifi-hazelcast-services-nar-2.6.0.nar-unpacked
	org.apache.nifi.record.sink.script.ScriptedRecordSink
		org.apache.nifi:nifi-scripting-nar:2.6.0 || ./work/nar/extensions/nifi-scripting-nar-2.6.0.nar-unpacked
	org.apache.nifi.avro.AvroReader
		org.apache.nifi:nifi-record-serialization-services-nar:2.6.0 || ./work/nar/extensions/nifi-record-serialization-services-nar-2.6.0.nar-unpacked
	org.apache.nifi.reporting.sink.SiteToSiteReportingRecordSink
		org.apache.nifi:nifi-site-to-site-reporting-nar:2.6.0 || ./work/nar/extensions/nifi-site-to-site-reporting-nar-2.6.0.nar-unpacked
	org.apache.nifi.dbcp.HikariCPConnectionPool
		org.apache.nifi:nifi-dbcp-service-nar:2.6.0 || ./work/nar/extensions/nifi-dbcp-service-nar-2.6.0.nar-unpacked
	org.apache.nifi.processors.aws.s3.encryption.StandardS3EncryptionService
		org.apache.nifi:nifi-aws-nar:2.6.0 || ./work/nar/extensions/nifi-aws-nar-2.6.0.nar-unpacked
	org.apache.nifi.lookup.db.DatabaseRecordLookupService
		org.apache.nifi:nifi-lookup-services-nar:2.6.0 || ./work/nar/extensions/nifi-lookup-services-nar-2.6.0.nar-unpacked
	org.apache.nifi.text.FreeFormTextRecordSetWriter
		org.apache.nifi:nifi-record-serialization-services-nar:2.6.0 || ./work/nar/extensions/nifi-record-serialization-services-nar-2.6.0.nar-unpacked
	org.apache.nifi.mongodb.MongoDBControllerService
		org.apache.nifi:nifi-mongodb-services-nar:2.6.0 || ./work/nar/extensions/nifi-mongodb-services-nar-2.6.0.nar-unpacked
	org.apache.nifi.aws.schemaregistry.AmazonGlueSchemaRegistry
		org.apache.nifi:nifi-aws-nar:2.6.0 || ./work/nar/extensions/nifi-aws-nar-2.6.0.nar-unpacked
	org.apache.nifi.grok.GrokReader
		org.apache.nifi:nifi-record-serialization-services-nar:2.6.0 || ./work/nar/extensions/nifi-record-serialization-services-nar-2.6.0.nar-unpacked
	org.apache.nifi.apicurio.schemaregistry.ApicurioSchemaRegistry
		org.apache.nifi:nifi-apicurio-nar:2.6.0 || ./work/nar/extensions/nifi-apicurio-nar-2.6.0.nar-unpacked
	org.apache.nifi.services.azure.storage.ADLSCredentialsControllerServiceLookup
		org.apache.nifi:nifi-azure-nar:2.6.0 || ./work/nar/extensions/nifi-azure-nar-2.6.0.nar-unpacked
	org.apache.nifi.dbcp.DBCPConnectionPool
		org.apache.nifi:nifi-dbcp-service-nar:2.6.0 || ./work/nar/extensions/nifi-dbcp-service-nar-2.6.0.nar-unpacked
	org.apache.nifi.websocket.jetty.JettyWebSocketServer
		org.apache.nifi:nifi-websocket-services-jetty-nar:2.6.0 || ./work/nar/extensions/nifi-websocket-services-jetty-nar-2.6.0.nar-unpacked
	org.apache.nifi.csv.CSVReader
		org.apache.nifi:nifi-record-serialization-services-nar:2.6.0 || ./work/nar/extensions/nifi-record-serialization-services-nar-2.6.0.nar-unpacked
	org.apache.nifi.services.dropbox.StandardDropboxCredentialService
		org.apache.nifi:nifi-dropbox-services-nar:2.6.0 || ./work/nar/extensions/nifi-dropbox-services-nar-2.6.0.nar-unpacked
	org.apache.nifi.redis.service.RedisConnectionPoolService
		org.apache.nifi:nifi-redis-nar:2.6.0 || ./work/nar/extensions/nifi-redis-nar-2.6.0.nar-unpacked
	org.apache.nifi.distributed.cache.server.SetCacheServer
		org.apache.nifi:nifi-distributed-cache-services-nar:2.6.0 || ./work/nar/extensions/nifi-distributed-cache-services-nar-2.6.0.nar-unpacked
	org.apache.nifi.oauth2.JWTBearerOAuth2AccessTokenProvider
		org.apache.nifi:nifi-oauth2-provider-nar:2.6.0 || ./work/nar/extensions/nifi-oauth2-provider-nar-2.6.0.nar-unpacked
	org.apache.nifi.confluent.schemaregistry.ConfluentEncodedSchemaReferenceReader
		org.apache.nifi:nifi-confluent-platform-nar:2.6.0 || ./work/nar/extensions/nifi-confluent-platform-nar-2.6.0.nar-unpacked
	org.apache.nifi.services.azure.data.explorer.StandardKustoQueryService
		org.apache.nifi:nifi-azure-nar:2.6.0 || ./work/nar/extensions/nifi-azure-nar-2.6.0.nar-unpacked
	org.apache.nifi.web.client.provider.service.StandardWebClientServiceProvider
		org.apache.nifi:nifi-web-client-provider-service-nar:2.6.0 || ./work/nar/extensions/nifi-web-client-provider-service-nar-2.6.0.nar-unpacked
	org.apache.nifi.db.schemaregistry.DatabaseTableSchemaRegistry
		org.apache.nifi:nifi-db-schema-registry-service-nar:2.6.0 || ./work/nar/extensions/nifi-db-schema-registry-service-nar-2.6.0.nar-unpacked
	org.apache.nifi.redis.service.SimpleRedisDistributedMapCacheClientService
		org.apache.nifi:nifi-redis-nar:2.6.0 || ./work/nar/extensions/nifi-redis-nar-2.6.0.nar-unpacked
	org.apache.nifi.record.sink.db.DatabaseRecordSink
		org.apache.nifi:nifi-dbcp-service-nar:2.6.0 || ./work/nar/extensions/nifi-dbcp-service-nar-2.6.0.nar-unpacked
	org.apache.nifi.xml.XMLRecordSetWriter
		org.apache.nifi:nifi-record-serialization-services-nar:2.6.0 || ./work/nar/extensions/nifi-record-serialization-services-nar-2.6.0.nar-unpacked
	org.apache.nifi.xml.XMLReader
		org.apache.nifi:nifi-record-serialization-services-nar:2.6.0 || ./work/nar/extensions/nifi-record-serialization-services-nar-2.6.0.nar-unpacked
	org.apache.nifi.schemaregistry.services.StandardJsonSchemaRegistry
		org.apache.nifi:nifi-registry-nar:2.6.0 || ./work/nar/extensions/nifi-registry-nar-2.6.0.nar-unpacked
	org.apache.nifi.lookup.XMLFileLookupService
		org.apache.nifi:nifi-lookup-services-nar:2.6.0 || ./work/nar/extensions/nifi-lookup-services-nar-2.6.0.nar-unpacked
	org.apache.nifi.confluent.schemaregistry.ConfluentEncodedSchemaReferenceWriter
		org.apache.nifi:nifi-confluent-platform-nar:2.6.0 || ./work/nar/extensions/nifi-confluent-platform-nar-2.6.0.nar-unpacked
	org.apache.nifi.distributed.cache.server.map.MapCacheServer
		org.apache.nifi:nifi-distributed-cache-services-nar:2.6.0 || ./work/nar/extensions/nifi-distributed-cache-services-nar-2.6.0.nar-unpacked
	org.apache.nifi.lookup.maxmind.IPLookupService
		org.apache.nifi:nifi-lookup-services-nar:2.6.0 || ./work/nar/extensions/nifi-lookup-services-nar-2.6.0.nar-unpacked
	org.apache.nifi.kafka.service.aws.AmazonMSKConnectionService
		org.apache.nifi:nifi-kafka-service-aws-nar:2.6.0 || ./work/nar/extensions/nifi-kafka-service-aws-nar-2.6.0.nar-unpacked
	org.apache.nifi.ssl.StandardSSLContextService
		org.apache.nifi:nifi-ssl-context-service-nar:2.6.0 || ./work/nar/extensions/nifi-ssl-context-service-nar-2.6.0.nar-unpacked
	org.apache.nifi.services.azure.eventhub.AzureEventHubRecordSink
		org.apache.nifi:nifi-azure-nar:2.6.0 || ./work/nar/extensions/nifi-azure-nar-2.6.0.nar-unpacked
	org.apache.nifi.vault.hashicorp.StandardHashiCorpVaultClientService
		org.apache.nifi:nifi-hashicorp-vault-nar:2.6.0 || ./work/nar/extensions/nifi-hashicorp-vault-nar-2.6.0.nar-unpacked
	org.apache.nifi.cef.CEFReader
		org.apache.nifi:nifi-record-serialization-services-nar:2.6.0 || ./work/nar/extensions/nifi-record-serialization-services-nar-2.6.0.nar-unpacked
	org.apache.nifi.jms.cf.JMSConnectionFactoryProvider
		org.apache.nifi:nifi-jms-processors-nar:2.6.0 || ./work/nar/extensions/nifi-jms-processors-nar-2.6.0.nar-unpacked
	org.apache.nifi.services.smb.SmbjClientProviderService
		org.apache.nifi:nifi-smb-smbj-client-nar:2.6.0 || ./work/nar/extensions/nifi-smb-smbj-client-nar-2.6.0.nar-unpacked
	org.apache.nifi.json.JsonTreeReader
		org.apache.nifi:nifi-record-serialization-services-nar:2.6.0 || ./work/nar/extensions/nifi-record-serialization-services-nar-2.6.0.nar-unpacked
	=== End ControllerService types ===
	=== ParameterProvider Type ===
	org.apache.nifi.vault.hashicorp.HashiCorpVaultParameterProvider
		org.apache.nifi:nifi-hashicorp-vault-nar:2.6.0 || ./work/nar/extensions/nifi-hashicorp-vault-nar-2.6.0.nar-unpacked
	org.apache.nifi.parameter.OnePasswordParameterProvider
		org.apache.nifi:nifi-standard-nar:2.6.0 || ./work/nar/extensions/nifi-standard-nar-2.6.0.nar-unpacked
	org.apache.nifi.parameter.gcp.GcpSecretManagerParameterProvider
		org.apache.nifi:nifi-gcp-nar:2.6.0 || ./work/nar/extensions/nifi-gcp-nar-2.6.0.nar-unpacked
	org.apache.nifi.parameter.aws.AwsSecretsManagerParameterProvider
		org.apache.nifi:nifi-aws-nar:2.6.0 || ./work/nar/extensions/nifi-aws-nar-2.6.0.nar-unpacked
	org.apache.nifi.parameter.KubernetesSecretParameterProvider
		org.apache.nifi:nifi-standard-nar:2.6.0 || ./work/nar/extensions/nifi-standard-nar-2.6.0.nar-unpacked
	org.apache.nifi.parameter.EnvironmentVariableParameterProvider
		org.apache.nifi:nifi-standard-nar:2.6.0 || ./work/nar/extensions/nifi-standard-nar-2.6.0.nar-unpacked
	org.apache.nifi.parameter.DatabaseParameterProvider
		org.apache.nifi:nifi-standard-nar:2.6.0 || ./work/nar/extensions/nifi-standard-nar-2.6.0.nar-unpacked
	org.apache.nifi.parameter.azure.AzureKeyVaultSecretsParameterProvider
		org.apache.nifi:nifi-azure-nar:2.6.0 || ./work/nar/extensions/nifi-azure-nar-2.6.0.nar-unpacked
	=== End ParameterProvider types ===
	=== ReportingTask Type ===
	org.apache.nifi.controller.ControllerStatusReportingTask
		org.apache.nifi:nifi-standard-nar:2.6.0 || ./work/nar/extensions/nifi-standard-nar-2.6.0.nar-unpacked
	org.apache.nifi.reporting.script.ScriptedReportingTask
		org.apache.nifi:nifi-scripting-nar:2.6.0 || ./work/nar/extensions/nifi-scripting-nar-2.6.0.nar-unpacked
	org.apache.nifi.controller.MonitorDiskUsage
		org.apache.nifi:nifi-standard-nar:2.6.0 || ./work/nar/extensions/nifi-standard-nar-2.6.0.nar-unpacked
	org.apache.nifi.reporting.SiteToSiteBulletinReportingTask
		org.apache.nifi:nifi-site-to-site-reporting-nar:2.6.0 || ./work/nar/extensions/nifi-site-to-site-reporting-nar-2.6.0.nar-unpacked
	org.apache.nifi.reporting.SiteToSiteStatusReportingTask
		org.apache.nifi:nifi-site-to-site-reporting-nar:2.6.0 || ./work/nar/extensions/nifi-site-to-site-reporting-nar-2.6.0.nar-unpacked
	org.apache.nifi.reporting.SiteToSiteProvenanceReportingTask
		org.apache.nifi:nifi-site-to-site-reporting-nar:2.6.0 || ./work/nar/extensions/nifi-site-to-site-reporting-nar-2.6.0.nar-unpacked
	org.apache.nifi.controller.MonitorMemory
		org.apache.nifi:nifi-standard-nar:2.6.0 || ./work/nar/extensions/nifi-standard-nar-2.6.0.nar-unpacked
	org.apache.nifi.reporting.azure.loganalytics.AzureLogAnalyticsReportingTask
		org.apache.nifi:nifi-azure-nar:2.6.0 || ./work/nar/extensions/nifi-azure-nar-2.6.0.nar-unpacked
	org.apache.nifi.reporting.SiteToSiteMetricsReportingTask
		org.apache.nifi:nifi-site-to-site-reporting-nar:2.6.0 || ./work/nar/extensions/nifi-site-to-site-reporting-nar-2.6.0.nar-unpacked
	org.apache.nifi.reporting.azure.loganalytics.AzureLogAnalyticsProvenanceReportingTask
		org.apache.nifi:nifi-azure-nar:2.6.0 || ./work/nar/extensions/nifi-azure-nar-2.6.0.nar-unpacked
	=== End ReportingTask types ===
	=== ContentRepository Type ===
	org.apache.nifi.controller.repository.FileSystemRepository
		org.apache.nifi:nifi-framework-nar:2.6.0 || ./work/nar/framework/nifi-framework-nar-2.6.0.nar-unpacked
	=== End ContentRepository types ===
	=== LoginIdentityProvider Type ===
	org.apache.nifi.authentication.single.user.SingleUserLoginIdentityProvider
		org.apache.nifi:nifi-single-user-iaa-providers-nar:2.6.0 || ./work/nar/extensions/nifi-single-user-iaa-providers-nar-2.6.0.nar-unpacked
	org.apache.nifi.kerberos.KerberosProvider
		org.apache.nifi:nifi-kerberos-iaa-providers-nar:2.6.0 || ./work/nar/extensions/nifi-kerberos-iaa-providers-nar-2.6.0.nar-unpacked
	org.apache.nifi.ldap.LdapProvider
		org.apache.nifi:nifi-ldap-iaa-providers-nar:2.6.0 || ./work/nar/extensions/nifi-ldap-iaa-providers-nar-2.6.0.nar-unpacked
	=== End LoginIdentityProvider types ===
	=== FlowFileRepository Type ===
	org.apache.nifi.controller.repository.WriteAheadFlowFileRepository
		org.apache.nifi:nifi-framework-nar:2.6.0 || ./work/nar/framework/nifi-framework-nar-2.6.0.nar-unpacked
	org.apache.nifi.controller.repository.VolatileFlowFileRepository
		org.apache.nifi:nifi-framework-nar:2.6.0 || ./work/nar/framework/nifi-framework-nar-2.6.0.nar-unpacked
	=== End FlowFileRepository types ===
	=== NarPersistenceProvider Type ===
	org.apache.nifi.nar.StandardNarPersistenceProvider
		org.apache.nifi:nifi-framework-nar:2.6.0 || ./work/nar/framework/nifi-framework-nar-2.6.0.nar-unpacked
	=== End NarPersistenceProvider types ===
	=== Processor Type ===
	org.apache.nifi.processors.smb.GetSmbFile
		org.apache.nifi:nifi-smb-nar:2.6.0 || ./work/nar/extensions/nifi-smb-nar-2.6.0.nar-unpacked
	org.apache.nifi.processors.box.ConsumeBoxEvents
		org.apache.nifi:nifi-box-nar:2.6.0 || ./work/nar/extensions/nifi-box-nar-2.6.0.nar-unpacked
	org.apache.nifi.processors.asana.GetAsanaObject
		org.apache.nifi:nifi-asana-processors-nar:2.6.0 || ./work/nar/extensions/nifi-asana-processors-nar-2.6.0.nar-unpacked
	org.apache.nifi.processors.aws.sqs.GetSQS
		org.apache.nifi:nifi-aws-nar:2.6.0 || ./work/nar/extensions/nifi-aws-nar-2.6.0.nar-unpacked
	org.apache.nifi.snmp.processors.SetSNMP
		org.apache.nifi:nifi-snmp-nar:2.6.0 || ./work/nar/extensions/nifi-snmp-nar-2.6.0.nar-unpacked
	org.apache.nifi.processors.compress.ModifyCompression
		org.apache.nifi:nifi-compress-nar:2.6.0 || ./work/nar/extensions/nifi-compress-nar-2.6.0.nar-unpacked
	org.apache.nifi.processors.attributes.UpdateAttribute
		org.apache.nifi:nifi-update-attribute-nar:2.6.0 || ./work/nar/extensions/nifi-update-attribute-nar-2.6.0.nar-unpacked
	org.apache.nifi.processors.standard.ExecuteStreamCommand
		org.apache.nifi:nifi-standard-nar:2.6.0 || ./work/nar/extensions/nifi-standard-nar-2.6.0.nar-unpacked
	org.apache.nifi.processors.smb.ListSmb
		org.apache.nifi:nifi-smb-nar:2.6.0 || ./work/nar/extensions/nifi-smb-nar-2.6.0.nar-unpacked
	org.apache.nifi.processors.smb.FetchSmb
		org.apache.nifi:nifi-smb-nar:2.6.0 || ./work/nar/extensions/nifi-smb-nar-2.6.0.nar-unpacked
	org.apache.nifi.processors.standard.DeduplicateRecord
		org.apache.nifi:nifi-standard-nar:2.6.0 || ./work/nar/extensions/nifi-standard-nar-2.6.0.nar-unpacked
	org.apache.nifi.processors.ISPEnrichIP
		org.apache.nifi:nifi-enrich-nar:2.6.0 || ./work/nar/extensions/nifi-enrich-nar-2.6.0.nar-unpacked
	org.apache.nifi.processors.aws.ml.translate.GetAwsTranslateJobStatus
		org.apache.nifi:nifi-aws-nar:2.6.0 || ./work/nar/extensions/nifi-aws-nar-2.6.0.nar-unpacked
	org.apache.nifi.processors.standard.DebugFlow
		org.apache.nifi:nifi-standard-nar:2.6.0 || ./work/nar/extensions/nifi-standard-nar-2.6.0.nar-unpacked
	org.apache.nifi.processors.standard.MergeContent
		org.apache.nifi:nifi-standard-nar:2.6.0 || ./work/nar/extensions/nifi-standard-nar-2.6.0.nar-unpacked
	org.apache.nifi.processors.azure.storage.MoveAzureDataLakeStorage
		org.apache.nifi:nifi-azure-nar:2.6.0 || ./work/nar/extensions/nifi-azure-nar-2.6.0.nar-unpacked
	org.apache.nifi.processors.standard.UpdateDatabaseTable
		org.apache.nifi:nifi-standard-nar:2.6.0 || ./work/nar/extensions/nifi-standard-nar-2.6.0.nar-unpacked
	org.apache.nifi.processors.standard.MergeRecord
		org.apache.nifi:nifi-standard-nar:2.6.0 || ./work/nar/extensions/nifi-standard-nar-2.6.0.nar-unpacked
	org.apache.nifi.processors.elasticsearch.PutElasticsearchRecord
		org.apache.nifi:nifi-elasticsearch-restapi-nar:2.6.0 || ./work/nar/extensions/nifi-elasticsearch-restapi-nar-2.6.0.nar-unpacked
	org.apache.nifi.processors.mongodb.RunMongoAggregation
		org.apache.nifi:nifi-mongodb-nar:2.6.0 || ./work/nar/extensions/nifi-mongodb-nar-2.6.0.nar-unpacked
	org.apache.nifi.processors.splunk.PutSplunkHTTP
		org.apache.nifi:nifi-splunk-nar:2.6.0 || ./work/nar/extensions/nifi-splunk-nar-2.6.0.nar-unpacked
	org.apache.nifi.processors.cipher.VerifyContentMAC
		org.apache.nifi:nifi-cipher-nar:2.6.0 || ./work/nar/extensions/nifi-cipher-nar-2.6.0.nar-unpacked
	org.apache.nifi.processors.standard.PutUDP
		org.apache.nifi:nifi-standard-nar:2.6.0 || ./work/nar/extensions/nifi-standard-nar-2.6.0.nar-unpacked
	org.apache.nifi.processors.hl7.ExtractHL7Attributes
		org.apache.nifi:nifi-hl7-nar:2.6.0 || ./work/nar/extensions/nifi-hl7-nar-2.6.0.nar-unpacked
	org.apache.nifi.processors.gcp.storage.PutGCSObject
		org.apache.nifi:nifi-gcp-nar:2.6.0 || ./work/nar/extensions/nifi-gcp-nar-2.6.0.nar-unpacked
	org.apache.nifi.processors.aws.s3.PutS3Object
		org.apache.nifi:nifi-aws-nar:2.6.0 || ./work/nar/extensions/nifi-aws-nar-2.6.0.nar-unpacked
	org.apache.nifi.processors.splunk.PutSplunk
		org.apache.nifi:nifi-splunk-nar:2.6.0 || ./work/nar/extensions/nifi-splunk-nar-2.6.0.nar-unpacked
	org.apache.nifi.processors.standard.SplitText
		org.apache.nifi:nifi-standard-nar:2.6.0 || ./work/nar/extensions/nifi-standard-nar-2.6.0.nar-unpacked
	org.apache.nifi.processors.standard.ListenUDPRecord
		org.apache.nifi:nifi-standard-nar:2.6.0 || ./work/nar/extensions/nifi-standard-nar-2.6.0.nar-unpacked
	org.apache.nifi.processors.gcp.storage.DeleteGCSObject
		org.apache.nifi:nifi-gcp-nar:2.6.0 || ./work/nar/extensions/nifi-gcp-nar-2.6.0.nar-unpacked
	org.apache.nifi.processors.websocket.ConnectWebSocket
		org.apache.nifi:nifi-websocket-processors-nar:2.6.0 || ./work/nar/extensions/nifi-websocket-processors-nar-2.6.0.nar-unpacked
	org.apache.nifi.processors.pgp.SignContentPGP
		org.apache.nifi:nifi-pgp-nar:2.6.0 || ./work/nar/extensions/nifi-pgp-nar-2.6.0.nar-unpacked
	org.apache.nifi.processors.aws.ml.polly.GetAwsPollyJobStatus
		org.apache.nifi:nifi-aws-nar:2.6.0 || ./work/nar/extensions/nifi-aws-nar-2.6.0.nar-unpacked
	org.apache.nifi.processors.zendesk.GetZendesk
		org.apache.nifi:nifi-zendesk-nar:2.6.0 || ./work/nar/extensions/nifi-zendesk-nar-2.6.0.nar-unpacked
	org.apache.nifi.processors.box.ConsumeBoxEnterpriseEvents
		org.apache.nifi:nifi-box-nar:2.6.0 || ./work/nar/extensions/nifi-box-nar-2.6.0.nar-unpacked
	org.apache.nifi.processors.pgp.VerifyContentPGP
		org.apache.nifi:nifi-pgp-nar:2.6.0 || ./work/nar/extensions/nifi-pgp-nar-2.6.0.nar-unpacked
	org.apache.nifi.processors.standard.ValidateJson
		org.apache.nifi:nifi-standard-nar:2.6.0 || ./work/nar/extensions/nifi-standard-nar-2.6.0.nar-unpacked
	org.apache.nifi.processors.standard.DuplicateFlowFile
		org.apache.nifi:nifi-standard-nar:2.6.0 || ./work/nar/extensions/nifi-standard-nar-2.6.0.nar-unpacked
	org.apache.nifi.processors.standard.FlattenJson
		org.apache.nifi:nifi-standard-nar:2.6.0 || ./work/nar/extensions/nifi-standard-nar-2.6.0.nar-unpacked
	org.apache.nifi.processors.avro.ExtractAvroMetadata
		org.apache.nifi:nifi-avro-nar:2.6.0 || ./work/nar/extensions/nifi-avro-nar-2.6.0.nar-unpacked
	org.apache.nifi.processors.standard.DetectDuplicate
		org.apache.nifi:nifi-standard-nar:2.6.0 || ./work/nar/extensions/nifi-standard-nar-2.6.0.nar-unpacked
	org.apache.nifi.processors.box.FetchBoxFileInfo
		org.apache.nifi:nifi-box-nar:2.6.0 || ./work/nar/extensions/nifi-box-nar-2.6.0.nar-unpacked
	org.apache.nifi.kafka.processors.ConsumeKafka
		org.apache.nifi:nifi-kafka-nar:2.6.0 || ./work/nar/extensions/nifi-kafka-nar-2.6.0.nar-unpacked
	org.apache.nifi.processors.azure.storage.PutAzureDataLakeStorage
		org.apache.nifi:nifi-azure-nar:2.6.0 || ./work/nar/extensions/nifi-azure-nar-2.6.0.nar-unpacked
	org.apache.nifi.processors.email.ExtractEmailHeaders
		org.apache.nifi:nifi-email-nar:2.6.0 || ./work/nar/extensions/nifi-email-nar-2.6.0.nar-unpacked
	org.apache.nifi.processors.jolt.JoltTransformJSON
		org.apache.nifi:nifi-jolt-nar:2.6.0 || ./work/nar/extensions/nifi-jolt-nar-2.6.0.nar-unpacked
	org.apache.nifi.processors.azure.storage.queue.GetAzureQueueStorage_v12
		org.apache.nifi:nifi-azure-nar:2.6.0 || ./work/nar/extensions/nifi-azure-nar-2.6.0.nar-unpacked
	org.apache.nifi.processors.box.ListBoxFile
		org.apache.nifi:nifi-box-nar:2.6.0 || ./work/nar/extensions/nifi-box-nar-2.6.0.nar-unpacked
	org.apache.nifi.processors.aws.dynamodb.GetDynamoDB
		org.apache.nifi:nifi-aws-nar:2.6.0 || ./work/nar/extensions/nifi-aws-nar-2.6.0.nar-unpacked
	org.apache.nifi.processors.aws.s3.FetchS3Object
		org.apache.nifi:nifi-aws-nar:2.6.0 || ./work/nar/extensions/nifi-aws-nar-2.6.0.nar-unpacked
	org.apache.nifi.processors.standard.ForkRecord
		org.apache.nifi:nifi-standard-nar:2.6.0 || ./work/nar/extensions/nifi-standard-nar-2.6.0.nar-unpacked
	org.apache.nifi.processors.aws.lambda.PutLambda
		org.apache.nifi:nifi-aws-nar:2.6.0 || ./work/nar/extensions/nifi-aws-nar-2.6.0.nar-unpacked
	org.apache.nifi.processors.standard.ListenTCP
		org.apache.nifi:nifi-standard-nar:2.6.0 || ./work/nar/extensions/nifi-standard-nar-2.6.0.nar-unpacked
	org.apache.nifi.processors.network.pcap.SplitPCAP
		org.apache.nifi:nifi-network-processors-nar:2.6.0 || ./work/nar/extensions/nifi-network-processors-nar-2.6.0.nar-unpacked
	org.apache.nifi.processors.script.ExecuteScript
		org.apache.nifi:nifi-scripting-nar:2.6.0 || ./work/nar/extensions/nifi-scripting-nar-2.6.0.nar-unpacked
	org.apache.nifi.processors.slack.ConsumeSlack
		org.apache.nifi:nifi-slack-nar:2.6.0 || ./work/nar/extensions/nifi-slack-nar-2.6.0.nar-unpacked
	org.apache.nifi.processors.standard.ReplaceTextWithMapping
		org.apache.nifi:nifi-standard-nar:2.6.0 || ./work/nar/extensions/nifi-standard-nar-2.6.0.nar-unpacked
	org.apache.nifi.processors.azure.storage.DeleteAzureBlobStorage_v12
		org.apache.nifi:nifi-azure-nar:2.6.0 || ./work/nar/extensions/nifi-azure-nar-2.6.0.nar-unpacked
	org.apache.nifi.processors.standard.CompressContent
		org.apache.nifi:nifi-standard-nar:2.6.0 || ./work/nar/extensions/nifi-standard-nar-2.6.0.nar-unpacked
	org.apache.nifi.processors.dropbox.ListDropbox
		org.apache.nifi:nifi-dropbox-processors-nar:2.6.0 || ./work/nar/extensions/nifi-dropbox-processors-nar-2.6.0.nar-unpacked
	org.apache.nifi.processors.twitter.ConsumeTwitter
		org.apache.nifi:nifi-social-media-nar:2.6.0 || ./work/nar/extensions/nifi-social-media-nar-2.6.0.nar-unpacked
	org.apache.nifi.processors.standard.QueryRecord
		org.apache.nifi:nifi-standard-nar:2.6.0 || ./work/nar/extensions/nifi-standard-nar-2.6.0.nar-unpacked
	org.apache.nifi.processors.stateful.analysis.AttributeRollingWindow
		org.apache.nifi:nifi-stateful-analysis-nar:2.6.0 || ./work/nar/extensions/nifi-stateful-analysis-nar-2.6.0.nar-unpacked
	org.apache.nifi.processors.mongodb.PutMongo
		org.apache.nifi:nifi-mongodb-nar:2.6.0 || ./work/nar/extensions/nifi-mongodb-nar-2.6.0.nar-unpacked
	org.apache.nifi.processors.elasticsearch.GetElasticsearch
		org.apache.nifi:nifi-elasticsearch-restapi-nar:2.6.0 || ./work/nar/extensions/nifi-elasticsearch-restapi-nar-2.6.0.nar-unpacked
	org.apache.nifi.processors.standard.PutFTP
		org.apache.nifi:nifi-standard-nar:2.6.0 || ./work/nar/extensions/nifi-standard-nar-2.6.0.nar-unpacked
	org.apache.nifi.processors.standard.UpdateCounter
		org.apache.nifi:nifi-standard-nar:2.6.0 || ./work/nar/extensions/nifi-standard-nar-2.6.0.nar-unpacked
	org.apache.nifi.processors.standard.SplitXml
		org.apache.nifi:nifi-standard-nar:2.6.0 || ./work/nar/extensions/nifi-standard-nar-2.6.0.nar-unpacked
	org.apache.nifi.processors.standard.ReplaceText
		org.apache.nifi:nifi-standard-nar:2.6.0 || ./work/nar/extensions/nifi-standard-nar-2.6.0.nar-unpacked
	org.apache.nifi.processors.opentelemetry.ListenOTLP
		org.apache.nifi:nifi-opentelemetry-nar:2.6.0 || ./work/nar/extensions/nifi-opentelemetry-nar-2.6.0.nar-unpacked
	org.apache.nifi.processors.salesforce.PutSalesforceObject
		org.apache.nifi:nifi-salesforce-nar:2.6.0 || ./work/nar/extensions/nifi-salesforce-nar-2.6.0.nar-unpacked
	org.apache.nifi.processors.standard.IdentifyMimeType
		org.apache.nifi:nifi-standard-nar:2.6.0 || ./work/nar/extensions/nifi-standard-nar-2.6.0.nar-unpacked
	org.apache.nifi.processors.standard.GetFile
		org.apache.nifi:nifi-standard-nar:2.6.0 || ./work/nar/extensions/nifi-standard-nar-2.6.0.nar-unpacked
	org.apache.nifi.jms.processors.ConsumeJMS
		org.apache.nifi:nifi-jms-processors-nar:2.6.0 || ./work/nar/extensions/nifi-jms-processors-nar-2.6.0.nar-unpacked
	org.apache.nifi.processors.standard.PutSyslog
		org.apache.nifi:nifi-standard-nar:2.6.0 || ./work/nar/extensions/nifi-standard-nar-2.6.0.nar-unpacked
	org.apache.nifi.processors.airtable.QueryAirtableTable
		org.apache.nifi:nifi-airtable-nar:2.6.0 || ./work/nar/extensions/nifi-airtable-nar-2.6.0.nar-unpacked
	org.apache.nifi.processors.standard.ValidateRecord
		org.apache.nifi:nifi-standard-nar:2.6.0 || ./work/nar/extensions/nifi-standard-nar-2.6.0.nar-unpacked
	org.apache.nifi.jms.processors.PublishJMS
		org.apache.nifi:nifi-jms-processors-nar:2.6.0 || ./work/nar/extensions/nifi-jms-processors-nar-2.6.0.nar-unpacked
	org.apache.nifi.processors.aws.dynamodb.PutDynamoDB
		org.apache.nifi:nifi-aws-nar:2.6.0 || ./work/nar/extensions/nifi-aws-nar-2.6.0.nar-unpacked
	org.apache.nifi.processors.salesforce.QuerySalesforceObject
		org.apache.nifi:nifi-salesforce-nar:2.6.0 || ./work/nar/extensions/nifi-salesforce-nar-2.6.0.nar-unpacked
	org.apache.nifi.processors.standard.FetchDistributedMapCache
		org.apache.nifi:nifi-standard-nar:2.6.0 || ./work/nar/extensions/nifi-standard-nar-2.6.0.nar-unpacked
	org.apache.nifi.processors.standard.EvaluateXPath
		org.apache.nifi:nifi-standard-nar:2.6.0 || ./work/nar/extensions/nifi-standard-nar-2.6.0.nar-unpacked
	org.apache.nifi.processors.aws.ml.textract.StartAwsTextractJob
		org.apache.nifi:nifi-aws-nar:2.6.0 || ./work/nar/extensions/nifi-aws-nar-2.6.0.nar-unpacked
	org.apache.nifi.amqp.processors.ConsumeAMQP
		org.apache.nifi:nifi-amqp-nar:2.6.0 || ./work/nar/extensions/nifi-amqp-nar-2.6.0.nar-unpacked
	org.apache.nifi.processors.aws.dynamodb.DeleteDynamoDB
		org.apache.nifi:nifi-aws-nar:2.6.0 || ./work/nar/extensions/nifi-aws-nar-2.6.0.nar-unpacked
	org.apache.nifi.processors.GeoEnrichIP
		org.apache.nifi:nifi-enrich-nar:2.6.0 || ./work/nar/extensions/nifi-enrich-nar-2.6.0.nar-unpacked
	org.apache.nifi.processors.standard.JoinEnrichment
		org.apache.nifi:nifi-standard-nar:2.6.0 || ./work/nar/extensions/nifi-standard-nar-2.6.0.nar-unpacked
	org.apache.nifi.processors.gcp.vision.GetGcpVisionAnnotateImagesOperationStatus
		org.apache.nifi:nifi-gcp-nar:2.6.0 || ./work/nar/extensions/nifi-gcp-nar-2.6.0.nar-unpacked
	org.apache.nifi.processors.standard.GetFileResource
		org.apache.nifi:nifi-standard-nar:2.6.0 || ./work/nar/extensions/nifi-standard-nar-2.6.0.nar-unpacked
	org.apache.nifi.processors.box.GetBoxFileCollaborators
		org.apache.nifi:nifi-box-nar:2.6.0 || ./work/nar/extensions/nifi-box-nar-2.6.0.nar-unpacked
	org.apache.nifi.processors.standard.QueryDatabaseTableRecord
		org.apache.nifi:nifi-standard-nar:2.6.0 || ./work/nar/extensions/nifi-standard-nar-2.6.0.nar-unpacked
	org.apache.nifi.processors.azure.storage.queue.PutAzureQueueStorage_v12
		org.apache.nifi:nifi-azure-nar:2.6.0 || ./work/nar/extensions/nifi-azure-nar-2.6.0.nar-unpacked
	org.apache.nifi.processors.standard.RouteOnContent
		org.apache.nifi:nifi-standard-nar:2.6.0 || ./work/nar/extensions/nifi-standard-nar-2.6.0.nar-unpacked
	org.apache.nifi.processors.standard.GetSFTP
		org.apache.nifi:nifi-standard-nar:2.6.0 || ./work/nar/extensions/nifi-standard-nar-2.6.0.nar-unpacked
	org.apache.nifi.processors.standard.EncodeContent
		org.apache.nifi:nifi-standard-nar:2.6.0 || ./work/nar/extensions/nifi-standard-nar-2.6.0.nar-unpacked
	org.apache.nifi.processors.standard.InvokeHTTP
		org.apache.nifi:nifi-standard-nar:2.6.0 || ./work/nar/extensions/nifi-standard-nar-2.6.0.nar-unpacked
	org.apache.nifi.processors.elasticsearch.PutElasticsearchJson
		org.apache.nifi:nifi-elasticsearch-restapi-nar:2.6.0 || ./work/nar/extensions/nifi-elasticsearch-restapi-nar-2.6.0.nar-unpacked
	org.apache.nifi.processors.standard.AttributesToJSON
		org.apache.nifi:nifi-standard-nar:2.6.0 || ./work/nar/extensions/nifi-standard-nar-2.6.0.nar-unpacked
	org.apache.nifi.processors.standard.LogMessage
		org.apache.nifi:nifi-standard-nar:2.6.0 || ./work/nar/extensions/nifi-standard-nar-2.6.0.nar-unpacked
	org.apache.nifi.processors.elasticsearch.ConsumeElasticsearch
		org.apache.nifi:nifi-elasticsearch-restapi-nar:2.6.0 || ./work/nar/extensions/nifi-elasticsearch-restapi-nar-2.6.0.nar-unpacked
	org.apache.nifi.processors.gcp.vision.StartGcpVisionAnnotateFilesOperation
		org.apache.nifi:nifi-gcp-nar:2.6.0 || ./work/nar/extensions/nifi-gcp-nar-2.6.0.nar-unpacked
	org.apache.nifi.processors.standard.CalculateRecordStats
		org.apache.nifi:nifi-standard-nar:2.6.0 || ./work/nar/extensions/nifi-standard-nar-2.6.0.nar-unpacked
	org.apache.nifi.processors.jslt.JSLTTransformJSON
		org.apache.nifi:nifi-jslt-nar:2.6.0 || ./work/nar/extensions/nifi-jslt-nar-2.6.0.nar-unpacked
	org.apache.nifi.processors.azure.storage.ListAzureDataLakeStorage
		org.apache.nifi:nifi-azure-nar:2.6.0 || ./work/nar/extensions/nifi-azure-nar-2.6.0.nar-unpacked
	org.apache.nifi.processors.excel.SplitExcel
		org.apache.nifi:nifi-poi-nar:2.6.0 || ./work/nar/extensions/nifi-poi-nar-2.6.0.nar-unpacked
	org.apache.nifi.processors.aws.s3.CopyS3Object
		org.apache.nifi:nifi-aws-nar:2.6.0 || ./work/nar/extensions/nifi-aws-nar-2.6.0.nar-unpacked
	org.apache.nifi.processors.standard.FetchFTP
		org.apache.nifi:nifi-standard-nar:2.6.0 || ./work/nar/extensions/nifi-standard-nar-2.6.0.nar-unpacked
	org.apache.nifi.processors.azure.storage.PutAzureBlobStorage_v12
		org.apache.nifi:nifi-azure-nar:2.6.0 || ./work/nar/extensions/nifi-azure-nar-2.6.0.nar-unpacked
	org.apache.nifi.processors.standard.PutDatabaseRecord
		org.apache.nifi:nifi-standard-nar:2.6.0 || ./work/nar/extensions/nifi-standard-nar-2.6.0.nar-unpacked
	org.apache.nifi.processors.azure.storage.DeleteAzureDataLakeStorage
		org.apache.nifi:nifi-azure-nar:2.6.0 || ./work/nar/extensions/nifi-azure-nar-2.6.0.nar-unpacked
	org.apache.nifi.processors.standard.RouteOnAttribute
		org.apache.nifi:nifi-standard-nar:2.6.0 || ./work/nar/extensions/nifi-standard-nar-2.6.0.nar-unpacked
	org.apache.nifi.processors.standard.ScanContent
		org.apache.nifi:nifi-standard-nar:2.6.0 || ./work/nar/extensions/nifi-standard-nar-2.6.0.nar-unpacked
	org.apache.nifi.processors.gcp.drive.FetchGoogleDrive
		org.apache.nifi:nifi-gcp-nar:2.6.0 || ./work/nar/extensions/nifi-gcp-nar-2.6.0.nar-unpacked
	org.apache.nifi.processors.groovyx.ExecuteGroovyScript
		org.apache.nifi:nifi-groovyx-nar:2.6.0 || ./work/nar/extensions/nifi-groovyx-nar-2.6.0.nar-unpacked
	org.apache.nifi.processors.standard.LogAttribute
		org.apache.nifi:nifi-standard-nar:2.6.0 || ./work/nar/extensions/nifi-standard-nar-2.6.0.nar-unpacked
	org.apache.nifi.processors.box.GetBoxGroupMembers
		org.apache.nifi:nifi-box-nar:2.6.0 || ./work/nar/extensions/nifi-box-nar-2.6.0.nar-unpacked
	org.apache.nifi.processors.box.ListBoxFileMetadataTemplates
		org.apache.nifi:nifi-box-nar:2.6.0 || ./work/nar/extensions/nifi-box-nar-2.6.0.nar-unpacked
	org.apache.nifi.processors.jolt.JoltTransformRecord
		org.apache.nifi:nifi-jolt-nar:2.6.0 || ./work/nar/extensions/nifi-jolt-nar-2.6.0.nar-unpacked
	org.apache.nifi.processors.aws.kinesis.stream.PutKinesisStream
		org.apache.nifi:nifi-aws-nar:2.6.0 || ./work/nar/extensions/nifi-aws-nar-2.6.0.nar-unpacked
	org.apache.nifi.processors.box.ExtractStructuredBoxFileMetadata
		org.apache.nifi:nifi-box-nar:2.6.0 || ./work/nar/extensions/nifi-box-nar-2.6.0.nar-unpacked
	org.apache.nifi.processors.aws.s3.ListS3
		org.apache.nifi:nifi-aws-nar:2.6.0 || ./work/nar/extensions/nifi-aws-nar-2.6.0.nar-unpacked
	org.apache.nifi.processors.GeoEnrichIPRecord
		org.apache.nifi:nifi-enrich-nar:2.6.0 || ./work/nar/extensions/nifi-enrich-nar-2.6.0.nar-unpacked
	org.apache.nifi.processors.mongodb.gridfs.FetchGridFS
		org.apache.nifi:nifi-mongodb-nar:2.6.0 || ./work/nar/extensions/nifi-mongodb-nar-2.6.0.nar-unpacked
	org.apache.nifi.processors.standard.SplitJson
		org.apache.nifi:nifi-standard-nar:2.6.0 || ./work/nar/extensions/nifi-standard-nar-2.6.0.nar-unpacked
	org.apache.nifi.processors.mongodb.PutMongoRecord
		org.apache.nifi:nifi-mongodb-nar:2.6.0 || ./work/nar/extensions/nifi-mongodb-nar-2.6.0.nar-unpacked
	org.apache.nifi.processors.standard.ParseSyslog
		org.apache.nifi:nifi-standard-nar:2.6.0 || ./work/nar/extensions/nifi-standard-nar-2.6.0.nar-unpacked
	org.apache.nifi.processors.elasticsearch.DeleteByQueryElasticsearch
		org.apache.nifi:nifi-elasticsearch-restapi-nar:2.6.0 || ./work/nar/extensions/nifi-elasticsearch-restapi-nar-2.6.0.nar-unpacked
	org.apache.nifi.processors.elasticsearch.JsonQueryElasticsearch
		org.apache.nifi:nifi-elasticsearch-restapi-nar:2.6.0 || ./work/nar/extensions/nifi-elasticsearch-restapi-nar-2.6.0.nar-unpacked
	org.apache.nifi.processors.geohash.GeohashRecord
		org.apache.nifi:nifi-geohash-nar:2.6.0 || ./work/nar/extensions/nifi-geohash-nar-2.6.0.nar-unpacked
	org.apache.nifi.processors.mqtt.ConsumeMQTT
		org.apache.nifi:nifi-mqtt-nar:2.6.0 || ./work/nar/extensions/nifi-mqtt-nar-2.6.0.nar-unpacked
	org.apache.nifi.processors.azure.eventhub.ConsumeAzureEventHub
		org.apache.nifi:nifi-azure-nar:2.6.0 || ./work/nar/extensions/nifi-azure-nar-2.6.0.nar-unpacked
	org.apache.nifi.processors.standard.UpdateRecord
		org.apache.nifi:nifi-standard-nar:2.6.0 || ./work/nar/extensions/nifi-standard-nar-2.6.0.nar-unpacked
	org.apache.nifi.processors.hubspot.GetHubSpot
		org.apache.nifi:nifi-hubspot-nar:2.6.0 || ./work/nar/extensions/nifi-hubspot-nar-2.6.0.nar-unpacked
	org.apache.nifi.processors.gcp.storage.ListGCSBucket
		org.apache.nifi:nifi-gcp-nar:2.6.0 || ./work/nar/extensions/nifi-gcp-nar-2.6.0.nar-unpacked
	org.apache.nifi.processors.standard.FilterAttribute
		org.apache.nifi:nifi-standard-nar:2.6.0 || ./work/nar/extensions/nifi-standard-nar-2.6.0.nar-unpacked
	org.apache.nifi.processors.standard.PutDistributedMapCache
		org.apache.nifi:nifi-standard-nar:2.6.0 || ./work/nar/extensions/nifi-standard-nar-2.6.0.nar-unpacked
	org.apache.nifi.processors.standard.ModifyBytes
		org.apache.nifi:nifi-standard-nar:2.6.0 || ./work/nar/extensions/nifi-standard-nar-2.6.0.nar-unpacked
	org.apache.nifi.processors.script.ScriptedPartitionRecord
		org.apache.nifi:nifi-scripting-nar:2.6.0 || ./work/nar/extensions/nifi-scripting-nar-2.6.0.nar-unpacked
	org.apache.nifi.processors.aws.s3.GetS3ObjectMetadata
		org.apache.nifi:nifi-aws-nar:2.6.0 || ./work/nar/extensions/nifi-aws-nar-2.6.0.nar-unpacked
	org.apache.nifi.processors.gcp.drive.PutGoogleDrive
		org.apache.nifi:nifi-gcp-nar:2.6.0 || ./work/nar/extensions/nifi-gcp-nar-2.6.0.nar-unpacked
	org.apache.nifi.processors.slack.ListenSlack
		org.apache.nifi:nifi-slack-nar:2.6.0 || ./work/nar/extensions/nifi-slack-nar-2.6.0.nar-unpacked
	org.apache.nifi.processors.gcp.pubsub.PublishGCPubSub
		org.apache.nifi:nifi-gcp-nar:2.6.0 || ./work/nar/extensions/nifi-gcp-nar-2.6.0.nar-unpacked
	org.apache.nifi.processors.azure.eventhub.GetAzureEventHub
		org.apache.nifi:nifi-azure-nar:2.6.0 || ./work/nar/extensions/nifi-azure-nar-2.6.0.nar-unpacked
	org.apache.nifi.processors.standard.EvaluateXQuery
		org.apache.nifi:nifi-standard-nar:2.6.0 || ./work/nar/extensions/nifi-standard-nar-2.6.0.nar-unpacked
	org.apache.nifi.processors.standard.ListFile
		org.apache.nifi:nifi-standard-nar:2.6.0 || ./work/nar/extensions/nifi-standard-nar-2.6.0.nar-unpacked
	org.apache.nifi.processors.gcp.pubsub.ConsumeGCPubSub
		org.apache.nifi:nifi-gcp-nar:2.6.0 || ./work/nar/extensions/nifi-gcp-nar-2.6.0.nar-unpacked
	org.apache.nifi.processors.standard.ExtractRecordSchema
		org.apache.nifi:nifi-standard-nar:2.6.0 || ./work/nar/extensions/nifi-standard-nar-2.6.0.nar-unpacked
	org.apache.nifi.processors.standard.GenerateTableFetch
		org.apache.nifi:nifi-standard-nar:2.6.0 || ./work/nar/extensions/nifi-standard-nar-2.6.0.nar-unpacked
	org.apache.nifi.processors.standard.HandleHttpResponse
		org.apache.nifi:nifi-standard-nar:2.6.0 || ./work/nar/extensions/nifi-standard-nar-2.6.0.nar-unpacked
	org.apache.nifi.processors.box.ListBoxFileInfo
		org.apache.nifi:nifi-box-nar:2.6.0 || ./work/nar/extensions/nifi-box-nar-2.6.0.nar-unpacked
	org.apache.nifi.processors.aws.s3.GetS3ObjectTags
		org.apache.nifi:nifi-aws-nar:2.6.0 || ./work/nar/extensions/nifi-aws-nar-2.6.0.nar-unpacked
	org.apache.nifi.processors.splunk.GetSplunk
		org.apache.nifi:nifi-splunk-nar:2.6.0 || ./work/nar/extensions/nifi-splunk-nar-2.6.0.nar-unpacked
	org.apache.nifi.processors.standard.ListenFTP
		org.apache.nifi:nifi-standard-nar:2.6.0 || ./work/nar/extensions/nifi-standard-nar-2.6.0.nar-unpacked
	org.apache.nifi.processors.standard.ConvertRecord
		org.apache.nifi:nifi-standard-nar:2.6.0 || ./work/nar/extensions/nifi-standard-nar-2.6.0.nar-unpacked
	org.apache.nifi.processors.box.FetchBoxFileRepresentation
		org.apache.nifi:nifi-box-nar:2.6.0 || ./work/nar/extensions/nifi-box-nar-2.6.0.nar-unpacked
	org.apache.nifi.processors.mongodb.gridfs.PutGridFS
		org.apache.nifi:nifi-mongodb-nar:2.6.0 || ./work/nar/extensions/nifi-mongodb-nar-2.6.0.nar-unpacked
	org.apache.nifi.processors.standard.AttributesToCSV
		org.apache.nifi:nifi-standard-nar:2.6.0 || ./work/nar/extensions/nifi-standard-nar-2.6.0.nar-unpacked
	org.apache.nifi.processors.gcp.drive.ListGoogleDrive
		org.apache.nifi:nifi-gcp-nar:2.6.0 || ./work/nar/extensions/nifi-gcp-nar-2.6.0.nar-unpacked
	org.apache.nifi.processors.standard.RetryFlowFile
		org.apache.nifi:nifi-standard-nar:2.6.0 || ./work/nar/extensions/nifi-standard-nar-2.6.0.nar-unpacked
	org.apache.nifi.processors.standard.ListDatabaseTables
		org.apache.nifi:nifi-standard-nar:2.6.0 || ./work/nar/extensions/nifi-standard-nar-2.6.0.nar-unpacked
	org.apache.nifi.processors.websocket.PutWebSocket
		org.apache.nifi:nifi-websocket-processors-nar:2.6.0 || ./work/nar/extensions/nifi-websocket-processors-nar-2.6.0.nar-unpacked
	org.apache.nifi.processors.standard.ForkEnrichment
		org.apache.nifi:nifi-standard-nar:2.6.0 || ./work/nar/extensions/nifi-standard-nar-2.6.0.nar-unpacked
	org.apache.nifi.processors.standard.ExecuteProcess
		org.apache.nifi:nifi-standard-nar:2.6.0 || ./work/nar/extensions/nifi-standard-nar-2.6.0.nar-unpacked
	org.apache.nifi.processors.standard.ListSFTP
		org.apache.nifi:nifi-standard-nar:2.6.0 || ./work/nar/extensions/nifi-standard-nar-2.6.0.nar-unpacked
	org.apache.nifi.processors.zendesk.PutZendeskTicket
		org.apache.nifi:nifi-zendesk-nar:2.6.0 || ./work/nar/extensions/nifi-zendesk-nar-2.6.0.nar-unpacked
	org.apache.nifi.processors.aws.ml.textract.GetAwsTextractJobStatus
		org.apache.nifi:nifi-aws-nar:2.6.0 || ./work/nar/extensions/nifi-aws-nar-2.6.0.nar-unpacked
	org.apache.nifi.processors.aws.kinesis.firehose.PutKinesisFirehose
		org.apache.nifi:nifi-aws-nar:2.6.0 || ./work/nar/extensions/nifi-aws-nar-2.6.0.nar-unpacked
	org.apache.nifi.processors.evtx.ParseEvtx
		org.apache.nifi:nifi-evtx-nar:2.6.0 || ./work/nar/extensions/nifi-evtx-nar-2.6.0.nar-unpacked
	org.apache.nifi.processors.cipher.DecryptContentAge
		org.apache.nifi:nifi-cipher-nar:2.6.0 || ./work/nar/extensions/nifi-cipher-nar-2.6.0.nar-unpacked
	org.apache.nifi.processors.standard.CountText
		org.apache.nifi:nifi-standard-nar:2.6.0 || ./work/nar/extensions/nifi-standard-nar-2.6.0.nar-unpacked
	org.apache.nifi.processors.slack.PublishSlack
		org.apache.nifi:nifi-slack-nar:2.6.0 || ./work/nar/extensions/nifi-slack-nar-2.6.0.nar-unpacked
	org.apache.nifi.processors.dropbox.PutDropbox
		org.apache.nifi:nifi-dropbox-processors-nar:2.6.0 || ./work/nar/extensions/nifi-dropbox-processors-nar-2.6.0.nar-unpacked
	org.apache.nifi.processors.standard.QueryDatabaseTable
		org.apache.nifi:nifi-standard-nar:2.6.0 || ./work/nar/extensions/nifi-standard-nar-2.6.0.nar-unpacked
	org.apache.nifi.processors.standard.LookupRecord
		org.apache.nifi:nifi-standard-nar:2.6.0 || ./work/nar/extensions/nifi-standard-nar-2.6.0.nar-unpacked
	org.apache.nifi.processors.mongodb.PutMongoBulkOperations
		org.apache.nifi:nifi-mongodb-nar:2.6.0 || ./work/nar/extensions/nifi-mongodb-nar-2.6.0.nar-unpacked
	org.apache.nifi.processors.aws.s3.TagS3Object
		org.apache.nifi:nifi-aws-nar:2.6.0 || ./work/nar/extensions/nifi-aws-nar-2.6.0.nar-unpacked
	org.apache.nifi.processors.standard.RouteText
		org.apache.nifi:nifi-standard-nar:2.6.0 || ./work/nar/extensions/nifi-standard-nar-2.6.0.nar-unpacked
	org.apache.nifi.processors.pgp.DecryptContentPGP
		org.apache.nifi:nifi-pgp-nar:2.6.0 || ./work/nar/extensions/nifi-pgp-nar-2.6.0.nar-unpacked
	org.apache.nifi.processors.aws.s3.DeleteS3Object
		org.apache.nifi:nifi-aws-nar:2.6.0 || ./work/nar/extensions/nifi-aws-nar-2.6.0.nar-unpacked
	org.apache.nifi.processors.aws.sqs.DeleteSQS
		org.apache.nifi:nifi-aws-nar:2.6.0 || ./work/nar/extensions/nifi-aws-nar-2.6.0.nar-unpacked
	org.apache.nifi.processors.standard.PutTCP
		org.apache.nifi:nifi-standard-nar:2.6.0 || ./work/nar/extensions/nifi-standard-nar-2.6.0.nar-unpacked
	org.apache.nifi.snmp.processors.ListenTrapSNMP
		org.apache.nifi:nifi-snmp-nar:2.6.0 || ./work/nar/extensions/nifi-snmp-nar-2.6.0.nar-unpacked
	org.apache.nifi.processors.standard.ExtractText
		org.apache.nifi:nifi-standard-nar:2.6.0 || ./work/nar/extensions/nifi-standard-nar-2.6.0.nar-unpacked
	org.apache.nifi.processors.gcp.vision.GetGcpVisionAnnotateFilesOperationStatus
		org.apache.nifi:nifi-gcp-nar:2.6.0 || ./work/nar/extensions/nifi-gcp-nar-2.6.0.nar-unpacked
	org.apache.nifi.processors.standard.HandleHttpRequest
		org.apache.nifi:nifi-standard-nar:2.6.0 || ./work/nar/extensions/nifi-standard-nar-2.6.0.nar-unpacked
	org.apache.nifi.processors.standard.ScanAttribute
		org.apache.nifi:nifi-standard-nar:2.6.0 || ./work/nar/extensions/nifi-standard-nar-2.6.0.nar-unpacked
	org.apache.nifi.processors.script.ScriptedFilterRecord
		org.apache.nifi:nifi-scripting-nar:2.6.0 || ./work/nar/extensions/nifi-scripting-nar-2.6.0.nar-unpacked
	org.apache.nifi.processors.standard.TransformXml
		org.apache.nifi:nifi-standard-nar:2.6.0 || ./work/nar/extensions/nifi-standard-nar-2.6.0.nar-unpacked
	org.apache.nifi.processors.pgp.EncryptContentPGP
		org.apache.nifi:nifi-pgp-nar:2.6.0 || ./work/nar/extensions/nifi-pgp-nar-2.6.0.nar-unpacked
	org.apache.nifi.processors.email.ConsumeIMAP
		org.apache.nifi:nifi-email-nar:2.6.0 || ./work/nar/extensions/nifi-email-nar-2.6.0.nar-unpacked
	org.apache.nifi.processors.standard.MonitorActivity
		org.apache.nifi:nifi-standard-nar:2.6.0 || ./work/nar/extensions/nifi-standard-nar-2.6.0.nar-unpacked
	org.apache.nifi.processors.mongodb.GetMongo
		org.apache.nifi:nifi-mongodb-nar:2.6.0 || ./work/nar/extensions/nifi-mongodb-nar-2.6.0.nar-unpacked
	org.apache.nifi.processors.standard.SplitContent
		org.apache.nifi:nifi-standard-nar:2.6.0 || ./work/nar/extensions/nifi-standard-nar-2.6.0.nar-unpacked
	org.apache.nifi.processors.script.ScriptedTransformRecord
		org.apache.nifi:nifi-scripting-nar:2.6.0 || ./work/nar/extensions/nifi-scripting-nar-2.6.0.nar-unpacked
	org.apache.nifi.processors.standard.ExtractGrok
		org.apache.nifi:nifi-standard-nar:2.6.0 || ./work/nar/extensions/nifi-standard-nar-2.6.0.nar-unpacked
	org.apache.nifi.cdc.mysql.processors.CaptureChangeMySQL
		org.apache.nifi:nifi-cdc-mysql-nar:2.6.0 || ./work/nar/extensions/nifi-cdc-mysql-nar-2.6.0.nar-unpacked
	org.apache.nifi.processors.avro.SplitAvro
		org.apache.nifi:nifi-avro-nar:2.6.0 || ./work/nar/extensions/nifi-avro-nar-2.6.0.nar-unpacked
	org.apache.nifi.processors.azure.storage.ListAzureBlobStorage_v12
		org.apache.nifi:nifi-azure-nar:2.6.0 || ./work/nar/extensions/nifi-azure-nar-2.6.0.nar-unpacked
	org.apache.nifi.processors.workday.GetWorkdayReport
		org.apache.nifi:nifi-workday-processors-nar:2.6.0 || ./work/nar/extensions/nifi-workday-processors-nar-2.6.0.nar-unpacked
	org.apache.nifi.processors.azure.storage.FetchAzureBlobStorage_v12
		org.apache.nifi:nifi-azure-nar:2.6.0 || ./work/nar/extensions/nifi-azure-nar-2.6.0.nar-unpacked
	org.apache.nifi.processors.mongodb.DeleteMongo
		org.apache.nifi:nifi-mongodb-nar:2.6.0 || ./work/nar/extensions/nifi-mongodb-nar-2.6.0.nar-unpacked
	org.apache.nifi.processors.box.DeleteBoxFileMetadataInstance
		org.apache.nifi:nifi-box-nar:2.6.0 || ./work/nar/extensions/nifi-box-nar-2.6.0.nar-unpacked
	org.apache.nifi.processors.standard.SampleRecord
		org.apache.nifi:nifi-standard-nar:2.6.0 || ./work/nar/extensions/nifi-standard-nar-2.6.0.nar-unpacked
	org.apache.nifi.processors.aws.kinesis.stream.ConsumeKinesisStream
		org.apache.nifi:nifi-aws-nar:2.6.0 || ./work/nar/extensions/nifi-aws-nar-2.6.0.nar-unpacked
	org.apache.nifi.processors.azure.cosmos.document.PutAzureCosmosDBRecord
		org.apache.nifi:nifi-azure-nar:2.6.0 || ./work/nar/extensions/nifi-azure-nar-2.6.0.nar-unpacked
	org.apache.nifi.processors.standard.ValidateCsv
		org.apache.nifi:nifi-standard-nar:2.6.0 || ./work/nar/extensions/nifi-standard-nar-2.6.0.nar-unpacked
	org.apache.nifi.processors.standard.EnforceOrder
		org.apache.nifi:nifi-standard-nar:2.6.0 || ./work/nar/extensions/nifi-standard-nar-2.6.0.nar-unpacked
	org.apache.nifi.processors.gcp.storage.FetchGCSObject
		org.apache.nifi:nifi-gcp-nar:2.6.0 || ./work/nar/extensions/nifi-gcp-nar-2.6.0.nar-unpacked
	org.apache.nifi.processors.websocket.ListenWebSocket
		org.apache.nifi:nifi-websocket-processors-nar:2.6.0 || ./work/nar/extensions/nifi-websocket-processors-nar-2.6.0.nar-unpacked
	org.apache.nifi.processors.standard.SplitRecord
		org.apache.nifi:nifi-standard-nar:2.6.0 || ./work/nar/extensions/nifi-standard-nar-2.6.0.nar-unpacked
	org.apache.nifi.processors.standard.ExecuteSQL
		org.apache.nifi:nifi-standard-nar:2.6.0 || ./work/nar/extensions/nifi-standard-nar-2.6.0.nar-unpacked
	org.apache.nifi.processors.standard.TailFile
		org.apache.nifi:nifi-standard-nar:2.6.0 || ./work/nar/extensions/nifi-standard-nar-2.6.0.nar-unpacked
	org.apache.nifi.processors.azure.eventhub.PutAzureEventHub
		org.apache.nifi:nifi-azure-nar:2.6.0 || ./work/nar/extensions/nifi-azure-nar-2.6.0.nar-unpacked
	org.apache.nifi.processors.standard.LookupAttribute
		org.apache.nifi:nifi-standard-nar:2.6.0 || ./work/nar/extensions/nifi-standard-nar-2.6.0.nar-unpacked
	org.apache.nifi.processors.box.CreateBoxMetadataTemplate
		org.apache.nifi:nifi-box-nar:2.6.0 || ./work/nar/extensions/nifi-box-nar-2.6.0.nar-unpacked
	org.apache.nifi.processors.aws.ml.polly.StartAwsPollyJob
		org.apache.nifi:nifi-aws-nar:2.6.0 || ./work/nar/extensions/nifi-aws-nar-2.6.0.nar-unpacked
	org.apache.nifi.processors.standard.ConvertCharacterSet
		org.apache.nifi:nifi-standard-nar:2.6.0 || ./work/nar/extensions/nifi-standard-nar-2.6.0.nar-unpacked
	org.apache.nifi.processors.standard.PutRecord
		org.apache.nifi:nifi-standard-nar:2.6.0 || ./work/nar/extensions/nifi-standard-nar-2.6.0.nar-unpacked
	org.apache.nifi.processors.standard.ControlRate
		org.apache.nifi:nifi-standard-nar:2.6.0 || ./work/nar/extensions/nifi-standard-nar-2.6.0.nar-unpacked
	org.apache.nifi.amqp.processors.PublishAMQP
		org.apache.nifi:nifi-amqp-nar:2.6.0 || ./work/nar/extensions/nifi-amqp-nar-2.6.0.nar-unpacked
	org.apache.nifi.processors.standard.PackageFlowFile
		org.apache.nifi:nifi-standard-nar:2.6.0 || ./work/nar/extensions/nifi-standard-nar-2.6.0.nar-unpacked
	org.apache.nifi.processors.standard.EvaluateJsonPath
		org.apache.nifi:nifi-standard-nar:2.6.0 || ./work/nar/extensions/nifi-standard-nar-2.6.0.nar-unpacked
	org.apache.nifi.snmp.processors.SendTrapSNMP
		org.apache.nifi:nifi-snmp-nar:2.6.0 || ./work/nar/extensions/nifi-snmp-nar-2.6.0.nar-unpacked
	org.apache.nifi.processors.box.FetchBoxFile
		org.apache.nifi:nifi-box-nar:2.6.0 || ./work/nar/extensions/nifi-box-nar-2.6.0.nar-unpacked
	org.apache.nifi.processors.azure.data.explorer.QueryAzureDataExplorer
		org.apache.nifi:nifi-azure-nar:2.6.0 || ./work/nar/extensions/nifi-azure-nar-2.6.0.nar-unpacked
	org.apache.nifi.processors.elasticsearch.SearchElasticsearch
		org.apache.nifi:nifi-elasticsearch-restapi-nar:2.6.0 || ./work/nar/extensions/nifi-elasticsearch-restapi-nar-2.6.0.nar-unpacked
	org.apache.nifi.processors.mongodb.GetMongoRecord
		org.apache.nifi:nifi-mongodb-nar:2.6.0 || ./work/nar/extensions/nifi-mongodb-nar-2.6.0.nar-unpacked
	org.apache.nifi.processors.standard.ListenHTTP
		org.apache.nifi:nifi-standard-nar:2.6.0 || ./work/nar/extensions/nifi-standard-nar-2.6.0.nar-unpacked
	org.apache.nifi.processors.script.InvokeScriptedProcessor
		org.apache.nifi:nifi-scripting-nar:2.6.0 || ./work/nar/extensions/nifi-scripting-nar-2.6.0.nar-unpacked
	org.apache.nifi.processors.shopify.GetShopify
		org.apache.nifi:nifi-shopify-nar:2.6.0 || ./work/nar/extensions/nifi-shopify-nar-2.6.0.nar-unpacked
	org.apache.nifi.processors.aws.sns.PutSNS
		org.apache.nifi:nifi-aws-nar:2.6.0 || ./work/nar/extensions/nifi-aws-nar-2.6.0.nar-unpacked
	org.apache.nifi.processors.network.ParseNetflowv5
		org.apache.nifi:nifi-network-processors-nar:2.6.0 || ./work/nar/extensions/nifi-network-processors-nar-2.6.0.nar-unpacked
	org.apache.nifi.processors.standard.UnpackContent
		org.apache.nifi:nifi-standard-nar:2.6.0 || ./work/nar/extensions/nifi-standard-nar-2.6.0.nar-unpacked
	org.apache.nifi.processors.standard.PutEmail
		org.apache.nifi:nifi-standard-nar:2.6.0 || ./work/nar/extensions/nifi-standard-nar-2.6.0.nar-unpacked
	org.apache.nifi.processors.standard.FetchSFTP
		org.apache.nifi:nifi-standard-nar:2.6.0 || ./work/nar/extensions/nifi-standard-nar-2.6.0.nar-unpacked
	org.apache.nifi.processors.standard.ParseSyslog5424
		org.apache.nifi:nifi-standard-nar:2.6.0 || ./work/nar/extensions/nifi-standard-nar-2.6.0.nar-unpacked
	org.apache.nifi.processors.email.ConsumePOP3
		org.apache.nifi:nifi-email-nar:2.6.0 || ./work/nar/extensions/nifi-email-nar-2.6.0.nar-unpacked
	org.apache.nifi.processors.standard.PutFile
		org.apache.nifi:nifi-standard-nar:2.6.0 || ./work/nar/extensions/nifi-standard-nar-2.6.0.nar-unpacked
	org.apache.nifi.processors.standard.SegmentContent
		org.apache.nifi:nifi-standard-nar:2.6.0 || ./work/nar/extensions/nifi-standard-nar-2.6.0.nar-unpacked
	org.apache.nifi.processors.box.CreateBoxFileMetadataInstance
		org.apache.nifi:nifi-box-nar:2.6.0 || ./work/nar/extensions/nifi-box-nar-2.6.0.nar-unpacked
	org.apache.nifi.processors.standard.ValidateXml
		org.apache.nifi:nifi-standard-nar:2.6.0 || ./work/nar/extensions/nifi-standard-nar-2.6.0.nar-unpacked
	org.apache.nifi.processors.gcp.bigquery.PutBigQuery
		org.apache.nifi:nifi-gcp-nar:2.6.0 || ./work/nar/extensions/nifi-gcp-nar-2.6.0.nar-unpacked
	org.apache.nifi.processors.hl7.RouteHL7
		org.apache.nifi:nifi-hl7-nar:2.6.0 || ./work/nar/extensions/nifi-hl7-nar-2.6.0.nar-unpacked
	org.apache.nifi.snmp.processors.GetSNMP
		org.apache.nifi:nifi-snmp-nar:2.6.0 || ./work/nar/extensions/nifi-snmp-nar-2.6.0.nar-unpacked
	org.apache.nifi.processors.aws.cloudwatch.PutCloudWatchMetric
		org.apache.nifi:nifi-aws-nar:2.6.0 || ./work/nar/extensions/nifi-aws-nar-2.6.0.nar-unpacked
	org.apache.nifi.processors.box.ListBoxFileMetadataInstances
		org.apache.nifi:nifi-box-nar:2.6.0 || ./work/nar/extensions/nifi-box-nar-2.6.0.nar-unpacked
	org.apache.nifi.processors.elasticsearch.UpdateByQueryElasticsearch
		org.apache.nifi:nifi-elasticsearch-restapi-nar:2.6.0 || ./work/nar/extensions/nifi-elasticsearch-restapi-nar-2.6.0.nar-unpacked
	org.apache.nifi.processors.splunk.QuerySplunkIndexingStatus
		org.apache.nifi:nifi-splunk-nar:2.6.0 || ./work/nar/extensions/nifi-splunk-nar-2.6.0.nar-unpacked
	org.apache.nifi.processors.standard.RemoveRecordField
		org.apache.nifi:nifi-standard-nar:2.6.0 || ./work/nar/extensions/nifi-standard-nar-2.6.0.nar-unpacked
	org.apache.nifi.processors.azure.storage.FetchAzureDataLakeStorage
		org.apache.nifi:nifi-azure-nar:2.6.0 || ./work/nar/extensions/nifi-azure-nar-2.6.0.nar-unpacked
	org.apache.nifi.processors.standard.GenerateFlowFile
		org.apache.nifi:nifi-standard-nar:2.6.0 || ./work/nar/extensions/nifi-standard-nar-2.6.0.nar-unpacked
	org.apache.nifi.processors.aws.ml.transcribe.GetAwsTranscribeJobStatus
		org.apache.nifi:nifi-aws-nar:2.6.0 || ./work/nar/extensions/nifi-aws-nar-2.6.0.nar-unpacked
	org.apache.nifi.processors.aws.dynamodb.PutDynamoDBRecord
		org.apache.nifi:nifi-aws-nar:2.6.0 || ./work/nar/extensions/nifi-aws-nar-2.6.0.nar-unpacked
	org.apache.nifi.processors.windows.event.log.ConsumeWindowsEventLog
		org.apache.nifi:nifi-windows-event-log-nar:2.6.0 || ./work/nar/extensions/nifi-windows-event-log-nar-2.6.0.nar-unpacked
	org.apache.nifi.processors.elasticsearch.PaginatedJsonQueryElasticsearch
		org.apache.nifi:nifi-elasticsearch-restapi-nar:2.6.0 || ./work/nar/extensions/nifi-elasticsearch-restapi-nar-2.6.0.nar-unpacked
	org.apache.nifi.processors.mqtt.PublishMQTT
		org.apache.nifi:nifi-mqtt-nar:2.6.0 || ./work/nar/extensions/nifi-mqtt-nar-2.6.0.nar-unpacked
	org.apache.nifi.processors.box.PutBoxFile
		org.apache.nifi:nifi-box-nar:2.6.0 || ./work/nar/extensions/nifi-box-nar-2.6.0.nar-unpacked
	org.apache.nifi.processors.standard.DeleteSFTP
		org.apache.nifi:nifi-standard-nar:2.6.0 || ./work/nar/extensions/nifi-standard-nar-2.6.0.nar-unpacked
	org.apache.nifi.processors.standard.ExecuteSQLRecord
		org.apache.nifi:nifi-standard-nar:2.6.0 || ./work/nar/extensions/nifi-standard-nar-2.6.0.nar-unpacked
	org.apache.nifi.processors.standard.ListFTP
		org.apache.nifi:nifi-standard-nar:2.6.0 || ./work/nar/extensions/nifi-standard-nar-2.6.0.nar-unpacked
	org.apache.nifi.processors.standard.PartitionRecord
		org.apache.nifi:nifi-standard-nar:2.6.0 || ./work/nar/extensions/nifi-standard-nar-2.6.0.nar-unpacked
	org.apache.nifi.redis.processor.PutRedisHashRecord
		org.apache.nifi:nifi-redis-nar:2.6.0 || ./work/nar/extensions/nifi-redis-nar-2.6.0.nar-unpacked
	org.apache.nifi.processors.aws.sqs.PutSQS
		org.apache.nifi:nifi-aws-nar:2.6.0 || ./work/nar/extensions/nifi-aws-nar-2.6.0.nar-unpacked
	org.apache.nifi.processors.standard.Wait
		org.apache.nifi:nifi-standard-nar:2.6.0 || ./work/nar/extensions/nifi-standard-nar-2.6.0.nar-unpacked
	org.apache.nifi.processors.aws.ml.transcribe.StartAwsTranscribeJob
		org.apache.nifi:nifi-aws-nar:2.6.0 || ./work/nar/extensions/nifi-aws-nar-2.6.0.nar-unpacked
	org.apache.nifi.processors.standard.FetchFile
		org.apache.nifi:nifi-standard-nar:2.6.0 || ./work/nar/extensions/nifi-standard-nar-2.6.0.nar-unpacked
	org.apache.nifi.processors.dropbox.FetchDropbox
		org.apache.nifi:nifi-dropbox-processors-nar:2.6.0 || ./work/nar/extensions/nifi-dropbox-processors-nar-2.6.0.nar-unpacked
	org.apache.nifi.processors.standard.PutSFTP
		org.apache.nifi:nifi-standard-nar:2.6.0 || ./work/nar/extensions/nifi-standard-nar-2.6.0.nar-unpacked
	org.apache.nifi.processors.aws.ml.translate.StartAwsTranslateJob
		org.apache.nifi:nifi-aws-nar:2.6.0 || ./work/nar/extensions/nifi-aws-nar-2.6.0.nar-unpacked
	org.apache.nifi.processors.standard.Notify
		org.apache.nifi:nifi-standard-nar:2.6.0 || ./work/nar/extensions/nifi-standard-nar-2.6.0.nar-unpacked
	org.apache.nifi.processors.standard.GetFTP
		org.apache.nifi:nifi-standard-nar:2.6.0 || ./work/nar/extensions/nifi-standard-nar-2.6.0.nar-unpacked
	org.apache.nifi.processors.script.ScriptedValidateRecord
		org.apache.nifi:nifi-scripting-nar:2.6.0 || ./work/nar/extensions/nifi-scripting-nar-2.6.0.nar-unpacked
	org.apache.nifi.processors.standard.ListenSyslog
		org.apache.nifi:nifi-standard-nar:2.6.0 || ./work/nar/extensions/nifi-standard-nar-2.6.0.nar-unpacked
	org.apache.nifi.processors.azure.storage.CopyAzureBlobStorage_v12
		org.apache.nifi:nifi-azure-nar:2.6.0 || ./work/nar/extensions/nifi-azure-nar-2.6.0.nar-unpacked
	org.apache.nifi.processors.gcp.vision.StartGcpVisionAnnotateImagesOperation
		org.apache.nifi:nifi-gcp-nar:2.6.0 || ./work/nar/extensions/nifi-gcp-nar-2.6.0.nar-unpacked
	org.apache.nifi.processors.box.UpdateBoxFileMetadataInstance
		org.apache.nifi:nifi-box-nar:2.6.0 || ./work/nar/extensions/nifi-box-nar-2.6.0.nar-unpacked
	org.apache.nifi.processors.standard.GenerateRecord
		org.apache.nifi:nifi-standard-nar:2.6.0 || ./work/nar/extensions/nifi-standard-nar-2.6.0.nar-unpacked
	org.apache.nifi.processors.azure.data.explorer.PutAzureDataExplorer
		org.apache.nifi:nifi-azure-nar:2.6.0 || ./work/nar/extensions/nifi-azure-nar-2.6.0.nar-unpacked
	org.apache.nifi.kafka.processors.PublishKafka
		org.apache.nifi:nifi-kafka-nar:2.6.0 || ./work/nar/extensions/nifi-kafka-nar-2.6.0.nar-unpacked
	org.apache.nifi.processors.standard.ListenUDP
		org.apache.nifi:nifi-standard-nar:2.6.0 || ./work/nar/extensions/nifi-standard-nar-2.6.0.nar-unpacked
	org.apache.nifi.processors.mongodb.gridfs.DeleteGridFS
		org.apache.nifi:nifi-mongodb-nar:2.6.0 || ./work/nar/extensions/nifi-mongodb-nar-2.6.0.nar-unpacked
	org.apache.nifi.processors.standard.RenameRecordField
		org.apache.nifi:nifi-standard-nar:2.6.0 || ./work/nar/extensions/nifi-standard-nar-2.6.0.nar-unpacked
	org.apache.nifi.processors.standard.DistributeLoad
		org.apache.nifi:nifi-standard-nar:2.6.0 || ./work/nar/extensions/nifi-standard-nar-2.6.0.nar-unpacked
	org.apache.nifi.processors.standard.PutSQL
		org.apache.nifi:nifi-standard-nar:2.6.0 || ./work/nar/extensions/nifi-standard-nar-2.6.0.nar-unpacked
	org.apache.nifi.processors.standard.DeleteFile
		org.apache.nifi:nifi-standard-nar:2.6.0 || ./work/nar/extensions/nifi-standard-nar-2.6.0.nar-unpacked
	org.apache.nifi.processors.email.ExtractEmailAttachments
		org.apache.nifi:nifi-email-nar:2.6.0 || ./work/nar/extensions/nifi-email-nar-2.6.0.nar-unpacked
	org.apache.nifi.processors.smb.PutSmbFile
		org.apache.nifi:nifi-smb-nar:2.6.0 || ./work/nar/extensions/nifi-smb-nar-2.6.0.nar-unpacked
	org.apache.nifi.processors.box.FetchBoxFileMetadataInstance
		org.apache.nifi:nifi-box-nar:2.6.0 || ./work/nar/extensions/nifi-box-nar-2.6.0.nar-unpacked
	org.apache.nifi.processors.standard.CryptographicHashContent
		org.apache.nifi:nifi-standard-nar:2.6.0 || ./work/nar/extensions/nifi-standard-nar-2.6.0.nar-unpacked
	org.apache.nifi.processors.cipher.EncryptContentAge
		org.apache.nifi:nifi-cipher-nar:2.6.0 || ./work/nar/extensions/nifi-cipher-nar-2.6.0.nar-unpacked
	=== End Processor types ===
	=== LeaderElectionManager Type ===
	org.apache.nifi.kubernetes.leader.election.KubernetesLeaderElectionManager
		org.apache.nifi:nifi-framework-kubernetes-nar:2.6.0 || ./work/nar/extensions/nifi-framework-kubernetes-nar-2.6.0.nar-unpacked
	org.apache.nifi.framework.cluster.leader.zookeeper.CuratorLeaderElectionManager
		org.apache.nifi:nifi-framework-zookeeper-nar:2.6.0 || ./work/nar/extensions/nifi-framework-zookeeper-nar-2.6.0.nar-unpacked
	=== End LeaderElectionManager types ===
	=== FlowAnalysisRule Type ===
	org.apache.nifi.flowanalysis.rules.RequireServerSSLContextService
		org.apache.nifi:nifi-standard-nar:2.6.0 || ./work/nar/extensions/nifi-standard-nar-2.6.0.nar-unpacked
	org.apache.nifi.flowanalysis.rules.RestrictBackpressureSettings
		org.apache.nifi:nifi-standard-nar:2.6.0 || ./work/nar/extensions/nifi-standard-nar-2.6.0.nar-unpacked
	org.apache.nifi.flowanalysis.rules.DisallowComponentType
		org.apache.nifi:nifi-standard-nar:2.6.0 || ./work/nar/extensions/nifi-standard-nar-2.6.0.nar-unpacked
	org.apache.nifi.flowanalysis.rules.RestrictFlowFileExpiration
		org.apache.nifi:nifi-standard-nar:2.6.0 || ./work/nar/extensions/nifi-standard-nar-2.6.0.nar-unpacked
	=== End FlowAnalysisRule types ===
	=== ExternalResourceProvider Type ===
	org.apache.nifi.registry.extension.NiFiRegistryExternalResourceProvider
		org.apache.nifi:nifi-framework-nar:2.6.0 || ./work/nar/framework/nifi-framework-nar-2.6.0.nar-unpacked
	=== End ExternalResourceProvider types ===
	=== StateProvider Type ===
	org.apache.nifi.kubernetes.state.provider.KubernetesConfigMapStateProvider
		org.apache.nifi:nifi-framework-kubernetes-nar:2.6.0 || ./work/nar/extensions/nifi-framework-kubernetes-nar-2.6.0.nar-unpacked
	org.apache.nifi.controller.state.providers.zookeeper.ZooKeeperStateProvider
		org.apache.nifi:nifi-framework-zookeeper-nar:2.6.0 || ./work/nar/extensions/nifi-framework-zookeeper-nar-2.6.0.nar-unpacked
	org.apache.nifi.controller.state.providers.zookeeper.server.ZooKeeperStateProviderServer
		org.apache.nifi:nifi-framework-zookeeper-nar:2.6.0 || ./work/nar/extensions/nifi-framework-zookeeper-nar-2.6.0.nar-unpacked
	org.apache.nifi.redis.state.RedisStateProvider
		org.apache.nifi:nifi-redis-nar:2.6.0 || ./work/nar/extensions/nifi-redis-nar-2.6.0.nar-unpacked
	org.apache.nifi.controller.state.providers.local.WriteAheadLocalStateProvider
		org.apache.nifi:nifi-framework-nar:2.6.0 || ./work/nar/framework/nifi-framework-nar-2.6.0.nar-unpacked
	=== End StateProvider types ===
	=== PythonBridge Type ===
	org.apache.nifi.py4j.StandardPythonBridge
		org.apache.nifi:nifi-py4j-nar:2.6.0 || ./work/nar/extensions/nifi-py4j-nar-2.6.0.nar-unpacked
	=== End PythonBridge types ===
	=== FlowFilePrioritizer Type ===
	org.apache.nifi.prioritizer.FirstInFirstOutPrioritizer
		org.apache.nifi:nifi-framework-nar:2.6.0 || ./work/nar/framework/nifi-framework-nar-2.6.0.nar-unpacked
	org.apache.nifi.prioritizer.NewestFlowFileFirstPrioritizer
		org.apache.nifi:nifi-framework-nar:2.6.0 || ./work/nar/framework/nifi-framework-nar-2.6.0.nar-unpacked
	org.apache.nifi.prioritizer.OldestFlowFileFirstPrioritizer
		org.apache.nifi:nifi-framework-nar:2.6.0 || ./work/nar/framework/nifi-framework-nar-2.6.0.nar-unpacked
	org.apache.nifi.prioritizer.PriorityAttributePrioritizer
		org.apache.nifi:nifi-framework-nar:2.6.0 || ./work/nar/framework/nifi-framework-nar-2.6.0.nar-unpacked
	=== End FlowFilePrioritizer types ===
	=== StatusAnalyticsModel Type ===
	org.apache.nifi.controller.status.analytics.models.OrdinaryLeastSquares
		org.apache.nifi:nifi-framework-nar:2.6.0 || ./work/nar/framework/nifi-framework-nar-2.6.0.nar-unpacked
	org.apache.nifi.controller.status.analytics.models.SimpleRegression
		org.apache.nifi:nifi-framework-nar:2.6.0 || ./work/nar/framework/nifi-framework-nar-2.6.0.nar-unpacked
	=== End StatusAnalyticsModel types ===
	=== ProvenanceRepository Type ===
	org.apache.nifi.provenance.WriteAheadProvenanceRepository
		org.apache.nifi:nifi-provenance-repository-nar:2.6.0 || ./work/nar/extensions/nifi-provenance-repository-nar-2.6.0.nar-unpacked
	org.apache.nifi.provenance.NoOpProvenanceRepository
		org.apache.nifi:nifi-provenance-repository-nar:2.6.0 || ./work/nar/extensions/nifi-provenance-repository-nar-2.6.0.nar-unpacked
	org.apache.nifi.provenance.VolatileProvenanceRepository
		org.apache.nifi:nifi-provenance-repository-nar:2.6.0 || ./work/nar/extensions/nifi-provenance-repository-nar-2.6.0.nar-unpacked
	=== End ProvenanceRepository types ===
2025-10-12 08:26:51,934 INFO [main] o.a.n.f.r.CompositeExternalResourceProviderService Starting External Resource Provider Service ...
2025-10-12 08:26:51,937 INFO [main] o.a.n.f.r.CompositeExternalResourceProviderService External Resource Provider Service is started successfully
2025-10-12 08:26:51,945 INFO [main] org.apache.nifi.nar.NarAutoLoader Found 0 initial NARs from directory nar_extensions
2025-10-12 08:26:51,955 INFO [main] org.apache.nifi.nar.NarAutoLoader Starting NAR Auto-Loader Thread for directory /opt/nifi/nifi-current/nar_extensions ...
2025-10-12 08:26:51,962 INFO [main] org.eclipse.jetty.server.Server jetty-12.0.27; built: 2025-09-10T23:47:49.595Z; git: 3569a3e83ad136ee44e26b370b74c1c5e9f33e61; jvm 21.0.8+12-LTS
2025-10-12 08:26:52,891 INFO [main] o.e.j.session.DefaultSessionIdManager Session workerName=node0
2025-10-12 08:26:52,899 INFO [main] o.e.jetty.server.handler.ContextHandler Started oeje10w.WebAppContext@25d0b918{/nifi-standard-content-viewer-2.6.0,/nifi-standard-content-viewer-2.6.0,b=file:///opt/nifi/nifi-current/work/jetty/nifi-standard-content-viewer-2.6.0.war/webapp/,a=AVAILABLE,h=oeje10s.SessionHandler@39afe59f{STARTED}}{./work/nar/extensions/nifi-standard-content-viewer-nar-2.6.0.nar-unpacked/NAR-INF/bundled-dependencies/nifi-standard-content-viewer-2.6.0.war}
2025-10-12 08:26:52,910 INFO [main] o.a.n.w.c.v.StandardServletContextListener Standard Content Viewer Initialized
2025-10-12 08:26:52,966 INFO [main] o.e.j.ee10.servlet.ServletContextHandler Started oeje10w.WebAppContext@25d0b918{/nifi-standard-content-viewer-2.6.0,/nifi-standard-content-viewer-2.6.0,b=file:///opt/nifi/nifi-current/work/jetty/nifi-standard-content-viewer-2.6.0.war/webapp/,a=AVAILABLE,h=oeje10s.SessionHandler@39afe59f{STARTED}}{./work/nar/extensions/nifi-standard-content-viewer-nar-2.6.0.nar-unpacked/NAR-INF/bundled-dependencies/nifi-standard-content-viewer-2.6.0.war}
2025-10-12 08:26:53,393 INFO [main] o.e.jetty.server.handler.ContextHandler Started oeje10w.WebAppContext@71285693{/nifi-jolt-transform-json-ui-2.6.0,/nifi-jolt-transform-json-ui-2.6.0,b=file:///opt/nifi/nifi-current/work/jetty/nifi-jolt-transform-json-ui-2.6.0.war/webapp/,a=AVAILABLE,h=oeje10s.SessionHandler@2cacb445{STARTED}}{./work/nar/extensions/nifi-jolt-nar-2.6.0.nar-unpacked/NAR-INF/bundled-dependencies/nifi-jolt-transform-json-ui-2.6.0.war}
2025-10-12 08:26:53,401 INFO [main] o.e.j.ee10.servlet.ServletContextHandler Started oeje10w.WebAppContext@71285693{/nifi-jolt-transform-json-ui-2.6.0,/nifi-jolt-transform-json-ui-2.6.0,b=file:///opt/nifi/nifi-current/work/jetty/nifi-jolt-transform-json-ui-2.6.0.war/webapp/,a=AVAILABLE,h=oeje10s.SessionHandler@2cacb445{STARTED}}{./work/nar/extensions/nifi-jolt-nar-2.6.0.nar-unpacked/NAR-INF/bundled-dependencies/nifi-jolt-transform-json-ui-2.6.0.war}
2025-10-12 08:26:53,827 INFO [main] o.e.jetty.server.handler.ContextHandler Started oeje10w.WebAppContext@49925d21{/nifi-update-attribute-ui-2.6.0,/nifi-update-attribute-ui-2.6.0,b=file:///opt/nifi/nifi-current/work/jetty/nifi-update-attribute-ui-2.6.0.war/webapp/,a=AVAILABLE,h=oeje10s.SessionHandler@586486c{STARTED}}{./work/nar/extensions/nifi-update-attribute-nar-2.6.0.nar-unpacked/NAR-INF/bundled-dependencies/nifi-update-attribute-ui-2.6.0.war}
2025-10-12 08:26:53,833 INFO [main] o.e.j.ee10.servlet.ServletContextHandler Started oeje10w.WebAppContext@49925d21{/nifi-update-attribute-ui-2.6.0,/nifi-update-attribute-ui-2.6.0,b=file:///opt/nifi/nifi-current/work/jetty/nifi-update-attribute-ui-2.6.0.war/webapp/,a=AVAILABLE,h=oeje10s.SessionHandler@586486c{STARTED}}{./work/nar/extensions/nifi-update-attribute-nar-2.6.0.nar-unpacked/NAR-INF/bundled-dependencies/nifi-update-attribute-ui-2.6.0.war}
2025-10-12 08:26:54,292 INFO [main] o.e.j.s.handler.ContextHandler._nifi_api No Spring WebApplicationInitializer types detected on classpath
2025-10-12 08:26:54,307 INFO [main] o.e.jetty.server.handler.ContextHandler Started oeje10w.WebAppContext@6cb662e8{nifi-api,/nifi-api,b=file:///opt/nifi/nifi-current/work/jetty/nifi-web-api-2.6.0.war/webapp/,a=AVAILABLE,h=oeje10s.SessionHandler@6a6a2fdd{STARTED}}{./work/nar/extensions/nifi-server-nar-2.6.0.nar-unpacked/NAR-INF/bundled-dependencies/nifi-web-api-2.6.0.war}
2025-10-12 08:26:54,310 INFO [main] o.e.j.s.handler.ContextHandler._nifi_api Initializing Spring root WebApplicationContext
2025-10-12 08:26:55,823 INFO [main] o.a.nifi.properties.NiFiPropertiesLoader Loading Application Properties [/opt/nifi/nifi-current/conf/nifi.properties]
2025-10-12 08:26:56,095 INFO [main] o.a.n.wali.SequentialAccessWriteAheadLog Recovering records from Write-Ahead Log at ./state/local
2025-10-12 08:26:56,098 INFO [main] o.a.n.wali.SequentialAccessWriteAheadLog No Snapshot File to recover from at ./state/local. Now recovering records from 0 journal files
2025-10-12 08:26:56,099 INFO [main] o.a.n.wali.SequentialAccessWriteAheadLog Successfully recovered 0 records in 2 milliseconds. Now checkpointing to ensure that Write-Ahead Log is in a consistent state
2025-10-12 08:26:56,110 INFO [main] o.a.n.wali.SequentialAccessWriteAheadLog Checkpointed Write-Ahead Log with 0 Records and 0 Swap Files in 10 milliseconds (Stop-the-world time = 6 milliseconds), max Transaction ID -1
2025-10-12 08:26:56,790 INFO [main] jetbrains.exodus.env.EnvironmentImpl Exodus environment created: ./database_repository
2025-10-12 08:26:56,939 INFO [main] o.a.n.a.service.EntityStoreAuditService Environment configured with directory [./database_repository]
2025-10-12 08:26:57,196 WARN [main] org.apache.nifi.util.FlowParser Flow Configuration does not exist or was empty
2025-10-12 08:26:58,216 INFO [main] o.a.n.c.r.WriteAheadFlowFileRepository Initialized FlowFile Repository
2025-10-12 08:26:58,222 INFO [main] o.apache.nifi.controller.FlowController Creating Provenance Repository [org.apache.nifi.provenance.WriteAheadProvenanceRepository]
2025-10-12 08:26:58,296 INFO [main] o.a.n.p.store.WriteAheadStorePartition After recovering ./provenance_repository, next Event ID to be generated will be 0
2025-10-12 08:26:58,301 INFO [main] o.a.n.p.index.lucene.LuceneEventIndex Will avoid re-indexing Provenance Events because the newest index is defunct, so it will be re-indexed in the background
2025-10-12 08:26:58,305 INFO [main] o.apache.nifi.controller.FlowController Creating Content Repository [org.apache.nifi.controller.repository.FileSystemRepository]
2025-10-12 08:26:58,313 INFO [main] o.a.n.c.repository.FileSystemRepository Maximum Threshold for Container default set to 129732141219 bytes; if volume exceeds this size, archived data will be deleted until it no longer exceeds this size
2025-10-12 08:26:58,316 INFO [main] o.a.n.c.repository.FileSystemRepository Initializing FileSystemRepository with 'Always Sync' set to false
2025-10-12 08:26:58,831 INFO [main] org.apache.nifi.py4j.PythonProcess Launching Python Process python3 /opt/nifi/nifi-current/./python/framework/Controller.py with working directory ./work/python/controller to communicate with Java on Port 33909
2025-10-12 08:26:59,261 INFO [python-log-164] org.apache.nifi.py4j.Controller Listening for requests from Java side using Python Port 44023, communicating with Java on port 33909
2025-10-12 08:26:59,355 INFO [main] org.apache.nifi.py4j.PythonProcess Successfully started and pinged Python Server. Python Process = Process[pid=164, exitValue="not exited"]
2025-10-12 08:27:00,573 INFO [main] o.a.n.n.NarPersistenceProviderFactoryBean Creating NAR Persistence Provider [org.apache.nifi.nar.StandardNarPersistenceProvider]
2025-10-12 08:27:00,583 INFO [main] o.a.n.nar.StandardNarPersistenceProvider Loaded persistence info for 0 NARs
2025-10-12 08:27:00,584 INFO [main] o.a.n.nar.StandardNarPersistenceProvider Initialization completed with storage location [/opt/nifi/nifi-current/./nar_repository]
2025-10-12 08:27:00,611 INFO [main] org.apache.nifi.nar.StandardNarManager Loading stored NAR files [0]
2025-10-12 08:27:01,592 INFO [main] o.a.n.a.s.u.SingleUserLoginIdentityProvider 

Generated Username [e6b1eb55-6a69-4e6d-8999-2e7b261d66a9]
Generated Password [MyJeERVzTH1UtDm908h7LnQwjTxgnwwZ]

2025-10-12 08:27:01,596 INFO [main] o.a.n.a.s.u.SingleUserLoginIdentityProvider Run the following command to change credentials: nifi.sh set-single-user-credentials USERNAME PASSWORD
2025-10-12 08:27:01,969 INFO [main] o.a.n.a.s.u.SingleUserLoginIdentityProvider Updating Login Identity Providers Configuration [./conf/login-identity-providers.xml]
2025-10-12 08:27:04,782 INFO [main] o.s.s.c.a.a.c.InitializeAuthenticationProviderBeanManagerConfigurer$InitializeAuthenticationProviderManagerConfigurer Found 5 AuthenticationProvider beans, with names [anonymousAuthenticationProvider, jwtAuthenticationProvider, oidcAuthorizationCodeAuthenticationProvider, openSamlAuthenticationProvider, x509AuthenticationProvider]. Global Authentication Manager will not be configured with AuthenticationProviders. Consider publishing a single AuthenticationProvider bean, or wiring your Providers directly using the DSL.
2025-10-12 08:27:05,294 INFO [main] o.a.n.w.c.ApplicationStartupContextListener Starting Flow Controller...
2025-10-12 08:27:05,302 INFO [main] o.a.n.c.s.VersionedFlowSynchronizer Synchronizing FlowController with proposed flow: Controller Already Synchronized = false
2025-10-12 08:27:05,311 INFO [main] o.a.n.c.s.VersionedFlowSynchronizer Successfully synchronized dataflow with the proposed flow in 9 millis
2025-10-12 08:27:05,311 INFO [main] o.apache.nifi.controller.FlowController Successfully synchronized controller with proposed flow. Flow contains the following number of components: {Processors=0, Controller Services=0, Reporting Tasks=0, Flow Analysis Rules=0, Process Groups=0, Remote Process Groups=0, Parameter Providers=0, Flow Registry Clients=0, Local Input Ports=0, Local Output Ports=0, Public Input Ports=0, Public Output Ports=0}
2025-10-12 08:27:05,382 INFO [main] o.a.n.wali.SequentialAccessWriteAheadLog Recovering records from Write-Ahead Log at ./flowfile_repository
2025-10-12 08:27:05,383 INFO [main] o.a.n.wali.SequentialAccessWriteAheadLog No Snapshot File to recover from at ./flowfile_repository. Now recovering records from 0 journal files
2025-10-12 08:27:05,384 INFO [main] o.a.n.wali.SequentialAccessWriteAheadLog Successfully recovered 0 records in 0 milliseconds. Now checkpointing to ensure that Write-Ahead Log is in a consistent state
2025-10-12 08:27:05,415 INFO [main] o.a.n.wali.SequentialAccessWriteAheadLog Checkpointed Write-Ahead Log with 0 Records and 0 Swap Files in 30 milliseconds (Stop-the-world time = 26 milliseconds), max Transaction ID -1
2025-10-12 08:27:05,418 INFO [main] o.a.n.c.r.WriteAheadFlowFileRepository Successfully restored 0 FlowFiles and 0 Swap Files
2025-10-12 08:27:05,467 INFO [main] o.apache.nifi.controller.FlowController Scheduled Flow Registry synchronization every 30 min
2025-10-12 08:27:05,478 INFO [main] o.apache.nifi.controller.FlowController Performed initial validation of all components in 4 milliseconds
2025-10-12 08:27:05,479 INFO [main] o.apache.nifi.controller.FlowController Starting 0 Stateless Process Groups
2025-10-12 08:27:05,479 INFO [main] o.apache.nifi.controller.FlowController Starting 0 processors/ports/funnels
2025-10-12 08:27:05,480 INFO [main] o.apache.nifi.controller.FlowController Started 0 Remote Group Ports transmitting
2025-10-12 08:27:05,481 INFO [main] o.a.n.w.c.ApplicationStartupContextListener Flow Controller started successfully.
2025-10-12 08:27:07,279 INFO [main] o.e.j.ee10.servlet.ServletContextHandler Started oeje10w.WebAppContext@6cb662e8{nifi-api,/nifi-api,b=file:///opt/nifi/nifi-current/work/jetty/nifi-web-api-2.6.0.war/webapp/,a=AVAILABLE,h=oeje10s.SessionHandler@6a6a2fdd{STARTED}}{./work/nar/extensions/nifi-server-nar-2.6.0.nar-unpacked/NAR-INF/bundled-dependencies/nifi-web-api-2.6.0.war}
2025-10-12 08:27:07,577 INFO [main] o.e.j.s.handler.ContextHandler._nifi No Spring WebApplicationInitializer types detected on classpath
2025-10-12 08:27:07,580 INFO [main] o.e.jetty.server.handler.ContextHandler Started oeje10w.WebAppContext@1ec7b3f2{/nifi,/nifi,b=file:///opt/nifi/nifi-current/work/jetty/nifi-ui-2.6.0.war/webapp/,a=AVAILABLE,h=oeje10s.SessionHandler@39379890{STARTED}}{./work/nar/extensions/nifi-server-nar-2.6.0.nar-unpacked/NAR-INF/bundled-dependencies/nifi-ui-2.6.0.war}
2025-10-12 08:27:07,583 INFO [main] o.e.j.ee10.servlet.ServletContextHandler Started oeje10w.WebAppContext@1ec7b3f2{/nifi,/nifi,b=file:///opt/nifi/nifi-current/work/jetty/nifi-ui-2.6.0.war/webapp/,a=AVAILABLE,h=oeje10s.SessionHandler@39379890{STARTED}}{./work/nar/extensions/nifi-server-nar-2.6.0.nar-unpacked/NAR-INF/bundled-dependencies/nifi-ui-2.6.0.war}
2025-10-12 08:27:07,599 INFO [main] o.eclipse.jetty.server.AbstractConnector Started ServerConnector@55eb3b57{SSL, (ssl, alpn, h2, http/1.1)}{d8491c85f0ce:8443}
2025-10-12 08:27:07,603 INFO [main] org.eclipse.jetty.server.Server Started oejs.Server@13a268cd{STARTING}[12.0.27,sto=0] @33012ms
2025-10-12 08:27:07,605 INFO [main] org.apache.nifi.web.server.JettyServer Started Server on https://d8491c85f0ce:8443/nifi
2025-10-12 08:27:07,623 INFO [main] o.a.n.runtime.StandardManagementServer Started Management Server on http://127.0.0.1:52020
2025-10-12 08:27:07,626 INFO [main] org.apache.nifi.runtime.Application Started Application in 32.165 seconds (32165546439 ns)
2025-10-12 08:27:25,420 INFO [Checkpoint FlowFile Repository] o.a.n.c.r.WriteAheadFlowFileRepository Initiating checkpoint of FlowFile Repository
2025-10-12 08:27:25,421 INFO [Checkpoint FlowFile Repository] o.a.n.c.r.WriteAheadFlowFileRepository Successfully checkpointed FlowFile Repository with 0 records in 0 milliseconds
2025-10-12 08:27:45,420 INFO [Checkpoint FlowFile Repository] o.a.n.c.r.WriteAheadFlowFileRepository Initiating checkpoint of FlowFile Repository
2025-10-12 08:27:45,421 INFO [Checkpoint FlowFile Repository] o.a.n.c.r.WriteAheadFlowFileRepository Successfully checkpointed FlowFile Repository with 0 records in 0 milliseconds
2025-10-12 08:27:58,755 INFO [Cleanup Archive for default] o.a.n.c.repository.FileSystemRepository Successfully deleted 0 files (0 bytes) from archive
2025-10-12 08:27:58,760 INFO [Cleanup Archive for default] o.a.n.c.repository.FileSystemRepository Archive cleanup completed for container default; will now allow writing to this container. Bytes used = 83 GB, bytes free = 923.85 GB, capacity = 1,006.85 GB
2025-10-12 08:28:05,420 INFO [Checkpoint FlowFile Repository] o.a.n.c.r.WriteAheadFlowFileRepository Initiating checkpoint of FlowFile Repository
2025-10-12 08:28:05,421 INFO [Checkpoint FlowFile Repository] o.a.n.c.r.WriteAheadFlowFileRepository Successfully checkpointed FlowFile Repository with 0 records in 0 milliseconds
2025-10-12 08:28:25,422 INFO [Checkpoint FlowFile Repository] o.a.n.c.r.WriteAheadFlowFileRepository Initiating checkpoint of FlowFile Repository
2025-10-12 08:28:25,424 INFO [Checkpoint FlowFile Repository] o.a.n.c.r.WriteAheadFlowFileRepository Successfully checkpointed FlowFile Repository with 0 records in 0 milliseconds
2025-10-12 08:28:45,423 INFO [Checkpoint FlowFile Repository] o.a.n.c.r.WriteAheadFlowFileRepository Initiating checkpoint of FlowFile Repository
2025-10-12 08:28:45,431 INFO [Checkpoint FlowFile Repository] o.a.n.c.r.WriteAheadFlowFileRepository Successfully checkpointed FlowFile Repository with 0 records in 0 milliseconds
2025-10-12 08:28:56,108 INFO [Write-Ahead Local State Provider Maintenance] o.a.n.wali.SequentialAccessWriteAheadLog Checkpointed Write-Ahead Log with 2 Records and 0 Swap Files in 3 milliseconds (Stop-the-world time = 1 milliseconds), max Transaction ID 1
2025-10-12 08:28:58,772 INFO [Cleanup Archive for default] o.a.n.c.repository.FileSystemRepository Successfully deleted 0 files (0 bytes) from archive
2025-10-12 08:28:58,774 INFO [Cleanup Archive for default] o.a.n.c.repository.FileSystemRepository Archive cleanup completed for container default; will now allow writing to this container. Bytes used = 83 GB, bytes free = 923.85 GB, capacity = 1,006.85 GB
2025-10-12 08:29:05,438 INFO [Checkpoint FlowFile Repository] o.a.n.c.r.WriteAheadFlowFileRepository Initiating checkpoint of FlowFile Repository
2025-10-12 08:29:05,439 INFO [Checkpoint FlowFile Repository] o.a.n.c.r.WriteAheadFlowFileRepository Successfully checkpointed FlowFile Repository with 0 records in 0 milliseconds
2025-10-12 08:29:25,440 INFO [Checkpoint FlowFile Repository] o.a.n.c.r.WriteAheadFlowFileRepository Initiating checkpoint of FlowFile Repository
2025-10-12 08:29:25,442 INFO [Checkpoint FlowFile Repository] o.a.n.c.r.WriteAheadFlowFileRepository Successfully checkpointed FlowFile Repository with 0 records in 0 milliseconds
2025-10-12 08:29:45,441 INFO [Checkpoint FlowFile Repository] o.a.n.c.r.WriteAheadFlowFileRepository Initiating checkpoint of FlowFile Repository
2025-10-12 08:29:45,442 INFO [Checkpoint FlowFile Repository] o.a.n.c.r.WriteAheadFlowFileRepository Successfully checkpointed FlowFile Repository with 0 records in 0 milliseconds
2025-10-12 08:29:58,788 INFO [Cleanup Archive for default] o.a.n.c.repository.FileSystemRepository Successfully deleted 0 files (0 bytes) from archive
2025-10-12 08:29:58,789 INFO [Cleanup Archive for default] o.a.n.c.repository.FileSystemRepository Archive cleanup completed for container default; will now allow writing to this container. Bytes used = 83 GB, bytes free = 923.85 GB, capacity = 1,006.85 GB
2025-10-12 08:30:05,441 INFO [Checkpoint FlowFile Repository] o.a.n.c.r.WriteAheadFlowFileRepository Initiating checkpoint of FlowFile Repository
2025-10-12 08:30:05,443 INFO [Checkpoint FlowFile Repository] o.a.n.c.r.WriteAheadFlowFileRepository Successfully checkpointed FlowFile Repository with 0 records in 0 milliseconds
2025-10-12 08:30:25,444 INFO [Checkpoint FlowFile Repository] o.a.n.c.r.WriteAheadFlowFileRepository Initiating checkpoint of FlowFile Repository
2025-10-12 08:30:25,446 INFO [Checkpoint FlowFile Repository] o.a.n.c.r.WriteAheadFlowFileRepository Successfully checkpointed FlowFile Repository with 0 records in 0 milliseconds
2025-10-12 08:30:45,445 INFO [Checkpoint FlowFile Repository] o.a.n.c.r.WriteAheadFlowFileRepository Initiating checkpoint of FlowFile Repository
2025-10-12 08:30:45,447 INFO [Checkpoint FlowFile Repository] o.a.n.c.r.WriteAheadFlowFileRepository Successfully checkpointed FlowFile Repository with 0 records in 0 milliseconds
2025-10-12 08:30:58,805 INFO [Cleanup Archive for default] o.a.n.c.repository.FileSystemRepository Successfully deleted 0 files (0 bytes) from archive
2025-10-12 08:30:58,807 INFO [Cleanup Archive for default] o.a.n.c.repository.FileSystemRepository Archive cleanup completed for container default; will now allow writing to this container. Bytes used = 83 GB, bytes free = 923.85 GB, capacity = 1,006.85 GB
2025-10-12 08:31:05,447 INFO [Checkpoint FlowFile Repository] o.a.n.c.r.WriteAheadFlowFileRepository Initiating checkpoint of FlowFile Repository
2025-10-12 08:31:05,448 INFO [Checkpoint FlowFile Repository] o.a.n.c.r.WriteAheadFlowFileRepository Successfully checkpointed FlowFile Repository with 0 records in 0 milliseconds
2025-10-12 08:31:25,450 INFO [Checkpoint FlowFile Repository] o.a.n.c.r.WriteAheadFlowFileRepository Initiating checkpoint of FlowFile Repository
2025-10-12 08:31:25,452 INFO [Checkpoint FlowFile Repository] o.a.n.c.r.WriteAheadFlowFileRepository Successfully checkpointed FlowFile Repository with 0 records in 0 milliseconds
2025-10-12 08:31:45,449 INFO [Checkpoint FlowFile Repository] o.a.n.c.r.WriteAheadFlowFileRepository Initiating checkpoint of FlowFile Repository
2025-10-12 08:31:45,451 INFO [Checkpoint FlowFile Repository] o.a.n.c.r.WriteAheadFlowFileRepository Successfully checkpointed FlowFile Repository with 0 records in 0 milliseconds
2025-10-12 08:31:58,825 INFO [Cleanup Archive for default] o.a.n.c.repository.FileSystemRepository Successfully deleted 0 files (0 bytes) from archive
2025-10-12 08:31:58,826 INFO [Cleanup Archive for default] o.a.n.c.repository.FileSystemRepository Archive cleanup completed for container default; will now allow writing to this container. Bytes used = 83 GB, bytes free = 923.85 GB, capacity = 1,006.85 GB
2025-10-12 08:32:05,452 INFO [Checkpoint FlowFile Repository] o.a.n.c.r.WriteAheadFlowFileRepository Initiating checkpoint of FlowFile Repository
2025-10-12 08:32:05,453 INFO [Checkpoint FlowFile Repository] o.a.n.c.r.WriteAheadFlowFileRepository Successfully checkpointed FlowFile Repository with 0 records in 0 milliseconds
2025-10-12 08:32:25,454 INFO [Checkpoint FlowFile Repository] o.a.n.c.r.WriteAheadFlowFileRepository Initiating checkpoint of FlowFile Repository
2025-10-12 08:32:25,455 INFO [Checkpoint FlowFile Repository] o.a.n.c.r.WriteAheadFlowFileRepository Successfully checkpointed FlowFile Repository with 0 records in 0 milliseconds
2025-10-12 08:32:45,454 INFO [Checkpoint FlowFile Repository] o.a.n.c.r.WriteAheadFlowFileRepository Initiating checkpoint of FlowFile Repository
2025-10-12 08:32:45,455 INFO [Checkpoint FlowFile Repository] o.a.n.c.r.WriteAheadFlowFileRepository Successfully checkpointed FlowFile Repository with 0 records in 0 milliseconds
2025-10-12 08:32:58,847 INFO [Cleanup Archive for default] o.a.n.c.repository.FileSystemRepository Successfully deleted 0 files (0 bytes) from archive
2025-10-12 08:32:58,848 INFO [Cleanup Archive for default] o.a.n.c.repository.FileSystemRepository Archive cleanup completed for container default; will now allow writing to this container. Bytes used = 83 GB, bytes free = 923.85 GB, capacity = 1,006.85 GB
2025-10-12 08:33:05,454 INFO [Checkpoint FlowFile Repository] o.a.n.c.r.WriteAheadFlowFileRepository Initiating checkpoint of FlowFile Repository
2025-10-12 08:33:05,456 INFO [Checkpoint FlowFile Repository] o.a.n.c.r.WriteAheadFlowFileRepository Successfully checkpointed FlowFile Repository with 0 records in 0 milliseconds
2025-10-12 08:33:25,457 INFO [Checkpoint FlowFile Repository] o.a.n.c.r.WriteAheadFlowFileRepository Initiating checkpoint of FlowFile Repository
2025-10-12 08:33:25,459 INFO [Checkpoint FlowFile Repository] o.a.n.c.r.WriteAheadFlowFileRepository Successfully checkpointed FlowFile Repository with 0 records in 0 milliseconds
2025-10-12 08:33:45,459 INFO [Checkpoint FlowFile Repository] o.a.n.c.r.WriteAheadFlowFileRepository Initiating checkpoint of FlowFile Repository
2025-10-12 08:33:45,460 INFO [Checkpoint FlowFile Repository] o.a.n.c.r.WriteAheadFlowFileRepository Successfully checkpointed FlowFile Repository with 0 records in 0 milliseconds
2025-10-12 08:33:58,863 INFO [Cleanup Archive for default] o.a.n.c.repository.FileSystemRepository Successfully deleted 0 files (0 bytes) from archive
2025-10-12 08:33:58,864 INFO [Cleanup Archive for default] o.a.n.c.repository.FileSystemRepository Archive cleanup completed for container default; will now allow writing to this container. Bytes used = 83 GB, bytes free = 923.85 GB, capacity = 1,006.85 GB
2025-10-12 08:34:05,459 INFO [Checkpoint FlowFile Repository] o.a.n.c.r.WriteAheadFlowFileRepository Initiating checkpoint of FlowFile Repository
2025-10-12 08:34:05,460 INFO [Checkpoint FlowFile Repository] o.a.n.c.r.WriteAheadFlowFileRepository Successfully checkpointed FlowFile Repository with 0 records in 0 milliseconds
2025-10-12 08:34:25,461 INFO [Checkpoint FlowFile Repository] o.a.n.c.r.WriteAheadFlowFileRepository Initiating checkpoint of FlowFile Repository
2025-10-12 08:34:25,462 INFO [Checkpoint FlowFile Repository] o.a.n.c.r.WriteAheadFlowFileRepository Successfully checkpointed FlowFile Repository with 0 records in 0 milliseconds
2025-10-12 08:34:45,462 INFO [Checkpoint FlowFile Repository] o.a.n.c.r.WriteAheadFlowFileRepository Initiating checkpoint of FlowFile Repository
2025-10-12 08:34:45,463 INFO [Checkpoint FlowFile Repository] o.a.n.c.r.WriteAheadFlowFileRepository Successfully checkpointed FlowFile Repository with 0 records in 0 milliseconds
2025-10-12 08:34:58,872 INFO [Cleanup Archive for default] o.a.n.c.repository.FileSystemRepository Successfully deleted 0 files (0 bytes) from archive
2025-10-12 08:34:58,873 INFO [Cleanup Archive for default] o.a.n.c.repository.FileSystemRepository Archive cleanup completed for container default; will now allow writing to this container. Bytes used = 83 GB, bytes free = 923.85 GB, capacity = 1,006.85 GB
2025-10-12 08:35:05,462 INFO [Checkpoint FlowFile Repository] o.a.n.c.r.WriteAheadFlowFileRepository Initiating checkpoint of FlowFile Repository
2025-10-12 08:35:05,464 INFO [Checkpoint FlowFile Repository] o.a.n.c.r.WriteAheadFlowFileRepository Successfully checkpointed FlowFile Repository with 0 records in 0 milliseconds
2025-10-12 08:35:25,466 INFO [Checkpoint FlowFile Repository] o.a.n.c.r.WriteAheadFlowFileRepository Initiating checkpoint of FlowFile Repository
2025-10-12 08:35:25,467 INFO [Checkpoint FlowFile Repository] o.a.n.c.r.WriteAheadFlowFileRepository Successfully checkpointed FlowFile Repository with 0 records in 0 milliseconds
2025-10-12 08:35:45,466 INFO [Checkpoint FlowFile Repository] o.a.n.c.r.WriteAheadFlowFileRepository Initiating checkpoint of FlowFile Repository
2025-10-12 08:35:45,467 INFO [Checkpoint FlowFile Repository] o.a.n.c.r.WriteAheadFlowFileRepository Successfully checkpointed FlowFile Repository with 0 records in 0 milliseconds
2025-10-12 08:35:58,889 INFO [Cleanup Archive for default] o.a.n.c.repository.FileSystemRepository Successfully deleted 0 files (0 bytes) from archive
2025-10-12 08:35:58,891 INFO [Cleanup Archive for default] o.a.n.c.repository.FileSystemRepository Archive cleanup completed for container default; will now allow writing to this container. Bytes used = 83 GB, bytes free = 923.85 GB, capacity = 1,006.85 GB
2025-10-12 08:36:05,467 INFO [Checkpoint FlowFile Repository] o.a.n.c.r.WriteAheadFlowFileRepository Initiating checkpoint of FlowFile Repository
2025-10-12 08:36:05,469 INFO [Checkpoint FlowFile Repository] o.a.n.c.r.WriteAheadFlowFileRepository Successfully checkpointed FlowFile Repository with 0 records in 0 milliseconds
2025-10-12 08:36:25,471 INFO [Checkpoint FlowFile Repository] o.a.n.c.r.WriteAheadFlowFileRepository Initiating checkpoint of FlowFile Repository
2025-10-12 08:36:25,471 INFO [Checkpoint FlowFile Repository] o.a.n.c.r.WriteAheadFlowFileRepository Successfully checkpointed FlowFile Repository with 0 records in 0 milliseconds
2025-10-12 08:36:45,470 INFO [Checkpoint FlowFile Repository] o.a.n.c.r.WriteAheadFlowFileRepository Initiating checkpoint of FlowFile Repository
2025-10-12 08:36:45,472 INFO [Checkpoint FlowFile Repository] o.a.n.c.r.WriteAheadFlowFileRepository Successfully checkpointed FlowFile Repository with 0 records in 0 milliseconds
2025-10-12 08:36:58,907 INFO [Cleanup Archive for default] o.a.n.c.repository.FileSystemRepository Successfully deleted 0 files (0 bytes) from archive
2025-10-12 08:36:58,909 INFO [Cleanup Archive for default] o.a.n.c.repository.FileSystemRepository Archive cleanup completed for container default; will now allow writing to this container. Bytes used = 83 GB, bytes free = 923.85 GB, capacity = 1,006.85 GB
2025-10-12 08:37:05,472 INFO [Checkpoint FlowFile Repository] o.a.n.c.r.WriteAheadFlowFileRepository Initiating checkpoint of FlowFile Repository
2025-10-12 08:37:05,474 INFO [Checkpoint FlowFile Repository] o.a.n.c.r.WriteAheadFlowFileRepository Successfully checkpointed FlowFile Repository with 0 records in 0 milliseconds
2025-10-12 08:37:25,475 INFO [Checkpoint FlowFile Repository] o.a.n.c.r.WriteAheadFlowFileRepository Initiating checkpoint of FlowFile Repository
2025-10-12 08:37:25,478 INFO [Checkpoint FlowFile Repository] o.a.n.c.r.WriteAheadFlowFileRepository Successfully checkpointed FlowFile Repository with 0 records in 0 milliseconds
2025-10-12 08:37:45,476 INFO [Checkpoint FlowFile Repository] o.a.n.c.r.WriteAheadFlowFileRepository Initiating checkpoint of FlowFile Repository
2025-10-12 08:37:45,478 INFO [Checkpoint FlowFile Repository] o.a.n.c.r.WriteAheadFlowFileRepository Successfully checkpointed FlowFile Repository with 0 records in 0 milliseconds
2025-10-12 08:37:59,230 INFO [Cleanup Archive for default] o.a.n.c.repository.FileSystemRepository Successfully deleted 0 files (0 bytes) from archive
2025-10-12 08:37:59,233 INFO [Cleanup Archive for default] o.a.n.c.repository.FileSystemRepository Archive cleanup completed for container default; will now allow writing to this container. Bytes used = 83 GB, bytes free = 923.85 GB, capacity = 1,006.85 GB
2025-10-12 08:38:05,478 INFO [Checkpoint FlowFile Repository] o.a.n.c.r.WriteAheadFlowFileRepository Initiating checkpoint of FlowFile Repository
2025-10-12 08:38:05,479 INFO [Checkpoint FlowFile Repository] o.a.n.c.r.WriteAheadFlowFileRepository Successfully checkpointed FlowFile Repository with 0 records in 0 milliseconds
2025-10-12 08:38:25,480 INFO [Checkpoint FlowFile Repository] o.a.n.c.r.WriteAheadFlowFileRepository Initiating checkpoint of FlowFile Repository
2025-10-12 08:38:25,481 INFO [Checkpoint FlowFile Repository] o.a.n.c.r.WriteAheadFlowFileRepository Successfully checkpointed FlowFile Repository with 0 records in 0 milliseconds
2025-10-12 08:38:45,479 INFO [Checkpoint FlowFile Repository] o.a.n.c.r.WriteAheadFlowFileRepository Initiating checkpoint of FlowFile Repository
2025-10-12 08:38:45,481 INFO [Checkpoint FlowFile Repository] o.a.n.c.r.WriteAheadFlowFileRepository Successfully checkpointed FlowFile Repository with 0 records in 0 milliseconds
2025-10-12 08:38:59,245 INFO [Cleanup Archive for default] o.a.n.c.repository.FileSystemRepository Successfully deleted 0 files (0 bytes) from archive
2025-10-12 08:38:59,247 INFO [Cleanup Archive for default] o.a.n.c.repository.FileSystemRepository Archive cleanup completed for container default; will now allow writing to this container. Bytes used = 83 GB, bytes free = 923.85 GB, capacity = 1,006.85 GB
2025-10-12 08:39:05,481 INFO [Checkpoint FlowFile Repository] o.a.n.c.r.WriteAheadFlowFileRepository Initiating checkpoint of FlowFile Repository
2025-10-12 08:39:05,482 INFO [Checkpoint FlowFile Repository] o.a.n.c.r.WriteAheadFlowFileRepository Successfully checkpointed FlowFile Repository with 0 records in 0 milliseconds
2025-10-12 08:39:25,483 INFO [Checkpoint FlowFile Repository] o.a.n.c.r.WriteAheadFlowFileRepository Initiating checkpoint of FlowFile Repository
2025-10-12 08:39:25,484 INFO [Checkpoint FlowFile Repository] o.a.n.c.r.WriteAheadFlowFileRepository Successfully checkpointed FlowFile Repository with 0 records in 0 milliseconds
2025-10-12 08:39:45,483 INFO [Checkpoint FlowFile Repository] o.a.n.c.r.WriteAheadFlowFileRepository Initiating checkpoint of FlowFile Repository
2025-10-12 08:39:45,485 INFO [Checkpoint FlowFile Repository] o.a.n.c.r.WriteAheadFlowFileRepository Successfully checkpointed FlowFile Repository with 0 records in 0 milliseconds
2025-10-12 08:39:59,256 INFO [Cleanup Archive for default] o.a.n.c.repository.FileSystemRepository Successfully deleted 0 files (0 bytes) from archive
2025-10-12 08:39:59,257 INFO [Cleanup Archive for default] o.a.n.c.repository.FileSystemRepository Archive cleanup completed for container default; will now allow writing to this container. Bytes used = 83 GB, bytes free = 923.85 GB, capacity = 1,006.85 GB
2025-10-12 08:40:05,484 INFO [Checkpoint FlowFile Repository] o.a.n.c.r.WriteAheadFlowFileRepository Initiating checkpoint of FlowFile Repository
2025-10-12 08:40:05,486 INFO [Checkpoint FlowFile Repository] o.a.n.c.r.WriteAheadFlowFileRepository Successfully checkpointed FlowFile Repository with 0 records in 0 milliseconds
2025-10-12 08:40:25,490 INFO [Checkpoint FlowFile Repository] o.a.n.c.r.WriteAheadFlowFileRepository Initiating checkpoint of FlowFile Repository
2025-10-12 08:40:25,491 INFO [Checkpoint FlowFile Repository] o.a.n.c.r.WriteAheadFlowFileRepository Successfully checkpointed FlowFile Repository with 0 records in 0 milliseconds
2025-10-12 08:40:45,490 INFO [Checkpoint FlowFile Repository] o.a.n.c.r.WriteAheadFlowFileRepository Initiating checkpoint of FlowFile Repository
2025-10-12 08:40:45,491 INFO [Checkpoint FlowFile Repository] o.a.n.c.r.WriteAheadFlowFileRepository Successfully checkpointed FlowFile Repository with 0 records in 0 milliseconds
2025-10-12 08:40:59,268 INFO [Cleanup Archive for default] o.a.n.c.repository.FileSystemRepository Successfully deleted 0 files (0 bytes) from archive
2025-10-12 08:40:59,270 INFO [Cleanup Archive for default] o.a.n.c.repository.FileSystemRepository Archive cleanup completed for container default; will now allow writing to this container. Bytes used = 83 GB, bytes free = 923.85 GB, capacity = 1,006.85 GB
2025-10-12 08:41:05,490 INFO [Checkpoint FlowFile Repository] o.a.n.c.r.WriteAheadFlowFileRepository Initiating checkpoint of FlowFile Repository
2025-10-12 08:41:05,491 INFO [Checkpoint FlowFile Repository] o.a.n.c.r.WriteAheadFlowFileRepository Successfully checkpointed FlowFile Repository with 0 records in 0 milliseconds
2025-10-12 08:41:25,494 INFO [Checkpoint FlowFile Repository] o.a.n.c.r.WriteAheadFlowFileRepository Initiating checkpoint of FlowFile Repository
2025-10-12 08:41:25,495 INFO [Checkpoint FlowFile Repository] o.a.n.c.r.WriteAheadFlowFileRepository Successfully checkpointed FlowFile Repository with 0 records in 0 milliseconds
2025-10-12 08:41:45,496 INFO [Checkpoint FlowFile Repository] o.a.n.c.r.WriteAheadFlowFileRepository Initiating checkpoint of FlowFile Repository
2025-10-12 08:41:45,497 INFO [Checkpoint FlowFile Repository] o.a.n.c.r.WriteAheadFlowFileRepository Successfully checkpointed FlowFile Repository with 0 records in 0 milliseconds
2025-10-12 08:41:59,281 INFO [Cleanup Archive for default] o.a.n.c.repository.FileSystemRepository Successfully deleted 0 files (0 bytes) from archive
2025-10-12 08:41:59,283 INFO [Cleanup Archive for default] o.a.n.c.repository.FileSystemRepository Archive cleanup completed for container default; will now allow writing to this container. Bytes used = 83 GB, bytes free = 923.85 GB, capacity = 1,006.85 GB
2025-10-12 08:42:05,495 INFO [Checkpoint FlowFile Repository] o.a.n.c.r.WriteAheadFlowFileRepository Initiating checkpoint of FlowFile Repository
2025-10-12 08:42:05,496 INFO [Checkpoint FlowFile Repository] o.a.n.c.r.WriteAheadFlowFileRepository Successfully checkpointed FlowFile Repository with 0 records in 0 milliseconds
2025-10-12 08:42:25,497 INFO [Checkpoint FlowFile Repository] o.a.n.c.r.WriteAheadFlowFileRepository Initiating checkpoint of FlowFile Repository
2025-10-12 08:42:25,499 INFO [Checkpoint FlowFile Repository] o.a.n.c.r.WriteAheadFlowFileRepository Successfully checkpointed FlowFile Repository with 0 records in 0 milliseconds
2025-10-12 08:42:45,499 INFO [Checkpoint FlowFile Repository] o.a.n.c.r.WriteAheadFlowFileRepository Initiating checkpoint of FlowFile Repository
2025-10-12 08:42:45,500 INFO [Checkpoint FlowFile Repository] o.a.n.c.r.WriteAheadFlowFileRepository Successfully checkpointed FlowFile Repository with 0 records in 0 milliseconds
2025-10-12 08:42:59,301 INFO [Cleanup Archive for default] o.a.n.c.repository.FileSystemRepository Successfully deleted 0 files (0 bytes) from archive
2025-10-12 08:42:59,302 INFO [Cleanup Archive for default] o.a.n.c.repository.FileSystemRepository Archive cleanup completed for container default; will now allow writing to this container. Bytes used = 83 GB, bytes free = 923.85 GB, capacity = 1,006.85 GB
2025-10-12 08:43:05,499 INFO [Checkpoint FlowFile Repository] o.a.n.c.r.WriteAheadFlowFileRepository Initiating checkpoint of FlowFile Repository
2025-10-12 08:43:05,501 INFO [Checkpoint FlowFile Repository] o.a.n.c.r.WriteAheadFlowFileRepository Successfully checkpointed FlowFile Repository with 0 records in 0 milliseconds
2025-10-12 08:43:25,502 INFO [Checkpoint FlowFile Repository] o.a.n.c.r.WriteAheadFlowFileRepository Initiating checkpoint of FlowFile Repository
2025-10-12 08:43:25,503 INFO [Checkpoint FlowFile Repository] o.a.n.c.r.WriteAheadFlowFileRepository Successfully checkpointed FlowFile Repository with 0 records in 0 milliseconds
2025-10-12 08:43:45,503 INFO [Checkpoint FlowFile Repository] o.a.n.c.r.WriteAheadFlowFileRepository Initiating checkpoint of FlowFile Repository
2025-10-12 08:43:45,505 INFO [Checkpoint FlowFile Repository] o.a.n.c.r.WriteAheadFlowFileRepository Successfully checkpointed FlowFile Repository with 0 records in 0 milliseconds
2025-10-12 08:43:59,316 INFO [Cleanup Archive for default] o.a.n.c.repository.FileSystemRepository Successfully deleted 0 files (0 bytes) from archive
2025-10-12 08:43:59,326 INFO [Cleanup Archive for default] o.a.n.c.repository.FileSystemRepository Archive cleanup completed for container default; will now allow writing to this container. Bytes used = 83 GB, bytes free = 923.85 GB, capacity = 1,006.85 GB
2025-10-12 08:44:05,504 INFO [Checkpoint FlowFile Repository] o.a.n.c.r.WriteAheadFlowFileRepository Initiating checkpoint of FlowFile Repository
2025-10-12 08:44:05,505 INFO [Checkpoint FlowFile Repository] o.a.n.c.r.WriteAheadFlowFileRepository Successfully checkpointed FlowFile Repository with 0 records in 0 milliseconds
2025-10-12 08:44:25,507 INFO [Checkpoint FlowFile Repository] o.a.n.c.r.WriteAheadFlowFileRepository Initiating checkpoint of FlowFile Repository
2025-10-12 08:44:25,508 INFO [Checkpoint FlowFile Repository] o.a.n.c.r.WriteAheadFlowFileRepository Successfully checkpointed FlowFile Repository with 0 records in 0 milliseconds
2025-10-12 08:44:45,508 INFO [Checkpoint FlowFile Repository] o.a.n.c.r.WriteAheadFlowFileRepository Initiating checkpoint of FlowFile Repository
2025-10-12 08:44:45,509 INFO [Checkpoint FlowFile Repository] o.a.n.c.r.WriteAheadFlowFileRepository Successfully checkpointed FlowFile Repository with 0 records in 0 milliseconds
2025-10-12 08:44:59,341 INFO [Cleanup Archive for default] o.a.n.c.repository.FileSystemRepository Successfully deleted 0 files (0 bytes) from archive
2025-10-12 08:44:59,343 INFO [Cleanup Archive for default] o.a.n.c.repository.FileSystemRepository Archive cleanup completed for container default; will now allow writing to this container. Bytes used = 83 GB, bytes free = 923.85 GB, capacity = 1,006.85 GB
2025-10-12 08:45:05,510 INFO [Checkpoint FlowFile Repository] o.a.n.c.r.WriteAheadFlowFileRepository Initiating checkpoint of FlowFile Repository
2025-10-12 08:45:05,510 INFO [Checkpoint FlowFile Repository] o.a.n.c.r.WriteAheadFlowFileRepository Successfully checkpointed FlowFile Repository with 0 records in 0 milliseconds
2025-10-12 08:45:25,511 INFO [Checkpoint FlowFile Repository] o.a.n.c.r.WriteAheadFlowFileRepository Initiating checkpoint of FlowFile Repository
2025-10-12 08:45:25,515 INFO [Checkpoint FlowFile Repository] o.a.n.c.r.WriteAheadFlowFileRepository Successfully checkpointed FlowFile Repository with 0 records in 0 milliseconds
2025-10-12 08:45:45,515 INFO [Checkpoint FlowFile Repository] o.a.n.c.r.WriteAheadFlowFileRepository Initiating checkpoint of FlowFile Repository
2025-10-12 08:45:45,517 INFO [Checkpoint FlowFile Repository] o.a.n.c.r.WriteAheadFlowFileRepository Successfully checkpointed FlowFile Repository with 0 records in 0 milliseconds
2025-10-12 08:45:59,360 INFO [Cleanup Archive for default] o.a.n.c.repository.FileSystemRepository Successfully deleted 0 files (0 bytes) from archive
2025-10-12 08:45:59,361 INFO [Cleanup Archive for default] o.a.n.c.repository.FileSystemRepository Archive cleanup completed for container default; will now allow writing to this container. Bytes used = 83 GB, bytes free = 923.85 GB, capacity = 1,006.85 GB
2025-10-12 08:46:05,514 INFO [Checkpoint FlowFile Repository] o.a.n.c.r.WriteAheadFlowFileRepository Initiating checkpoint of FlowFile Repository
2025-10-12 08:46:05,516 INFO [Checkpoint FlowFile Repository] o.a.n.c.r.WriteAheadFlowFileRepository Successfully checkpointed FlowFile Repository with 0 records in 0 milliseconds
2025-10-12 08:46:25,518 INFO [Checkpoint FlowFile Repository] o.a.n.c.r.WriteAheadFlowFileRepository Initiating checkpoint of FlowFile Repository
2025-10-12 08:46:25,519 INFO [Checkpoint FlowFile Repository] o.a.n.c.r.WriteAheadFlowFileRepository Successfully checkpointed FlowFile Repository with 0 records in 0 milliseconds
2025-10-12 08:46:45,519 INFO [Checkpoint FlowFile Repository] o.a.n.c.r.WriteAheadFlowFileRepository Initiating checkpoint of FlowFile Repository
2025-10-12 08:46:45,521 INFO [Checkpoint FlowFile Repository] o.a.n.c.r.WriteAheadFlowFileRepository Successfully checkpointed FlowFile Repository with 0 records in 0 milliseconds
2025-10-12 08:46:59,373 INFO [Cleanup Archive for default] o.a.n.c.repository.FileSystemRepository Successfully deleted 0 files (0 bytes) from archive
2025-10-12 08:46:59,375 INFO [Cleanup Archive for default] o.a.n.c.repository.FileSystemRepository Archive cleanup completed for container default; will now allow writing to this container. Bytes used = 83 GB, bytes free = 923.85 GB, capacity = 1,006.85 GB
2025-10-12 08:47:05,520 INFO [Checkpoint FlowFile Repository] o.a.n.c.r.WriteAheadFlowFileRepository Initiating checkpoint of FlowFile Repository
2025-10-12 08:47:05,521 INFO [Checkpoint FlowFile Repository] o.a.n.c.r.WriteAheadFlowFileRepository Successfully checkpointed FlowFile Repository with 0 records in 0 milliseconds
2025-10-12 08:47:25,523 INFO [Checkpoint FlowFile Repository] o.a.n.c.r.WriteAheadFlowFileRepository Initiating checkpoint of FlowFile Repository
2025-10-12 08:47:25,524 INFO [Checkpoint FlowFile Repository] o.a.n.c.r.WriteAheadFlowFileRepository Successfully checkpointed FlowFile Repository with 0 records in 0 milliseconds
2025-10-12 08:47:45,523 INFO [Checkpoint FlowFile Repository] o.a.n.c.r.WriteAheadFlowFileRepository Initiating checkpoint of FlowFile Repository
2025-10-12 08:47:45,524 INFO [Checkpoint FlowFile Repository] o.a.n.c.r.WriteAheadFlowFileRepository Successfully checkpointed FlowFile Repository with 0 records in 0 milliseconds
2025-10-12 08:47:59,384 INFO [Cleanup Archive for default] o.a.n.c.repository.FileSystemRepository Successfully deleted 0 files (0 bytes) from archive
2025-10-12 08:47:59,386 INFO [Cleanup Archive for default] o.a.n.c.repository.FileSystemRepository Archive cleanup completed for container default; will now allow writing to this container. Bytes used = 83 GB, bytes free = 923.85 GB, capacity = 1,006.85 GB
2025-10-12 08:48:05,521 INFO [Checkpoint FlowFile Repository] o.a.n.c.r.WriteAheadFlowFileRepository Initiating checkpoint of FlowFile Repository
2025-10-12 08:48:05,522 INFO [Checkpoint FlowFile Repository] o.a.n.c.r.WriteAheadFlowFileRepository Successfully checkpointed FlowFile Repository with 0 records in 0 milliseconds
2025-10-12 08:48:25,523 INFO [Checkpoint FlowFile Repository] o.a.n.c.r.WriteAheadFlowFileRepository Initiating checkpoint of FlowFile Repository
2025-10-12 08:48:25,524 INFO [Checkpoint FlowFile Repository] o.a.n.c.r.WriteAheadFlowFileRepository Successfully checkpointed FlowFile Repository with 0 records in 0 milliseconds
2025-10-12 08:48:45,522 INFO [Checkpoint FlowFile Repository] o.a.n.c.r.WriteAheadFlowFileRepository Initiating checkpoint of FlowFile Repository
2025-10-12 08:48:45,524 INFO [Checkpoint FlowFile Repository] o.a.n.c.r.WriteAheadFlowFileRepository Successfully checkpointed FlowFile Repository with 0 records in 0 milliseconds
2025-10-12 08:48:59,393 INFO [Cleanup Archive for default] o.a.n.c.repository.FileSystemRepository Successfully deleted 0 files (0 bytes) from archive
2025-10-12 08:48:59,394 INFO [Cleanup Archive for default] o.a.n.c.repository.FileSystemRepository Archive cleanup completed for container default; will now allow writing to this container. Bytes used = 83 GB, bytes free = 923.85 GB, capacity = 1,006.85 GB
2025-10-12 08:49:05,523 INFO [Checkpoint FlowFile Repository] o.a.n.c.r.WriteAheadFlowFileRepository Initiating checkpoint of FlowFile Repository
2025-10-12 08:49:05,525 INFO [Checkpoint FlowFile Repository] o.a.n.c.r.WriteAheadFlowFileRepository Successfully checkpointed FlowFile Repository with 0 records in 0 milliseconds
2025-10-12 08:49:25,525 INFO [Checkpoint FlowFile Repository] o.a.n.c.r.WriteAheadFlowFileRepository Initiating checkpoint of FlowFile Repository
2025-10-12 08:49:25,527 INFO [Checkpoint FlowFile Repository] o.a.n.c.r.WriteAheadFlowFileRepository Successfully checkpointed FlowFile Repository with 0 records in 0 milliseconds
2025-10-12 08:49:45,528 INFO [Checkpoint FlowFile Repository] o.a.n.c.r.WriteAheadFlowFileRepository Initiating checkpoint of FlowFile Repository
2025-10-12 08:49:45,529 INFO [Checkpoint FlowFile Repository] o.a.n.c.r.WriteAheadFlowFileRepository Successfully checkpointed FlowFile Repository with 0 records in 0 milliseconds
2025-10-12 08:49:59,412 INFO [Cleanup Archive for default] o.a.n.c.repository.FileSystemRepository Successfully deleted 0 files (0 bytes) from archive
2025-10-12 08:49:59,413 INFO [Cleanup Archive for default] o.a.n.c.repository.FileSystemRepository Archive cleanup completed for container default; will now allow writing to this container. Bytes used = 83 GB, bytes free = 923.85 GB, capacity = 1,006.85 GB
2025-10-12 08:50:05,526 INFO [Checkpoint FlowFile Repository] o.a.n.c.r.WriteAheadFlowFileRepository Initiating checkpoint of FlowFile Repository
2025-10-12 08:50:05,527 INFO [Checkpoint FlowFile Repository] o.a.n.c.r.WriteAheadFlowFileRepository Successfully checkpointed FlowFile Repository with 0 records in 0 milliseconds
2025-10-12 08:50:25,528 INFO [Checkpoint FlowFile Repository] o.a.n.c.r.WriteAheadFlowFileRepository Initiating checkpoint of FlowFile Repository
2025-10-12 08:50:25,529 INFO [Checkpoint FlowFile Repository] o.a.n.c.r.WriteAheadFlowFileRepository Successfully checkpointed FlowFile Repository with 0 records in 0 milliseconds
2025-10-12 08:50:45,529 INFO [Checkpoint FlowFile Repository] o.a.n.c.r.WriteAheadFlowFileRepository Initiating checkpoint of FlowFile Repository
2025-10-12 08:50:45,531 INFO [Checkpoint FlowFile Repository] o.a.n.c.r.WriteAheadFlowFileRepository Successfully checkpointed FlowFile Repository with 0 records in 0 milliseconds
2025-10-12 08:50:59,435 INFO [Cleanup Archive for default] o.a.n.c.repository.FileSystemRepository Successfully deleted 0 files (0 bytes) from archive
2025-10-12 08:50:59,437 INFO [Cleanup Archive for default] o.a.n.c.repository.FileSystemRepository Archive cleanup completed for container default; will now allow writing to this container. Bytes used = 83 GB, bytes free = 923.85 GB, capacity = 1,006.85 GB
2025-10-12 08:51:05,529 INFO [Checkpoint FlowFile Repository] o.a.n.c.r.WriteAheadFlowFileRepository Initiating checkpoint of FlowFile Repository
2025-10-12 08:51:05,530 INFO [Checkpoint FlowFile Repository] o.a.n.c.r.WriteAheadFlowFileRepository Successfully checkpointed FlowFile Repository with 0 records in 0 milliseconds
2025-10-12 08:51:25,531 INFO [Checkpoint FlowFile Repository] o.a.n.c.r.WriteAheadFlowFileRepository Initiating checkpoint of FlowFile Repository
2025-10-12 08:51:25,533 INFO [Checkpoint FlowFile Repository] o.a.n.c.r.WriteAheadFlowFileRepository Successfully checkpointed FlowFile Repository with 0 records in 0 milliseconds
2025-10-12 08:51:45,532 INFO [Checkpoint FlowFile Repository] o.a.n.c.r.WriteAheadFlowFileRepository Initiating checkpoint of FlowFile Repository
2025-10-12 08:51:45,534 INFO [Checkpoint FlowFile Repository] o.a.n.c.r.WriteAheadFlowFileRepository Successfully checkpointed FlowFile Repository with 0 records in 0 milliseconds
2025-10-12 08:51:59,453 INFO [Cleanup Archive for default] o.a.n.c.repository.FileSystemRepository Successfully deleted 0 files (0 bytes) from archive
2025-10-12 08:51:59,455 INFO [Cleanup Archive for default] o.a.n.c.repository.FileSystemRepository Archive cleanup completed for container default; will now allow writing to this container. Bytes used = 83 GB, bytes free = 923.85 GB, capacity = 1,006.85 GB
2025-10-12 08:52:05,532 INFO [Checkpoint FlowFile Repository] o.a.n.c.r.WriteAheadFlowFileRepository Initiating checkpoint of FlowFile Repository
2025-10-12 08:52:05,533 INFO [Checkpoint FlowFile Repository] o.a.n.c.r.WriteAheadFlowFileRepository Successfully checkpointed FlowFile Repository with 0 records in 0 milliseconds
2025-10-12 08:52:25,534 INFO [Checkpoint FlowFile Repository] o.a.n.c.r.WriteAheadFlowFileRepository Initiating checkpoint of FlowFile Repository
2025-10-12 08:52:25,537 INFO [Checkpoint FlowFile Repository] o.a.n.c.r.WriteAheadFlowFileRepository Successfully checkpointed FlowFile Repository with 0 records in 0 milliseconds
2025-10-12 08:52:45,536 INFO [Checkpoint FlowFile Repository] o.a.n.c.r.WriteAheadFlowFileRepository Initiating checkpoint of FlowFile Repository
2025-10-12 08:52:45,537 INFO [Checkpoint FlowFile Repository] o.a.n.c.r.WriteAheadFlowFileRepository Successfully checkpointed FlowFile Repository with 0 records in 0 milliseconds
2025-10-12 08:52:59,474 INFO [Cleanup Archive for default] o.a.n.c.repository.FileSystemRepository Successfully deleted 0 files (0 bytes) from archive
2025-10-12 08:52:59,477 INFO [Cleanup Archive for default] o.a.n.c.repository.FileSystemRepository Archive cleanup completed for container default; will now allow writing to this container. Bytes used = 83 GB, bytes free = 923.85 GB, capacity = 1,006.85 GB
2025-10-12 08:53:05,537 INFO [Checkpoint FlowFile Repository] o.a.n.c.r.WriteAheadFlowFileRepository Initiating checkpoint of FlowFile Repository
2025-10-12 08:53:05,539 INFO [Checkpoint FlowFile Repository] o.a.n.c.r.WriteAheadFlowFileRepository Successfully checkpointed FlowFile Repository with 0 records in 0 milliseconds
2025-10-12 08:53:25,540 INFO [Checkpoint FlowFile Repository] o.a.n.c.r.WriteAheadFlowFileRepository Initiating checkpoint of FlowFile Repository
2025-10-12 08:53:25,541 INFO [Checkpoint FlowFile Repository] o.a.n.c.r.WriteAheadFlowFileRepository Successfully checkpointed FlowFile Repository with 0 records in 0 milliseconds
2025-10-12 08:53:45,540 INFO [Checkpoint FlowFile Repository] o.a.n.c.r.WriteAheadFlowFileRepository Initiating checkpoint of FlowFile Repository
2025-10-12 08:53:45,541 INFO [Checkpoint FlowFile Repository] o.a.n.c.r.WriteAheadFlowFileRepository Successfully checkpointed FlowFile Repository with 0 records in 0 milliseconds
2025-10-12 08:53:59,488 INFO [Cleanup Archive for default] o.a.n.c.repository.FileSystemRepository Successfully deleted 0 files (0 bytes) from archive
2025-10-12 08:53:59,489 INFO [Cleanup Archive for default] o.a.n.c.repository.FileSystemRepository Archive cleanup completed for container default; will now allow writing to this container. Bytes used = 83 GB, bytes free = 923.85 GB, capacity = 1,006.85 GB
2025-10-12 08:54:05,541 INFO [Checkpoint FlowFile Repository] o.a.n.c.r.WriteAheadFlowFileRepository Initiating checkpoint of FlowFile Repository
2025-10-12 08:54:05,542 INFO [Checkpoint FlowFile Repository] o.a.n.c.r.WriteAheadFlowFileRepository Successfully checkpointed FlowFile Repository with 0 records in 0 milliseconds
2025-10-12 08:54:25,544 INFO [Checkpoint FlowFile Repository] o.a.n.c.r.WriteAheadFlowFileRepository Initiating checkpoint of FlowFile Repository
2025-10-12 08:54:25,545 INFO [Checkpoint FlowFile Repository] o.a.n.c.r.WriteAheadFlowFileRepository Successfully checkpointed FlowFile Repository with 0 records in 0 milliseconds
2025-10-12 08:54:45,543 INFO [Checkpoint FlowFile Repository] o.a.n.c.r.WriteAheadFlowFileRepository Initiating checkpoint of FlowFile Repository
2025-10-12 08:54:45,545 INFO [Checkpoint FlowFile Repository] o.a.n.c.r.WriteAheadFlowFileRepository Successfully checkpointed FlowFile Repository with 0 records in 0 milliseconds
2025-10-12 08:54:59,511 INFO [Cleanup Archive for default] o.a.n.c.repository.FileSystemRepository Successfully deleted 0 files (0 bytes) from archive
2025-10-12 08:54:59,512 INFO [Cleanup Archive for default] o.a.n.c.repository.FileSystemRepository Archive cleanup completed for container default; will now allow writing to this container. Bytes used = 83 GB, bytes free = 923.85 GB, capacity = 1,006.85 GB
2025-10-12 08:55:05,543 INFO [Checkpoint FlowFile Repository] o.a.n.c.r.WriteAheadFlowFileRepository Initiating checkpoint of FlowFile Repository
2025-10-12 08:55:05,544 INFO [Checkpoint FlowFile Repository] o.a.n.c.r.WriteAheadFlowFileRepository Successfully checkpointed FlowFile Repository with 0 records in 0 milliseconds
2025-10-12 08:55:25,545 INFO [Checkpoint FlowFile Repository] o.a.n.c.r.WriteAheadFlowFileRepository Initiating checkpoint of FlowFile Repository
2025-10-12 08:55:25,546 INFO [Checkpoint FlowFile Repository] o.a.n.c.r.WriteAheadFlowFileRepository Successfully checkpointed FlowFile Repository with 0 records in 0 milliseconds
2025-10-12 08:55:45,545 INFO [Checkpoint FlowFile Repository] o.a.n.c.r.WriteAheadFlowFileRepository Initiating checkpoint of FlowFile Repository
2025-10-12 08:55:45,547 INFO [Checkpoint FlowFile Repository] o.a.n.c.r.WriteAheadFlowFileRepository Successfully checkpointed FlowFile Repository with 0 records in 0 milliseconds
2025-10-12 08:55:59,519 INFO [Cleanup Archive for default] o.a.n.c.repository.FileSystemRepository Successfully deleted 0 files (0 bytes) from archive
2025-10-12 08:55:59,520 INFO [Cleanup Archive for default] o.a.n.c.repository.FileSystemRepository Archive cleanup completed for container default; will now allow writing to this container. Bytes used = 83 GB, bytes free = 923.85 GB, capacity = 1,006.85 GB
2025-10-12 08:56:05,545 INFO [Checkpoint FlowFile Repository] o.a.n.c.r.WriteAheadFlowFileRepository Initiating checkpoint of FlowFile Repository
2025-10-12 08:56:05,546 INFO [Checkpoint FlowFile Repository] o.a.n.c.r.WriteAheadFlowFileRepository Successfully checkpointed FlowFile Repository with 0 records in 0 milliseconds
2025-10-12 08:56:25,547 INFO [Checkpoint FlowFile Repository] o.a.n.c.r.WriteAheadFlowFileRepository Initiating checkpoint of FlowFile Repository
2025-10-12 08:56:25,548 INFO [Checkpoint FlowFile Repository] o.a.n.c.r.WriteAheadFlowFileRepository Successfully checkpointed FlowFile Repository with 0 records in 0 milliseconds
2025-10-12 08:56:45,546 INFO [Checkpoint FlowFile Repository] o.a.n.c.r.WriteAheadFlowFileRepository Initiating checkpoint of FlowFile Repository
2025-10-12 08:56:45,547 INFO [Checkpoint FlowFile Repository] o.a.n.c.r.WriteAheadFlowFileRepository Successfully checkpointed FlowFile Repository with 0 records in 0 milliseconds
2025-10-12 08:56:59,533 INFO [Cleanup Archive for default] o.a.n.c.repository.FileSystemRepository Successfully deleted 0 files (0 bytes) from archive
2025-10-12 08:56:59,535 INFO [Cleanup Archive for default] o.a.n.c.repository.FileSystemRepository Archive cleanup completed for container default; will now allow writing to this container. Bytes used = 83 GB, bytes free = 923.85 GB, capacity = 1,006.85 GB
2025-10-12 08:57:05,545 INFO [Checkpoint FlowFile Repository] o.a.n.c.r.WriteAheadFlowFileRepository Initiating checkpoint of FlowFile Repository
2025-10-12 08:57:05,546 INFO [Checkpoint FlowFile Repository] o.a.n.c.r.WriteAheadFlowFileRepository Successfully checkpointed FlowFile Repository with 0 records in 0 milliseconds
2025-10-12 08:57:25,547 INFO [Checkpoint FlowFile Repository] o.a.n.c.r.WriteAheadFlowFileRepository Initiating checkpoint of FlowFile Repository
2025-10-12 08:57:25,548 INFO [Checkpoint FlowFile Repository] o.a.n.c.r.WriteAheadFlowFileRepository Successfully checkpointed FlowFile Repository with 0 records in 0 milliseconds
2025-10-12 08:57:45,547 INFO [Checkpoint FlowFile Repository] o.a.n.c.r.WriteAheadFlowFileRepository Initiating checkpoint of FlowFile Repository
2025-10-12 08:57:45,548 INFO [Checkpoint FlowFile Repository] o.a.n.c.r.WriteAheadFlowFileRepository Successfully checkpointed FlowFile Repository with 0 records in 0 milliseconds
2025-10-12 08:57:59,542 INFO [Cleanup Archive for default] o.a.n.c.repository.FileSystemRepository Successfully deleted 0 files (0 bytes) from archive
2025-10-12 08:57:59,544 INFO [Cleanup Archive for default] o.a.n.c.repository.FileSystemRepository Archive cleanup completed for container default; will now allow writing to this container. Bytes used = 83 GB, bytes free = 923.85 GB, capacity = 1,006.85 GB
2025-10-12 08:58:05,546 INFO [Checkpoint FlowFile Repository] o.a.n.c.r.WriteAheadFlowFileRepository Initiating checkpoint of FlowFile Repository
2025-10-12 08:58:05,548 INFO [Checkpoint FlowFile Repository] o.a.n.c.r.WriteAheadFlowFileRepository Successfully checkpointed FlowFile Repository with 0 records in 0 milliseconds
2025-10-12 08:58:25,550 INFO [Checkpoint FlowFile Repository] o.a.n.c.r.WriteAheadFlowFileRepository Initiating checkpoint of FlowFile Repository
2025-10-12 08:58:25,552 INFO [Checkpoint FlowFile Repository] o.a.n.c.r.WriteAheadFlowFileRepository Successfully checkpointed FlowFile Repository with 0 records in 0 milliseconds
2025-10-12 08:58:45,552 INFO [Checkpoint FlowFile Repository] o.a.n.c.r.WriteAheadFlowFileRepository Initiating checkpoint of FlowFile Repository
2025-10-12 08:58:45,553 INFO [Checkpoint FlowFile Repository] o.a.n.c.r.WriteAheadFlowFileRepository Successfully checkpointed FlowFile Repository with 0 records in 0 milliseconds
2025-10-12 08:58:59,548 INFO [Cleanup Archive for default] o.a.n.c.repository.FileSystemRepository Successfully deleted 0 files (0 bytes) from archive
2025-10-12 08:58:59,550 INFO [Cleanup Archive for default] o.a.n.c.repository.FileSystemRepository Archive cleanup completed for container default; will now allow writing to this container. Bytes used = 83 GB, bytes free = 923.85 GB, capacity = 1,006.85 GB
2025-10-12 08:59:05,551 INFO [Checkpoint FlowFile Repository] o.a.n.c.r.WriteAheadFlowFileRepository Initiating checkpoint of FlowFile Repository
2025-10-12 08:59:05,552 INFO [Checkpoint FlowFile Repository] o.a.n.c.r.WriteAheadFlowFileRepository Successfully checkpointed FlowFile Repository with 0 records in 0 milliseconds
2025-10-12 08:59:25,553 INFO [Checkpoint FlowFile Repository] o.a.n.c.r.WriteAheadFlowFileRepository Initiating checkpoint of FlowFile Repository
2025-10-12 08:59:25,554 INFO [Checkpoint FlowFile Repository] o.a.n.c.r.WriteAheadFlowFileRepository Successfully checkpointed FlowFile Repository with 0 records in 0 milliseconds
2025-10-12 08:59:45,553 INFO [Checkpoint FlowFile Repository] o.a.n.c.r.WriteAheadFlowFileRepository Initiating checkpoint of FlowFile Repository
2025-10-12 08:59:45,554 INFO [Checkpoint FlowFile Repository] o.a.n.c.r.WriteAheadFlowFileRepository Successfully checkpointed FlowFile Repository with 0 records in 0 milliseconds
2025-10-12 08:59:59,560 INFO [Cleanup Archive for default] o.a.n.c.repository.FileSystemRepository Successfully deleted 0 files (0 bytes) from archive
2025-10-12 08:59:59,561 INFO [Cleanup Archive for default] o.a.n.c.repository.FileSystemRepository Archive cleanup completed for container default; will now allow writing to this container. Bytes used = 83 GB, bytes free = 923.85 GB, capacity = 1,006.85 GB
