2025-10-14 22:08:13,840 INFO [main] org.apache.nifi.runtime.Application Starting NiFi 2.6.0 using Java 21.0.8+12-LTS with PID 45
2025-10-14 22:08:13,859 INFO [main] o.apache.nifi.runtime.PropertiesProvider Loading Application Properties [/opt/nifi/nifi-current/conf/nifi.properties]
2025-10-14 22:08:13,920 INFO [main] org.apache.nifi.nar.NarUnpacker Expanding 112 NAR files started
2025-10-14 22:09:15,987 INFO [main] org.apache.nifi.nar.NarUnpacker Expanded 112 NAR files in 62.054 seconds (62054297660 ns)
2025-10-14 22:09:18,986 INFO [main] org.apache.nifi.nar.NarClassLoaders Loaded NAR file: /opt/nifi/nifi-current/./work/nar/extensions/nifi-jetty-nar-2.6.0.nar-unpacked as class loader org.apache.nifi.nar.NarClassLoader[./work/nar/extensions/nifi-jetty-nar-2.6.0.nar-unpacked]
2025-10-14 22:09:19,024 INFO [main] org.apache.nifi.nar.NarClassLoaders Loaded NAR file: /opt/nifi/nifi-current/./work/nar/framework/nifi-framework-nar-2.6.0.nar-unpacked as class loader org.apache.nifi.nar.NarClassLoader[./work/nar/framework/nifi-framework-nar-2.6.0.nar-unpacked]
2025-10-14 22:09:19,475 INFO [main] org.apache.nifi.nar.NarClassLoaders Loaded NAR file: /opt/nifi/nifi-current/./work/nar/extensions/nifi-single-user-iaa-providers-nar-2.6.0.nar-unpacked as class loader org.apache.nifi.nar.NarClassLoader[./work/nar/extensions/nifi-single-user-iaa-providers-nar-2.6.0.nar-unpacked]
2025-10-14 22:09:19,488 INFO [main] org.apache.nifi.nar.NarClassLoaders Loaded NAR file: /opt/nifi/nifi-current/./work/nar/extensions/nifi-kerberos-iaa-providers-nar-2.6.0.nar-unpacked as class loader org.apache.nifi.nar.NarClassLoader[./work/nar/extensions/nifi-kerberos-iaa-providers-nar-2.6.0.nar-unpacked]
2025-10-14 22:09:19,626 INFO [main] org.apache.nifi.nar.NarClassLoaders Loaded NAR file: /opt/nifi/nifi-current/./work/nar/extensions/nifi-framework-zookeeper-nar-2.6.0.nar-unpacked as class loader org.apache.nifi.nar.NarClassLoader[./work/nar/extensions/nifi-framework-zookeeper-nar-2.6.0.nar-unpacked]
2025-10-14 22:09:19,676 INFO [main] org.apache.nifi.nar.NarClassLoaders Loaded NAR file: /opt/nifi/nifi-current/./work/nar/extensions/nifi-server-nar-2.6.0.nar-unpacked as class loader org.apache.nifi.nar.NarClassLoader[./work/nar/extensions/nifi-server-nar-2.6.0.nar-unpacked]
2025-10-14 22:09:19,865 INFO [main] org.apache.nifi.nar.NarClassLoaders Loaded NAR file: /opt/nifi/nifi-current/./work/nar/extensions/nifi-ldap-iaa-providers-nar-2.6.0.nar-unpacked as class loader org.apache.nifi.nar.NarClassLoader[./work/nar/extensions/nifi-ldap-iaa-providers-nar-2.6.0.nar-unpacked]
2025-10-14 22:09:19,883 INFO [main] org.apache.nifi.nar.NarClassLoaders Loaded NAR file: /opt/nifi/nifi-current/./work/nar/extensions/nifi-windows-event-log-nar-2.6.0.nar-unpacked as class loader org.apache.nifi.nar.NarClassLoader[./work/nar/extensions/nifi-windows-event-log-nar-2.6.0.nar-unpacked]
2025-10-14 22:09:19,893 INFO [main] org.apache.nifi.nar.NarClassLoaders Loaded NAR file: /opt/nifi/nifi-current/./work/nar/extensions/nifi-standard-services-api-nar-2.6.0.nar-unpacked as class loader org.apache.nifi.nar.NarClassLoader[./work/nar/extensions/nifi-standard-services-api-nar-2.6.0.nar-unpacked]
2025-10-14 22:09:19,903 INFO [main] org.apache.nifi.nar.NarClassLoaders Loaded NAR file: /opt/nifi/nifi-current/./work/nar/extensions/nifi-distributed-cache-services-nar-2.6.0.nar-unpacked as class loader org.apache.nifi.nar.NarClassLoader[./work/nar/extensions/nifi-distributed-cache-services-nar-2.6.0.nar-unpacked]
2025-10-14 22:09:19,921 INFO [main] org.apache.nifi.nar.NarClassLoaders Loaded NAR file: /opt/nifi/nifi-current/./work/nar/extensions/nifi-hazelcast-services-api-nar-2.6.0.nar-unpacked as class loader org.apache.nifi.nar.NarClassLoader[./work/nar/extensions/nifi-hazelcast-services-api-nar-2.6.0.nar-unpacked]
2025-10-14 22:09:19,924 INFO [main] org.apache.nifi.nar.NarClassLoaders Loaded NAR file: /opt/nifi/nifi-current/./work/nar/extensions/nifi-provenance-repository-nar-2.6.0.nar-unpacked as class loader org.apache.nifi.nar.NarClassLoader[./work/nar/extensions/nifi-provenance-repository-nar-2.6.0.nar-unpacked]
2025-10-14 22:09:19,932 INFO [main] org.apache.nifi.nar.NarClassLoaders Loaded NAR file: /opt/nifi/nifi-current/./work/nar/extensions/nifi-websocket-services-api-nar-2.6.0.nar-unpacked as class loader org.apache.nifi.nar.NarClassLoader[./work/nar/extensions/nifi-websocket-services-api-nar-2.6.0.nar-unpacked]
2025-10-14 22:09:19,935 INFO [main] org.apache.nifi.nar.NarClassLoaders Loaded NAR file: /opt/nifi/nifi-current/./work/nar/extensions/nifi-hazelcast-services-nar-2.6.0.nar-unpacked as class loader org.apache.nifi.nar.NarClassLoader[./work/nar/extensions/nifi-hazelcast-services-nar-2.6.0.nar-unpacked]
2025-10-14 22:09:19,953 INFO [main] org.apache.nifi.nar.NarClassLoaders Loaded NAR file: /opt/nifi/nifi-current/./work/nar/extensions/nifi-evtx-nar-2.6.0.nar-unpacked as class loader org.apache.nifi.nar.NarClassLoader[./work/nar/extensions/nifi-evtx-nar-2.6.0.nar-unpacked]
2025-10-14 22:09:19,967 INFO [main] org.apache.nifi.nar.NarClassLoaders Loaded NAR file: /opt/nifi/nifi-current/./work/nar/extensions/nifi-dbcp-service-nar-2.6.0.nar-unpacked as class loader org.apache.nifi.nar.NarClassLoader[./work/nar/extensions/nifi-dbcp-service-nar-2.6.0.nar-unpacked]
2025-10-14 22:09:19,982 INFO [main] org.apache.nifi.nar.NarClassLoaders Loaded NAR file: /opt/nifi/nifi-current/./work/nar/extensions/nifi-db-schema-registry-service-nar-2.6.0.nar-unpacked as class loader org.apache.nifi.nar.NarClassLoader[./work/nar/extensions/nifi-db-schema-registry-service-nar-2.6.0.nar-unpacked]
2025-10-14 22:09:19,989 INFO [main] org.apache.nifi.nar.NarClassLoaders Loaded NAR file: /opt/nifi/nifi-current/./work/nar/extensions/nifi-hl7-nar-2.6.0.nar-unpacked as class loader org.apache.nifi.nar.NarClassLoader[./work/nar/extensions/nifi-hl7-nar-2.6.0.nar-unpacked]
2025-10-14 22:09:20,019 INFO [main] org.apache.nifi.nar.NarClassLoaders Loaded NAR file: /opt/nifi/nifi-current/./work/nar/extensions/nifi-stateful-analysis-nar-2.6.0.nar-unpacked as class loader org.apache.nifi.nar.NarClassLoader[./work/nar/extensions/nifi-stateful-analysis-nar-2.6.0.nar-unpacked]
2025-10-14 22:09:20,029 INFO [main] org.apache.nifi.nar.NarClassLoaders Loaded NAR file: /opt/nifi/nifi-current/./work/nar/extensions/nifi-update-attribute-nar-2.6.0.nar-unpacked as class loader org.apache.nifi.nar.NarClassLoader[./work/nar/extensions/nifi-update-attribute-nar-2.6.0.nar-unpacked]
2025-10-14 22:09:20,046 INFO [main] org.apache.nifi.nar.NarClassLoaders Loaded NAR file: /opt/nifi/nifi-current/./work/nar/extensions/nifi-compress-nar-2.6.0.nar-unpacked as class loader org.apache.nifi.nar.NarClassLoader[./work/nar/extensions/nifi-compress-nar-2.6.0.nar-unpacked]
2025-10-14 22:09:20,068 INFO [main] org.apache.nifi.nar.NarClassLoaders Loaded NAR file: /opt/nifi/nifi-current/./work/nar/extensions/nifi-websocket-services-jetty-nar-2.6.0.nar-unpacked as class loader org.apache.nifi.nar.NarClassLoader[./work/nar/extensions/nifi-websocket-services-jetty-nar-2.6.0.nar-unpacked]
2025-10-14 22:09:20,086 INFO [main] org.apache.nifi.nar.NarClassLoaders Loaded NAR file: /opt/nifi/nifi-current/./work/nar/extensions/nifi-http-context-map-nar-2.6.0.nar-unpacked as class loader org.apache.nifi.nar.NarClassLoader[./work/nar/extensions/nifi-http-context-map-nar-2.6.0.nar-unpacked]
2025-10-14 22:09:20,097 INFO [main] org.apache.nifi.nar.NarClassLoaders Loaded NAR file: /opt/nifi/nifi-current/./work/nar/extensions/nifi-standard-shared-nar-2.6.0.nar-unpacked as class loader org.apache.nifi.nar.NarClassLoader[./work/nar/extensions/nifi-standard-shared-nar-2.6.0.nar-unpacked]
2025-10-14 22:09:20,222 INFO [main] org.apache.nifi.nar.NarClassLoaders Loaded NAR file: /opt/nifi/nifi-current/./work/nar/extensions/nifi-confluent-platform-nar-2.6.0.nar-unpacked as class loader org.apache.nifi.nar.NarClassLoader[./work/nar/extensions/nifi-confluent-platform-nar-2.6.0.nar-unpacked]
2025-10-14 22:09:20,257 INFO [main] org.apache.nifi.nar.NarClassLoaders Loaded NAR file: /opt/nifi/nifi-current/./work/nar/extensions/nifi-zendesk-nar-2.6.0.nar-unpacked as class loader org.apache.nifi.nar.NarClassLoader[./work/nar/extensions/nifi-zendesk-nar-2.6.0.nar-unpacked]
2025-10-14 22:09:20,338 INFO [main] org.apache.nifi.nar.NarClassLoaders Loaded NAR file: /opt/nifi/nifi-current/./work/nar/extensions/nifi-database-dialect-service-nar-2.6.0.nar-unpacked as class loader org.apache.nifi.nar.NarClassLoader[./work/nar/extensions/nifi-database-dialect-service-nar-2.6.0.nar-unpacked]
2025-10-14 22:09:20,347 INFO [main] org.apache.nifi.nar.NarClassLoaders Loaded NAR file: /opt/nifi/nifi-current/./work/nar/extensions/nifi-framework-kubernetes-nar-2.6.0.nar-unpacked as class loader org.apache.nifi.nar.NarClassLoader[./work/nar/extensions/nifi-framework-kubernetes-nar-2.6.0.nar-unpacked]
2025-10-14 22:09:20,389 INFO [main] org.apache.nifi.nar.NarClassLoaders Loaded NAR file: /opt/nifi/nifi-current/./work/nar/extensions/nifi-box-services-api-nar-2.6.0.nar-unpacked as class loader org.apache.nifi.nar.NarClassLoader[./work/nar/extensions/nifi-box-services-api-nar-2.6.0.nar-unpacked]
2025-10-14 22:09:20,398 INFO [main] org.apache.nifi.nar.NarClassLoaders Loaded NAR file: /opt/nifi/nifi-current/./work/nar/extensions/nifi-box-nar-2.6.0.nar-unpacked as class loader org.apache.nifi.nar.NarClassLoader[./work/nar/extensions/nifi-box-nar-2.6.0.nar-unpacked]
2025-10-14 22:09:20,411 INFO [main] org.apache.nifi.nar.NarClassLoaders Loaded NAR file: /opt/nifi/nifi-current/./work/nar/extensions/nifi-azure-services-api-nar-2.6.0.nar-unpacked as class loader org.apache.nifi.nar.NarClassLoader[./work/nar/extensions/nifi-azure-services-api-nar-2.6.0.nar-unpacked]
2025-10-14 22:09:20,600 INFO [main] org.apache.nifi.nar.NarClassLoaders Loaded NAR file: /opt/nifi/nifi-current/./work/nar/extensions/nifi-ssl-context-service-nar-2.6.0.nar-unpacked as class loader org.apache.nifi.nar.NarClassLoader[./work/nar/extensions/nifi-ssl-context-service-nar-2.6.0.nar-unpacked]
2025-10-14 22:09:20,603 INFO [main] org.apache.nifi.nar.NarClassLoaders Loaded NAR file: /opt/nifi/nifi-current/./work/nar/extensions/nifi-kafka-service-api-nar-2.6.0.nar-unpacked as class loader org.apache.nifi.nar.NarClassLoader[./work/nar/extensions/nifi-kafka-service-api-nar-2.6.0.nar-unpacked]
2025-10-14 22:09:20,608 INFO [main] org.apache.nifi.nar.NarClassLoaders Loaded NAR file: /opt/nifi/nifi-current/./work/nar/extensions/nifi-kafka-service-aws-nar-2.6.0.nar-unpacked as class loader org.apache.nifi.nar.NarClassLoader[./work/nar/extensions/nifi-kafka-service-aws-nar-2.6.0.nar-unpacked]
2025-10-14 22:09:20,637 INFO [main] org.apache.nifi.nar.NarClassLoaders Loaded NAR file: /opt/nifi/nifi-current/./work/nar/extensions/nifi-elasticsearch-client-service-api-nar-2.6.0.nar-unpacked as class loader org.apache.nifi.nar.NarClassLoader[./work/nar/extensions/nifi-elasticsearch-client-service-api-nar-2.6.0.nar-unpacked]
2025-10-14 22:09:20,640 INFO [main] org.apache.nifi.nar.NarClassLoaders Loaded NAR file: /opt/nifi/nifi-current/./work/nar/extensions/nifi-amqp-nar-2.6.0.nar-unpacked as class loader org.apache.nifi.nar.NarClassLoader[./work/nar/extensions/nifi-amqp-nar-2.6.0.nar-unpacked]
2025-10-14 22:09:20,650 INFO [main] org.apache.nifi.nar.NarClassLoaders Loaded NAR file: /opt/nifi/nifi-current/./work/nar/extensions/nifi-pgp-service-api-nar-2.6.0.nar-unpacked as class loader org.apache.nifi.nar.NarClassLoader[./work/nar/extensions/nifi-pgp-service-api-nar-2.6.0.nar-unpacked]
2025-10-14 22:09:20,660 INFO [main] org.apache.nifi.nar.NarClassLoaders Loaded NAR file: /opt/nifi/nifi-current/./work/nar/extensions/nifi-file-resource-service-nar-2.6.0.nar-unpacked as class loader org.apache.nifi.nar.NarClassLoader[./work/nar/extensions/nifi-file-resource-service-nar-2.6.0.nar-unpacked]
2025-10-14 22:09:20,663 INFO [main] org.apache.nifi.nar.NarClassLoaders Loaded NAR file: /opt/nifi/nifi-current/./work/nar/extensions/nifi-kerberos-user-service-nar-2.6.0.nar-unpacked as class loader org.apache.nifi.nar.NarClassLoader[./work/nar/extensions/nifi-kerberos-user-service-nar-2.6.0.nar-unpacked]
2025-10-14 22:09:20,668 INFO [main] org.apache.nifi.nar.NarClassLoaders Loaded NAR file: /opt/nifi/nifi-current/./work/nar/extensions/nifi-hubspot-nar-2.6.0.nar-unpacked as class loader org.apache.nifi.nar.NarClassLoader[./work/nar/extensions/nifi-hubspot-nar-2.6.0.nar-unpacked]
2025-10-14 22:09:20,671 INFO [main] org.apache.nifi.nar.NarClassLoaders Loaded NAR file: /opt/nifi/nifi-current/./work/nar/extensions/nifi-email-nar-2.6.0.nar-unpacked as class loader org.apache.nifi.nar.NarClassLoader[./work/nar/extensions/nifi-email-nar-2.6.0.nar-unpacked]
2025-10-14 22:09:20,688 INFO [main] org.apache.nifi.nar.NarClassLoaders Loaded NAR file: /opt/nifi/nifi-current/./work/nar/extensions/nifi-apicurio-nar-2.6.0.nar-unpacked as class loader org.apache.nifi.nar.NarClassLoader[./work/nar/extensions/nifi-apicurio-nar-2.6.0.nar-unpacked]
2025-10-14 22:09:20,693 INFO [main] org.apache.nifi.nar.NarClassLoaders Loaded NAR file: /opt/nifi/nifi-current/./work/nar/extensions/nifi-workday-processors-nar-2.6.0.nar-unpacked as class loader org.apache.nifi.nar.NarClassLoader[./work/nar/extensions/nifi-workday-processors-nar-2.6.0.nar-unpacked]
2025-10-14 22:09:20,696 INFO [main] org.apache.nifi.nar.NarClassLoaders Loaded NAR file: /opt/nifi/nifi-current/./work/nar/extensions/nifi-record-sink-service-nar-2.6.0.nar-unpacked as class loader org.apache.nifi.nar.NarClassLoader[./work/nar/extensions/nifi-record-sink-service-nar-2.6.0.nar-unpacked]
2025-10-14 22:09:20,700 INFO [main] org.apache.nifi.nar.NarClassLoaders Loaded NAR file: /opt/nifi/nifi-current/./work/nar/extensions/nifi-websocket-processors-nar-2.6.0.nar-unpacked as class loader org.apache.nifi.nar.NarClassLoader[./work/nar/extensions/nifi-websocket-processors-nar-2.6.0.nar-unpacked]
2025-10-14 22:09:20,704 INFO [main] org.apache.nifi.nar.NarClassLoaders Loaded NAR file: /opt/nifi/nifi-current/./work/nar/extensions/nifi-gcp-services-api-nar-2.6.0.nar-unpacked as class loader org.apache.nifi.nar.NarClassLoader[./work/nar/extensions/nifi-gcp-services-api-nar-2.6.0.nar-unpacked]
2025-10-14 22:09:20,718 INFO [main] org.apache.nifi.nar.NarClassLoaders Loaded NAR file: /opt/nifi/nifi-current/./work/nar/extensions/nifi-registry-nar-2.6.0.nar-unpacked as class loader org.apache.nifi.nar.NarClassLoader[./work/nar/extensions/nifi-registry-nar-2.6.0.nar-unpacked]
2025-10-14 22:09:20,728 INFO [main] org.apache.nifi.nar.NarClassLoaders Loaded NAR file: /opt/nifi/nifi-current/./work/nar/extensions/nifi-elasticsearch-client-service-nar-2.6.0.nar-unpacked as class loader org.apache.nifi.nar.NarClassLoader[./work/nar/extensions/nifi-elasticsearch-client-service-nar-2.6.0.nar-unpacked]
2025-10-14 22:09:20,740 INFO [main] org.apache.nifi.nar.NarClassLoaders Loaded NAR file: /opt/nifi/nifi-current/./work/nar/extensions/nifi-aws-service-api-nar-2.6.0.nar-unpacked as class loader org.apache.nifi.nar.NarClassLoader[./work/nar/extensions/nifi-aws-service-api-nar-2.6.0.nar-unpacked]
2025-10-14 22:09:20,763 INFO [main] org.apache.nifi.nar.NarClassLoaders Loaded NAR file: /opt/nifi/nifi-current/./work/nar/extensions/nifi-proxy-configuration-nar-2.6.0.nar-unpacked as class loader org.apache.nifi.nar.NarClassLoader[./work/nar/extensions/nifi-proxy-configuration-nar-2.6.0.nar-unpacked]
2025-10-14 22:09:20,768 INFO [main] org.apache.nifi.nar.NarClassLoaders Loaded NAR file: /opt/nifi/nifi-current/./work/nar/extensions/nifi-gitlab-nar-2.6.0.nar-unpacked as class loader org.apache.nifi.nar.NarClassLoader[./work/nar/extensions/nifi-gitlab-nar-2.6.0.nar-unpacked]
2025-10-14 22:09:20,788 INFO [main] org.apache.nifi.nar.NarClassLoaders Loaded NAR file: /opt/nifi/nifi-current/./work/nar/extensions/nifi-mqtt-nar-2.6.0.nar-unpacked as class loader org.apache.nifi.nar.NarClassLoader[./work/nar/extensions/nifi-mqtt-nar-2.6.0.nar-unpacked]
2025-10-14 22:09:20,805 INFO [main] org.apache.nifi.nar.NarClassLoaders Loaded NAR file: /opt/nifi/nifi-current/./work/nar/extensions/nifi-shopify-nar-2.6.0.nar-unpacked as class loader org.apache.nifi.nar.NarClassLoader[./work/nar/extensions/nifi-shopify-nar-2.6.0.nar-unpacked]
2025-10-14 22:09:20,808 INFO [main] org.apache.nifi.nar.NarClassLoaders Loaded NAR file: /opt/nifi/nifi-current/./work/nar/extensions/nifi-protobuf-services-nar-2.6.0.nar-unpacked as class loader org.apache.nifi.nar.NarClassLoader[./work/nar/extensions/nifi-protobuf-services-nar-2.6.0.nar-unpacked]
2025-10-14 22:09:20,825 INFO [main] org.apache.nifi.nar.NarClassLoaders Loaded NAR file: /opt/nifi/nifi-current/./work/nar/extensions/nifi-airtable-nar-2.6.0.nar-unpacked as class loader org.apache.nifi.nar.NarClassLoader[./work/nar/extensions/nifi-airtable-nar-2.6.0.nar-unpacked]
2025-10-14 22:09:20,827 INFO [main] org.apache.nifi.nar.NarClassLoaders Loaded NAR file: /opt/nifi/nifi-current/./work/nar/extensions/nifi-asana-services-api-nar-2.6.0.nar-unpacked as class loader org.apache.nifi.nar.NarClassLoader[./work/nar/extensions/nifi-asana-services-api-nar-2.6.0.nar-unpacked]
2025-10-14 22:09:20,850 INFO [main] org.apache.nifi.nar.NarClassLoaders Loaded NAR file: /opt/nifi/nifi-current/./work/nar/extensions/nifi-hashicorp-vault-client-service-api-nar-2.6.0.nar-unpacked as class loader org.apache.nifi.nar.NarClassLoader[./work/nar/extensions/nifi-hashicorp-vault-client-service-api-nar-2.6.0.nar-unpacked]
2025-10-14 22:09:20,854 INFO [main] org.apache.nifi.nar.NarClassLoaders Loaded NAR file: /opt/nifi/nifi-current/./work/nar/extensions/nifi-slack-nar-2.6.0.nar-unpacked as class loader org.apache.nifi.nar.NarClassLoader[./work/nar/extensions/nifi-slack-nar-2.6.0.nar-unpacked]
2025-10-14 22:09:20,867 INFO [main] org.apache.nifi.nar.NarClassLoaders Loaded NAR file: /opt/nifi/nifi-current/./work/nar/extensions/nifi-site-to-site-reporting-nar-2.6.0.nar-unpacked as class loader org.apache.nifi.nar.NarClassLoader[./work/nar/extensions/nifi-site-to-site-reporting-nar-2.6.0.nar-unpacked]
2025-10-14 22:09:20,880 INFO [main] org.apache.nifi.nar.NarClassLoaders Loaded NAR file: /opt/nifi/nifi-current/./work/nar/extensions/nifi-cdc-mysql-nar-2.6.0.nar-unpacked as class loader org.apache.nifi.nar.NarClassLoader[./work/nar/extensions/nifi-cdc-mysql-nar-2.6.0.nar-unpacked]
2025-10-14 22:09:20,885 INFO [main] org.apache.nifi.nar.NarClassLoaders Loaded NAR file: /opt/nifi/nifi-current/./work/nar/extensions/nifi-opentelemetry-nar-2.6.0.nar-unpacked as class loader org.apache.nifi.nar.NarClassLoader[./work/nar/extensions/nifi-opentelemetry-nar-2.6.0.nar-unpacked]
2025-10-14 22:09:20,922 INFO [main] org.apache.nifi.nar.NarClassLoaders Loaded NAR file: /opt/nifi/nifi-current/./work/nar/extensions/nifi-elasticsearch-restapi-nar-2.6.0.nar-unpacked as class loader org.apache.nifi.nar.NarClassLoader[./work/nar/extensions/nifi-elasticsearch-restapi-nar-2.6.0.nar-unpacked]
2025-10-14 22:09:20,930 INFO [main] org.apache.nifi.nar.NarClassLoaders Loaded NAR file: /opt/nifi/nifi-current/./work/nar/extensions/nifi-redis-service-api-nar-2.6.0.nar-unpacked as class loader org.apache.nifi.nar.NarClassLoader[./work/nar/extensions/nifi-redis-service-api-nar-2.6.0.nar-unpacked]
2025-10-14 22:09:20,952 INFO [main] org.apache.nifi.nar.NarClassLoaders Loaded NAR file: /opt/nifi/nifi-current/./work/nar/extensions/nifi-standard-content-viewer-nar-2.6.0.nar-unpacked as class loader org.apache.nifi.nar.NarClassLoader[./work/nar/extensions/nifi-standard-content-viewer-nar-2.6.0.nar-unpacked]
2025-10-14 22:09:20,955 INFO [main] org.apache.nifi.nar.NarClassLoaders Loaded NAR file: /opt/nifi/nifi-current/./work/nar/extensions/nifi-lookup-services-nar-2.6.0.nar-unpacked as class loader org.apache.nifi.nar.NarClassLoader[./work/nar/extensions/nifi-lookup-services-nar-2.6.0.nar-unpacked]
2025-10-14 22:09:20,965 INFO [main] org.apache.nifi.nar.NarClassLoaders Loaded NAR file: /opt/nifi/nifi-current/./work/nar/extensions/nifi-enrich-nar-2.6.0.nar-unpacked as class loader org.apache.nifi.nar.NarClassLoader[./work/nar/extensions/nifi-enrich-nar-2.6.0.nar-unpacked]
2025-10-14 22:09:20,971 INFO [main] org.apache.nifi.nar.NarClassLoaders Loaded NAR file: /opt/nifi/nifi-current/./work/nar/extensions/nifi-jolt-nar-2.6.0.nar-unpacked as class loader org.apache.nifi.nar.NarClassLoader[./work/nar/extensions/nifi-jolt-nar-2.6.0.nar-unpacked]
2025-10-14 22:09:20,974 INFO [main] org.apache.nifi.nar.NarClassLoaders Loaded NAR file: /opt/nifi/nifi-current/./work/nar/extensions/nifi-avro-nar-2.6.0.nar-unpacked as class loader org.apache.nifi.nar.NarClassLoader[./work/nar/extensions/nifi-avro-nar-2.6.0.nar-unpacked]
2025-10-14 22:09:20,978 INFO [main] org.apache.nifi.nar.NarClassLoaders Loaded NAR file: /opt/nifi/nifi-current/./work/nar/extensions/nifi-snmp-nar-2.6.0.nar-unpacked as class loader org.apache.nifi.nar.NarClassLoader[./work/nar/extensions/nifi-snmp-nar-2.6.0.nar-unpacked]
2025-10-14 22:09:20,981 INFO [main] org.apache.nifi.nar.NarClassLoaders Loaded NAR file: /opt/nifi/nifi-current/./work/nar/extensions/nifi-kafka-nar-2.6.0.nar-unpacked as class loader org.apache.nifi.nar.NarClassLoader[./work/nar/extensions/nifi-kafka-nar-2.6.0.nar-unpacked]
2025-10-14 22:09:20,984 INFO [main] org.apache.nifi.nar.NarClassLoaders Loaded NAR file: /opt/nifi/nifi-current/./work/nar/extensions/nifi-pgp-nar-2.6.0.nar-unpacked as class loader org.apache.nifi.nar.NarClassLoader[./work/nar/extensions/nifi-pgp-nar-2.6.0.nar-unpacked]
2025-10-14 22:09:20,989 INFO [main] org.apache.nifi.nar.NarClassLoaders Loaded NAR file: /opt/nifi/nifi-current/./work/nar/extensions/nifi-oauth2-provider-nar-2.6.0.nar-unpacked as class loader org.apache.nifi.nar.NarClassLoader[./work/nar/extensions/nifi-oauth2-provider-nar-2.6.0.nar-unpacked]
2025-10-14 22:09:20,993 INFO [main] org.apache.nifi.nar.NarClassLoaders Loaded NAR file: /opt/nifi/nifi-current/./work/nar/extensions/nifi-poi-nar-2.6.0.nar-unpacked as class loader org.apache.nifi.nar.NarClassLoader[./work/nar/extensions/nifi-poi-nar-2.6.0.nar-unpacked]
2025-10-14 22:09:21,015 INFO [main] org.apache.nifi.nar.NarClassLoaders Loaded NAR file: /opt/nifi/nifi-current/./work/nar/extensions/nifi-groovyx-nar-2.6.0.nar-unpacked as class loader org.apache.nifi.nar.NarClassLoader[./work/nar/extensions/nifi-groovyx-nar-2.6.0.nar-unpacked]
2025-10-14 22:09:21,127 INFO [main] org.apache.nifi.nar.NarClassLoaders Loaded NAR file: /opt/nifi/nifi-current/./work/nar/extensions/nifi-zendesk-services-nar-2.6.0.nar-unpacked as class loader org.apache.nifi.nar.NarClassLoader[./work/nar/extensions/nifi-zendesk-services-nar-2.6.0.nar-unpacked]
2025-10-14 22:09:21,134 INFO [main] org.apache.nifi.nar.NarClassLoaders Loaded NAR file: /opt/nifi/nifi-current/./work/nar/extensions/nifi-mongodb-client-service-api-nar-2.6.0.nar-unpacked as class loader org.apache.nifi.nar.NarClassLoader[./work/nar/extensions/nifi-mongodb-client-service-api-nar-2.6.0.nar-unpacked]
2025-10-14 22:09:21,143 INFO [main] org.apache.nifi.nar.NarClassLoaders Loaded NAR file: /opt/nifi/nifi-current/./work/nar/extensions/nifi-smb-client-api-nar-2.6.0.nar-unpacked as class loader org.apache.nifi.nar.NarClassLoader[./work/nar/extensions/nifi-smb-client-api-nar-2.6.0.nar-unpacked]
2025-10-14 22:09:21,155 INFO [main] org.apache.nifi.nar.NarClassLoaders Loaded NAR file: /opt/nifi/nifi-current/./work/nar/extensions/nifi-aws-nar-2.6.0.nar-unpacked as class loader org.apache.nifi.nar.NarClassLoader[./work/nar/extensions/nifi-aws-nar-2.6.0.nar-unpacked]
2025-10-14 22:09:21,293 INFO [main] org.apache.nifi.nar.NarClassLoaders Loaded NAR file: /opt/nifi/nifi-current/./work/nar/extensions/nifi-standard-nar-2.6.0.nar-unpacked as class loader org.apache.nifi.nar.NarClassLoader[./work/nar/extensions/nifi-standard-nar-2.6.0.nar-unpacked]
2025-10-14 22:09:21,447 INFO [main] org.apache.nifi.nar.NarClassLoaders Loaded NAR file: /opt/nifi/nifi-current/./work/nar/extensions/nifi-dropbox-services-api-nar-2.6.0.nar-unpacked as class loader org.apache.nifi.nar.NarClassLoader[./work/nar/extensions/nifi-dropbox-services-api-nar-2.6.0.nar-unpacked]
2025-10-14 22:09:21,450 INFO [main] org.apache.nifi.nar.NarClassLoaders Loaded NAR file: /opt/nifi/nifi-current/./work/nar/extensions/nifi-splunk-nar-2.6.0.nar-unpacked as class loader org.apache.nifi.nar.NarClassLoader[./work/nar/extensions/nifi-splunk-nar-2.6.0.nar-unpacked]
2025-10-14 22:09:21,456 INFO [main] org.apache.nifi.nar.NarClassLoaders Loaded NAR file: /opt/nifi/nifi-current/./work/nar/extensions/nifi-social-media-nar-2.6.0.nar-unpacked as class loader org.apache.nifi.nar.NarClassLoader[./work/nar/extensions/nifi-social-media-nar-2.6.0.nar-unpacked]
2025-10-14 22:09:21,468 INFO [main] org.apache.nifi.nar.NarClassLoaders Loaded NAR file: /opt/nifi/nifi-current/./work/nar/extensions/nifi-geohash-nar-2.6.0.nar-unpacked as class loader org.apache.nifi.nar.NarClassLoader[./work/nar/extensions/nifi-geohash-nar-2.6.0.nar-unpacked]
2025-10-14 22:09:21,474 INFO [main] org.apache.nifi.nar.NarClassLoaders Loaded NAR file: /opt/nifi/nifi-current/./work/nar/extensions/nifi-jms-cf-service-nar-2.6.0.nar-unpacked as class loader org.apache.nifi.nar.NarClassLoader[./work/nar/extensions/nifi-jms-cf-service-nar-2.6.0.nar-unpacked]
2025-10-14 22:09:21,478 INFO [main] org.apache.nifi.nar.NarClassLoaders Loaded NAR file: /opt/nifi/nifi-current/./work/nar/extensions/nifi-network-processors-nar-2.6.0.nar-unpacked as class loader org.apache.nifi.nar.NarClassLoader[./work/nar/extensions/nifi-network-processors-nar-2.6.0.nar-unpacked]
2025-10-14 22:09:21,483 INFO [main] org.apache.nifi.nar.NarClassLoaders Loaded NAR file: /opt/nifi/nifi-current/./work/nar/extensions/nifi-flow-registry-client-nar-2.6.0.nar-unpacked as class loader org.apache.nifi.nar.NarClassLoader[./work/nar/extensions/nifi-flow-registry-client-nar-2.6.0.nar-unpacked]
2025-10-14 22:09:21,506 INFO [main] org.apache.nifi.nar.NarClassLoaders Loaded NAR file: /opt/nifi/nifi-current/./work/nar/extensions/nifi-cipher-nar-2.6.0.nar-unpacked as class loader org.apache.nifi.nar.NarClassLoader[./work/nar/extensions/nifi-cipher-nar-2.6.0.nar-unpacked]
2025-10-14 22:09:21,514 INFO [main] org.apache.nifi.nar.NarClassLoaders Loaded NAR file: /opt/nifi/nifi-current/./work/nar/extensions/nifi-gcp-nar-2.6.0.nar-unpacked as class loader org.apache.nifi.nar.NarClassLoader[./work/nar/extensions/nifi-gcp-nar-2.6.0.nar-unpacked]
2025-10-14 22:09:21,573 INFO [main] org.apache.nifi.nar.NarClassLoaders Loaded NAR file: /opt/nifi/nifi-current/./work/nar/extensions/nifi-dropbox-services-nar-2.6.0.nar-unpacked as class loader org.apache.nifi.nar.NarClassLoader[./work/nar/extensions/nifi-dropbox-services-nar-2.6.0.nar-unpacked]
2025-10-14 22:09:21,577 INFO [main] org.apache.nifi.nar.NarClassLoaders Loaded NAR file: /opt/nifi/nifi-current/./work/nar/extensions/nifi-scripting-nar-2.6.0.nar-unpacked as class loader org.apache.nifi.nar.NarClassLoader[./work/nar/extensions/nifi-scripting-nar-2.6.0.nar-unpacked]
2025-10-14 22:09:21,631 INFO [main] org.apache.nifi.nar.NarClassLoaders Loaded NAR file: /opt/nifi/nifi-current/./work/nar/extensions/nifi-redis-nar-2.6.0.nar-unpacked as class loader org.apache.nifi.nar.NarClassLoader[./work/nar/extensions/nifi-redis-nar-2.6.0.nar-unpacked]
2025-10-14 22:09:21,642 INFO [main] org.apache.nifi.nar.NarClassLoaders Loaded NAR file: /opt/nifi/nifi-current/./work/nar/extensions/nifi-box-services-nar-2.6.0.nar-unpacked as class loader org.apache.nifi.nar.NarClassLoader[./work/nar/extensions/nifi-box-services-nar-2.6.0.nar-unpacked]
2025-10-14 22:09:21,650 INFO [main] org.apache.nifi.nar.NarClassLoaders Loaded NAR file: /opt/nifi/nifi-current/./work/nar/extensions/nifi-github-nar-2.6.0.nar-unpacked as class loader org.apache.nifi.nar.NarClassLoader[./work/nar/extensions/nifi-github-nar-2.6.0.nar-unpacked]
2025-10-14 22:09:21,664 INFO [main] org.apache.nifi.nar.NarClassLoaders Loaded NAR file: /opt/nifi/nifi-current/./work/nar/extensions/nifi-key-service-nar-2.6.0.nar-unpacked as class loader org.apache.nifi.nar.NarClassLoader[./work/nar/extensions/nifi-key-service-nar-2.6.0.nar-unpacked]
2025-10-14 22:09:21,668 INFO [main] org.apache.nifi.nar.NarClassLoaders Loaded NAR file: /opt/nifi/nifi-current/./work/nar/extensions/nifi-salesforce-nar-2.6.0.nar-unpacked as class loader org.apache.nifi.nar.NarClassLoader[./work/nar/extensions/nifi-salesforce-nar-2.6.0.nar-unpacked]
2025-10-14 22:09:21,678 INFO [main] org.apache.nifi.nar.NarClassLoaders Loaded NAR file: /opt/nifi/nifi-current/./work/nar/extensions/nifi-py4j-nar-2.6.0.nar-unpacked as class loader org.apache.nifi.nar.NarClassLoader[./work/nar/extensions/nifi-py4j-nar-2.6.0.nar-unpacked]
2025-10-14 22:09:21,691 INFO [main] org.apache.nifi.nar.NarClassLoaders Loaded NAR file: /opt/nifi/nifi-current/./work/nar/extensions/nifi-record-serialization-services-nar-2.6.0.nar-unpacked as class loader org.apache.nifi.nar.NarClassLoader[./work/nar/extensions/nifi-record-serialization-services-nar-2.6.0.nar-unpacked]
2025-10-14 22:09:21,706 INFO [main] org.apache.nifi.nar.NarClassLoaders Loaded NAR file: /opt/nifi/nifi-current/./work/nar/extensions/nifi-web-client-provider-service-nar-2.6.0.nar-unpacked as class loader org.apache.nifi.nar.NarClassLoader[./work/nar/extensions/nifi-web-client-provider-service-nar-2.6.0.nar-unpacked]
2025-10-14 22:09:21,714 INFO [main] org.apache.nifi.nar.NarClassLoaders Loaded NAR file: /opt/nifi/nifi-current/./work/nar/extensions/nifi-jslt-nar-2.6.0.nar-unpacked as class loader org.apache.nifi.nar.NarClassLoader[./work/nar/extensions/nifi-jslt-nar-2.6.0.nar-unpacked]
2025-10-14 22:09:21,718 INFO [main] org.apache.nifi.nar.NarClassLoaders Loaded NAR file: /opt/nifi/nifi-current/./work/nar/extensions/nifi-atlassian-nar-2.6.0.nar-unpacked as class loader org.apache.nifi.nar.NarClassLoader[./work/nar/extensions/nifi-atlassian-nar-2.6.0.nar-unpacked]
2025-10-14 22:09:21,726 INFO [main] org.apache.nifi.nar.NarClassLoaders Loaded NAR file: /opt/nifi/nifi-current/./work/nar/extensions/nifi-kafka-3-service-nar-2.6.0.nar-unpacked as class loader org.apache.nifi.nar.NarClassLoader[./work/nar/extensions/nifi-kafka-3-service-nar-2.6.0.nar-unpacked]
2025-10-14 22:09:21,743 INFO [main] org.apache.nifi.nar.NarClassLoaders Loaded NAR file: /opt/nifi/nifi-current/./work/nar/extensions/nifi-mongodb-services-nar-2.6.0.nar-unpacked as class loader org.apache.nifi.nar.NarClassLoader[./work/nar/extensions/nifi-mongodb-services-nar-2.6.0.nar-unpacked]
2025-10-14 22:09:21,748 INFO [main] org.apache.nifi.nar.NarClassLoaders Loaded NAR file: /opt/nifi/nifi-current/./work/nar/extensions/nifi-hashicorp-vault-nar-2.6.0.nar-unpacked as class loader org.apache.nifi.nar.NarClassLoader[./work/nar/extensions/nifi-hashicorp-vault-nar-2.6.0.nar-unpacked]
2025-10-14 22:09:21,769 INFO [main] org.apache.nifi.nar.NarClassLoaders Loaded NAR file: /opt/nifi/nifi-current/./work/nar/extensions/nifi-azure-nar-2.6.0.nar-unpacked as class loader org.apache.nifi.nar.NarClassLoader[./work/nar/extensions/nifi-azure-nar-2.6.0.nar-unpacked]
2025-10-14 22:09:21,870 INFO [main] org.apache.nifi.nar.NarClassLoaders Loaded NAR file: /opt/nifi/nifi-current/./work/nar/extensions/nifi-smb-smbj-client-nar-2.6.0.nar-unpacked as class loader org.apache.nifi.nar.NarClassLoader[./work/nar/extensions/nifi-smb-smbj-client-nar-2.6.0.nar-unpacked]
2025-10-14 22:09:21,875 INFO [main] org.apache.nifi.nar.NarClassLoaders Loaded NAR file: /opt/nifi/nifi-current/./work/nar/extensions/nifi-pgp-service-nar-2.6.0.nar-unpacked as class loader org.apache.nifi.nar.NarClassLoader[./work/nar/extensions/nifi-pgp-service-nar-2.6.0.nar-unpacked]
2025-10-14 22:09:21,878 INFO [main] org.apache.nifi.nar.NarClassLoaders Loaded NAR file: /opt/nifi/nifi-current/./work/nar/extensions/nifi-asana-processors-nar-2.6.0.nar-unpacked as class loader org.apache.nifi.nar.NarClassLoader[./work/nar/extensions/nifi-asana-processors-nar-2.6.0.nar-unpacked]
2025-10-14 22:09:21,882 INFO [main] org.apache.nifi.nar.NarClassLoaders Loaded NAR file: /opt/nifi/nifi-current/./work/nar/extensions/nifi-asana-services-nar-2.6.0.nar-unpacked as class loader org.apache.nifi.nar.NarClassLoader[./work/nar/extensions/nifi-asana-services-nar-2.6.0.nar-unpacked]
2025-10-14 22:09:21,888 INFO [main] org.apache.nifi.nar.NarClassLoaders Loaded NAR file: /opt/nifi/nifi-current/./work/nar/extensions/nifi-mongodb-nar-2.6.0.nar-unpacked as class loader org.apache.nifi.nar.NarClassLoader[./work/nar/extensions/nifi-mongodb-nar-2.6.0.nar-unpacked]
2025-10-14 22:09:21,892 INFO [main] org.apache.nifi.nar.NarClassLoaders Loaded NAR file: /opt/nifi/nifi-current/./work/nar/extensions/nifi-jms-processors-nar-2.6.0.nar-unpacked as class loader org.apache.nifi.nar.NarClassLoader[./work/nar/extensions/nifi-jms-processors-nar-2.6.0.nar-unpacked]
2025-10-14 22:09:21,901 INFO [main] org.apache.nifi.nar.NarClassLoaders Loaded NAR file: /opt/nifi/nifi-current/./work/nar/extensions/nifi-dropbox-processors-nar-2.6.0.nar-unpacked as class loader org.apache.nifi.nar.NarClassLoader[./work/nar/extensions/nifi-dropbox-processors-nar-2.6.0.nar-unpacked]
2025-10-14 22:09:21,913 INFO [main] org.apache.nifi.nar.NarClassLoaders Loaded NAR file: /opt/nifi/nifi-current/./work/nar/extensions/nifi-smb-nar-2.6.0.nar-unpacked as class loader org.apache.nifi.nar.NarClassLoader[./work/nar/extensions/nifi-smb-nar-2.6.0.nar-unpacked]
2025-10-14 22:09:21,917 INFO [main] org.apache.nifi.nar.NarClassLoaders Found NiFiServer implementation org.apache.nifi.web.server.JettyServer in org.apache.nifi:nifi-server-nar:2.6.0
2025-10-14 22:09:21,945 INFO [main] o.a.nifi.properties.NiFiPropertiesLoader Loading Application Properties [/opt/nifi/nifi-current/conf/nifi.properties]
2025-10-14 22:09:21,957 WARN [main] o.a.nifi.properties.NiFiPropertiesLoader Generating Random Sensitive Properties Key [nifi.sensitive.props.key]
2025-10-14 22:09:22,005 INFO [main] o.a.nifi.properties.NiFiPropertiesLoader NiFi Properties [/opt/nifi/nifi-current/conf/nifi.properties] updated with Sensitive Properties Key
2025-10-14 22:09:22,006 INFO [main] o.a.nifi.properties.NiFiPropertiesLoader Loading Application Properties [/opt/nifi/nifi-current/conf/nifi.properties]
2025-10-14 22:09:22,930 INFO [main] o.a.n.f.ssl.FrameworkKeyManagerBuilder Key Manager loaded from Key Store [./conf/keystore.p12]
2025-10-14 22:09:22,980 INFO [main] o.a.n.f.ssl.FrameworkTrustManagerBuilder Trust Manager loaded from Trust Store [./conf/truststore.p12]
2025-10-14 22:09:25,574 INFO [main] org.apache.nifi.web.server.JettyServer Loading WAR [/opt/nifi/nifi-current/./work/nar/extensions/nifi-standard-content-viewer-nar-2.6.0.nar-unpacked/NAR-INF/bundled-dependencies/nifi-standard-content-viewer-2.6.0.war] Context Path [/nifi-standard-content-viewer-2.6.0]
2025-10-14 22:09:25,584 INFO [main] org.apache.nifi.web.server.JettyServer Loading WAR [/opt/nifi/nifi-current/./work/nar/extensions/nifi-jolt-nar-2.6.0.nar-unpacked/NAR-INF/bundled-dependencies/nifi-jolt-transform-json-ui-2.6.0.war] Context Path [/nifi-jolt-transform-json-ui-2.6.0]
2025-10-14 22:09:25,585 INFO [main] org.apache.nifi.web.server.JettyServer Loading UI extension [ProcessorConfiguration, /nifi-jolt-transform-json-ui-2.6.0] for org.apache.nifi.processors.jolt.JoltTransformJSON:org.apache.nifi:nifi-jolt-nar:2.6.0
2025-10-14 22:09:25,591 INFO [main] org.apache.nifi.web.server.JettyServer Loading WAR [/opt/nifi/nifi-current/./work/nar/extensions/nifi-update-attribute-nar-2.6.0.nar-unpacked/NAR-INF/bundled-dependencies/nifi-update-attribute-ui-2.6.0.war] Context Path [/nifi-update-attribute-ui-2.6.0]
2025-10-14 22:09:25,592 INFO [main] org.apache.nifi.web.server.JettyServer Loading UI extension [ProcessorConfiguration, /nifi-update-attribute-ui-2.6.0] for org.apache.nifi.processors.attributes.UpdateAttribute:org.apache.nifi:nifi-update-attribute-nar:2.6.0
2025-10-14 22:09:25,610 INFO [main] org.apache.nifi.web.server.JettyServer Loading WAR [/opt/nifi/nifi-current/./work/nar/extensions/nifi-server-nar-2.6.0.nar-unpacked/NAR-INF/bundled-dependencies/nifi-ui-2.6.0.war] Context Path [/nifi]
2025-10-14 22:09:25,614 INFO [main] org.apache.nifi.web.server.JettyServer Loading WAR [/opt/nifi/nifi-current/./work/nar/extensions/nifi-server-nar-2.6.0.nar-unpacked/NAR-INF/bundled-dependencies/nifi-web-api-2.6.0.war] Context Path [/nifi-api]
2025-10-14 22:09:25,636 INFO [main] org.apache.nifi.web.server.JettyServer Loading Docs [/opt/nifi/nifi-current/docs] Context Path [/nifi-api]
2025-10-14 22:09:25,701 INFO [main] o.a.n.n.StandardExtensionDiscoveringManager Loaded extensions for org.apache.nifi:nifi-jetty-nar:2.6.0 in 2 millis
2025-10-14 22:09:25,718 INFO [main] o.a.n.n.StandardExtensionDiscoveringManager Loaded extensions for org.apache.nifi:nifi-framework-nar:2.6.0 in 16 millis
2025-10-14 22:09:25,723 INFO [main] o.a.n.n.StandardExtensionDiscoveringManager Loaded extensions for org.apache.nifi:nifi-single-user-iaa-providers-nar:2.6.0 in 5 millis
2025-10-14 22:09:25,730 INFO [main] o.a.n.n.StandardExtensionDiscoveringManager Loaded extensions for org.apache.nifi:nifi-kerberos-iaa-providers-nar:2.6.0 in 6 millis
2025-10-14 22:09:25,744 INFO [main] o.a.n.n.StandardExtensionDiscoveringManager Loaded extensions for org.apache.nifi:nifi-framework-zookeeper-nar:2.6.0 in 13 millis
2025-10-14 22:09:25,754 INFO [main] o.a.n.n.StandardExtensionDiscoveringManager Loaded extensions for org.apache.nifi:nifi-server-nar:2.6.0 in 9 millis
2025-10-14 22:09:25,761 INFO [main] o.a.n.n.StandardExtensionDiscoveringManager Loaded extensions for org.apache.nifi:nifi-ldap-iaa-providers-nar:2.6.0 in 6 millis
2025-10-14 22:09:25,766 INFO [main] o.a.n.n.StandardExtensionDiscoveringManager Loaded extensions for org.apache.nifi:nifi-windows-event-log-nar:2.6.0 in 3 millis
2025-10-14 22:09:25,780 INFO [main] o.a.n.n.StandardExtensionDiscoveringManager Loaded extensions for org.apache.nifi:nifi-standard-services-api-nar:2.6.0 in 13 millis
2025-10-14 22:09:25,805 INFO [main] o.a.n.n.StandardExtensionDiscoveringManager Loaded extensions for org.apache.nifi:nifi-distributed-cache-services-nar:2.6.0 in 25 millis
2025-10-14 22:09:25,816 INFO [main] o.a.n.n.StandardExtensionDiscoveringManager Loaded extensions for org.apache.nifi:nifi-hazelcast-services-api-nar:2.6.0 in 9 millis
2025-10-14 22:09:25,825 INFO [main] o.a.n.n.StandardExtensionDiscoveringManager Loaded extensions for org.apache.nifi:nifi-provenance-repository-nar:2.6.0 in 8 millis
2025-10-14 22:09:25,832 INFO [main] o.a.n.n.StandardExtensionDiscoveringManager Loaded extensions for org.apache.nifi:nifi-websocket-services-api-nar:2.6.0 in 6 millis
2025-10-14 22:09:25,842 INFO [main] o.a.n.n.StandardExtensionDiscoveringManager Loaded extensions for org.apache.nifi:nifi-hazelcast-services-nar:2.6.0 in 9 millis
2025-10-14 22:09:25,849 INFO [main] o.a.n.n.StandardExtensionDiscoveringManager Loaded extensions for org.apache.nifi:nifi-evtx-nar:2.6.0 in 6 millis
2025-10-14 22:09:25,858 INFO [main] o.a.n.n.StandardExtensionDiscoveringManager Loaded extensions for org.apache.nifi:nifi-dbcp-service-nar:2.6.0 in 9 millis
2025-10-14 22:09:25,864 INFO [main] o.a.n.n.StandardExtensionDiscoveringManager Loaded extensions for org.apache.nifi:nifi-db-schema-registry-service-nar:2.6.0 in 6 millis
2025-10-14 22:09:25,870 INFO [main] o.a.n.n.StandardExtensionDiscoveringManager Loaded extensions for org.apache.nifi:nifi-hl7-nar:2.6.0 in 6 millis
2025-10-14 22:09:25,873 INFO [main] o.a.n.n.StandardExtensionDiscoveringManager Loaded extensions for org.apache.nifi:nifi-stateful-analysis-nar:2.6.0 in 2 millis
2025-10-14 22:09:25,876 INFO [main] o.a.n.n.StandardExtensionDiscoveringManager Loaded extensions for org.apache.nifi:nifi-update-attribute-nar:2.6.0 in 2 millis
2025-10-14 22:09:25,883 INFO [main] o.a.n.n.StandardExtensionDiscoveringManager Loaded extensions for org.apache.nifi:nifi-compress-nar:2.6.0 in 6 millis
2025-10-14 22:09:25,893 INFO [main] o.a.n.n.StandardExtensionDiscoveringManager Loaded extensions for org.apache.nifi:nifi-websocket-services-jetty-nar:2.6.0 in 8 millis
2025-10-14 22:09:25,904 INFO [main] o.a.n.n.StandardExtensionDiscoveringManager Loaded extensions for org.apache.nifi:nifi-http-context-map-nar:2.6.0 in 10 millis
2025-10-14 22:09:25,908 INFO [main] o.a.n.n.StandardExtensionDiscoveringManager Loaded extensions for org.apache.nifi:nifi-standard-shared-nar:2.6.0 in 3 millis
2025-10-14 22:09:25,921 INFO [main] o.a.n.n.StandardExtensionDiscoveringManager Loaded extensions for org.apache.nifi:nifi-confluent-platform-nar:2.6.0 in 12 millis
2025-10-14 22:09:25,938 INFO [main] o.a.n.n.StandardExtensionDiscoveringManager Loaded extensions for org.apache.nifi:nifi-zendesk-nar:2.6.0 in 16 millis
2025-10-14 22:09:25,946 INFO [main] o.a.n.n.StandardExtensionDiscoveringManager Loaded extensions for org.apache.nifi:nifi-database-dialect-service-nar:2.6.0 in 7 millis
2025-10-14 22:09:25,965 INFO [main] o.a.n.n.StandardExtensionDiscoveringManager Loaded extensions for org.apache.nifi:nifi-framework-kubernetes-nar:2.6.0 in 18 millis
2025-10-14 22:09:25,976 INFO [main] o.a.n.n.StandardExtensionDiscoveringManager Loaded extensions for org.apache.nifi:nifi-box-services-api-nar:2.6.0 in 10 millis
2025-10-14 22:09:25,986 INFO [main] o.a.n.n.StandardExtensionDiscoveringManager Loaded extensions for org.apache.nifi:nifi-box-nar:2.6.0 in 9 millis
2025-10-14 22:09:25,999 INFO [main] o.a.n.n.StandardExtensionDiscoveringManager Loaded extensions for org.apache.nifi:nifi-azure-services-api-nar:2.6.0 in 12 millis
2025-10-14 22:09:26,004 INFO [main] o.a.n.n.StandardExtensionDiscoveringManager Loaded extensions for org.apache.nifi:nifi-ssl-context-service-nar:2.6.0 in 4 millis
2025-10-14 22:09:26,009 INFO [main] o.a.n.n.StandardExtensionDiscoveringManager Loaded extensions for org.apache.nifi:nifi-kafka-service-api-nar:2.6.0 in 4 millis
2025-10-14 22:09:26,025 INFO [main] o.a.n.n.StandardExtensionDiscoveringManager Loaded extensions for org.apache.nifi:nifi-kafka-service-aws-nar:2.6.0 in 16 millis
2025-10-14 22:09:26,039 INFO [main] o.a.n.n.StandardExtensionDiscoveringManager Loaded extensions for org.apache.nifi:nifi-elasticsearch-client-service-api-nar:2.6.0 in 13 millis
2025-10-14 22:09:26,050 INFO [main] o.a.n.n.StandardExtensionDiscoveringManager Loaded extensions for org.apache.nifi:nifi-amqp-nar:2.6.0 in 10 millis
2025-10-14 22:09:26,064 INFO [main] o.a.n.n.StandardExtensionDiscoveringManager Loaded extensions for org.apache.nifi:nifi-pgp-service-api-nar:2.6.0 in 11 millis
2025-10-14 22:09:26,079 INFO [main] o.a.n.n.StandardExtensionDiscoveringManager Loaded extensions for org.apache.nifi:nifi-file-resource-service-nar:2.6.0 in 14 millis
2025-10-14 22:09:26,088 INFO [main] o.a.n.n.StandardExtensionDiscoveringManager Loaded extensions for org.apache.nifi:nifi-kerberos-user-service-nar:2.6.0 in 8 millis
2025-10-14 22:09:26,101 INFO [main] o.a.n.n.StandardExtensionDiscoveringManager Loaded extensions for org.apache.nifi:nifi-hubspot-nar:2.6.0 in 12 millis
2025-10-14 22:09:26,107 INFO [main] o.a.n.n.StandardExtensionDiscoveringManager Loaded extensions for org.apache.nifi:nifi-email-nar:2.6.0 in 5 millis
2025-10-14 22:09:26,123 INFO [main] o.a.n.n.StandardExtensionDiscoveringManager Loaded extensions for org.apache.nifi:nifi-apicurio-nar:2.6.0 in 15 millis
2025-10-14 22:09:26,131 INFO [main] o.a.n.n.StandardExtensionDiscoveringManager Loaded extensions for org.apache.nifi:nifi-workday-processors-nar:2.6.0 in 6 millis
2025-10-14 22:09:26,148 INFO [main] o.a.n.n.StandardExtensionDiscoveringManager Loaded extensions for org.apache.nifi:nifi-record-sink-service-nar:2.6.0 in 16 millis
2025-10-14 22:09:26,167 INFO [main] o.a.n.n.StandardExtensionDiscoveringManager Loaded extensions for org.apache.nifi:nifi-websocket-processors-nar:2.6.0 in 17 millis
2025-10-14 22:09:26,184 INFO [main] o.a.n.n.StandardExtensionDiscoveringManager Loaded extensions for org.apache.nifi:nifi-gcp-services-api-nar:2.6.0 in 15 millis
2025-10-14 22:09:26,193 INFO [main] o.a.n.n.StandardExtensionDiscoveringManager Loaded extensions for org.apache.nifi:nifi-registry-nar:2.6.0 in 8 millis
2025-10-14 22:09:26,224 INFO [main] o.a.n.n.StandardExtensionDiscoveringManager Loaded extensions for org.apache.nifi:nifi-elasticsearch-client-service-nar:2.6.0 in 29 millis
2025-10-14 22:09:26,245 INFO [main] o.a.n.n.StandardExtensionDiscoveringManager Loaded extensions for org.apache.nifi:nifi-aws-service-api-nar:2.6.0 in 20 millis
2025-10-14 22:09:26,267 INFO [main] o.a.n.n.StandardExtensionDiscoveringManager Loaded extensions for org.apache.nifi:nifi-proxy-configuration-nar:2.6.0 in 21 millis
2025-10-14 22:09:26,294 INFO [main] o.a.n.n.StandardExtensionDiscoveringManager Loaded extensions for org.apache.nifi:nifi-gitlab-nar:2.6.0 in 26 millis
2025-10-14 22:09:26,363 INFO [main] o.a.n.n.StandardExtensionDiscoveringManager Loaded extensions for org.apache.nifi:nifi-mqtt-nar:2.6.0 in 68 millis
2025-10-14 22:09:26,377 INFO [main] o.a.n.n.StandardExtensionDiscoveringManager Loaded extensions for org.apache.nifi:nifi-shopify-nar:2.6.0 in 13 millis
2025-10-14 22:09:26,392 INFO [main] o.a.n.n.StandardExtensionDiscoveringManager Loaded extensions for org.apache.nifi:nifi-protobuf-services-nar:2.6.0 in 14 millis
2025-10-14 22:09:26,397 INFO [main] o.a.n.n.StandardExtensionDiscoveringManager Loaded extensions for org.apache.nifi:nifi-airtable-nar:2.6.0 in 4 millis
2025-10-14 22:09:26,400 INFO [main] o.a.n.n.StandardExtensionDiscoveringManager Loaded extensions for org.apache.nifi:nifi-asana-services-api-nar:2.6.0 in 2 millis
2025-10-14 22:09:26,411 INFO [main] o.a.n.n.StandardExtensionDiscoveringManager Loaded extensions for org.apache.nifi:nifi-hashicorp-vault-client-service-api-nar:2.6.0 in 7 millis
2025-10-14 22:09:26,417 INFO [main] o.a.n.n.StandardExtensionDiscoveringManager Loaded extensions for org.apache.nifi:nifi-slack-nar:2.6.0 in 5 millis
2025-10-14 22:09:26,426 INFO [main] o.a.n.n.StandardExtensionDiscoveringManager Loaded extensions for org.apache.nifi:nifi-site-to-site-reporting-nar:2.6.0 in 8 millis
2025-10-14 22:09:26,433 INFO [main] o.a.n.n.StandardExtensionDiscoveringManager Loaded extensions for org.apache.nifi:nifi-cdc-mysql-nar:2.6.0 in 6 millis
2025-10-14 22:09:26,438 INFO [main] o.a.n.n.StandardExtensionDiscoveringManager Loaded extensions for org.apache.nifi:nifi-opentelemetry-nar:2.6.0 in 4 millis
2025-10-14 22:09:26,450 INFO [main] o.a.n.n.StandardExtensionDiscoveringManager Loaded extensions for org.apache.nifi:nifi-elasticsearch-restapi-nar:2.6.0 in 9 millis
2025-10-14 22:09:26,454 INFO [main] o.a.n.n.StandardExtensionDiscoveringManager Loaded extensions for org.apache.nifi:nifi-redis-service-api-nar:2.6.0 in 3 millis
2025-10-14 22:09:26,467 INFO [main] o.a.n.n.StandardExtensionDiscoveringManager Loaded extensions for org.apache.nifi:nifi-standard-content-viewer-nar:2.6.0 in 11 millis
2025-10-14 22:09:26,472 INFO [main] o.a.n.n.StandardExtensionDiscoveringManager Loaded extensions for org.apache.nifi:nifi-lookup-services-nar:2.6.0 in 4 millis
2025-10-14 22:09:26,486 INFO [main] o.a.n.n.StandardExtensionDiscoveringManager Loaded extensions for org.apache.nifi:nifi-enrich-nar:2.6.0 in 12 millis
2025-10-14 22:09:26,492 INFO [main] o.a.n.n.StandardExtensionDiscoveringManager Loaded extensions for org.apache.nifi:nifi-jolt-nar:2.6.0 in 4 millis
2025-10-14 22:09:26,962 INFO [main] o.a.n.n.StandardExtensionDiscoveringManager Loaded extensions for org.apache.nifi:nifi-avro-nar:2.6.0 in 468 millis
2025-10-14 22:09:26,967 INFO [main] o.a.n.n.StandardExtensionDiscoveringManager Loaded extensions for org.apache.nifi:nifi-snmp-nar:2.6.0 in 4 millis
2025-10-14 22:09:26,974 INFO [main] o.a.n.n.StandardExtensionDiscoveringManager Loaded extensions for org.apache.nifi:nifi-kafka-nar:2.6.0 in 6 millis
2025-10-14 22:09:26,980 INFO [main] o.a.n.n.StandardExtensionDiscoveringManager Loaded extensions for org.apache.nifi:nifi-pgp-nar:2.6.0 in 4 millis
2025-10-14 22:09:26,984 INFO [main] o.a.n.n.StandardExtensionDiscoveringManager Loaded extensions for org.apache.nifi:nifi-oauth2-provider-nar:2.6.0 in 3 millis
2025-10-14 22:09:26,989 INFO [main] o.a.n.n.StandardExtensionDiscoveringManager Loaded extensions for org.apache.nifi:nifi-poi-nar:2.6.0 in 4 millis
2025-10-14 22:09:27,003 INFO [main] o.a.n.n.StandardExtensionDiscoveringManager Loaded extensions for org.apache.nifi:nifi-groovyx-nar:2.6.0 in 13 millis
2025-10-14 22:09:27,022 INFO [main] o.a.n.n.StandardExtensionDiscoveringManager Loaded extensions for org.apache.nifi:nifi-zendesk-services-nar:2.6.0 in 15 millis
2025-10-14 22:09:27,025 INFO [main] o.a.n.n.StandardExtensionDiscoveringManager Loaded extensions for org.apache.nifi:nifi-mongodb-client-service-api-nar:2.6.0 in 2 millis
2025-10-14 22:09:27,029 INFO [main] o.a.n.n.StandardExtensionDiscoveringManager Loaded extensions for org.apache.nifi:nifi-smb-client-api-nar:2.6.0 in 3 millis
2025-10-14 22:09:27,045 INFO [main] o.a.n.n.StandardExtensionDiscoveringManager Loaded extensions for org.apache.nifi:nifi-aws-nar:2.6.0 in 15 millis
2025-10-14 22:09:27,067 INFO [main] o.a.n.n.StandardExtensionDiscoveringManager Loaded extensions for org.apache.nifi:nifi-standard-nar:2.6.0 in 21 millis
2025-10-14 22:09:27,071 INFO [main] o.a.n.n.StandardExtensionDiscoveringManager Loaded extensions for org.apache.nifi:nifi-dropbox-services-api-nar:2.6.0 in 2 millis
2025-10-14 22:09:27,084 INFO [main] o.a.n.n.StandardExtensionDiscoveringManager Loaded extensions for org.apache.nifi:nifi-splunk-nar:2.6.0 in 11 millis
2025-10-14 22:09:27,098 INFO [main] o.a.n.n.StandardExtensionDiscoveringManager Loaded extensions for org.apache.nifi:nifi-social-media-nar:2.6.0 in 4 millis
2025-10-14 22:09:27,114 INFO [main] o.a.n.n.StandardExtensionDiscoveringManager Loaded extensions for org.apache.nifi:nifi-geohash-nar:2.6.0 in 10 millis
2025-10-14 22:09:27,128 INFO [main] o.a.n.n.StandardExtensionDiscoveringManager Loaded extensions for org.apache.nifi:nifi-jms-cf-service-nar:2.6.0 in 3 millis
2025-10-14 22:09:27,146 INFO [main] o.a.n.n.StandardExtensionDiscoveringManager Loaded extensions for org.apache.nifi:nifi-network-processors-nar:2.6.0 in 8 millis
2025-10-14 22:09:27,158 INFO [main] o.a.n.n.StandardExtensionDiscoveringManager Loaded extensions for org.apache.nifi:nifi-flow-registry-client-nar:2.6.0 in 4 millis
2025-10-14 22:09:27,163 INFO [main] o.a.n.n.StandardExtensionDiscoveringManager Loaded extensions for org.apache.nifi:nifi-cipher-nar:2.6.0 in 4 millis
2025-10-14 22:09:27,179 INFO [main] o.a.n.n.StandardExtensionDiscoveringManager Loaded extensions for org.apache.nifi:nifi-gcp-nar:2.6.0 in 13 millis
2025-10-14 22:09:27,187 INFO [main] o.a.n.n.StandardExtensionDiscoveringManager Loaded extensions for org.apache.nifi:nifi-dropbox-services-nar:2.6.0 in 5 millis
2025-10-14 22:09:27,209 INFO [main] o.a.n.n.StandardExtensionDiscoveringManager Loaded extensions for org.apache.nifi:nifi-scripting-nar:2.6.0 in 8 millis
2025-10-14 22:09:27,230 INFO [main] o.a.n.n.StandardExtensionDiscoveringManager Loaded extensions for org.apache.nifi:nifi-redis-nar:2.6.0 in 15 millis
2025-10-14 22:09:27,248 INFO [main] o.a.n.n.StandardExtensionDiscoveringManager Loaded extensions for org.apache.nifi:nifi-box-services-nar:2.6.0 in 8 millis
2025-10-14 22:09:27,255 INFO [main] o.a.n.n.StandardExtensionDiscoveringManager Loaded extensions for org.apache.nifi:nifi-github-nar:2.6.0 in 4 millis
2025-10-14 22:09:27,264 INFO [main] o.a.n.n.StandardExtensionDiscoveringManager Loaded extensions for org.apache.nifi:nifi-key-service-nar:2.6.0 in 8 millis
2025-10-14 22:09:27,268 INFO [main] o.a.n.n.StandardExtensionDiscoveringManager Loaded extensions for org.apache.nifi:nifi-salesforce-nar:2.6.0 in 3 millis
2025-10-14 22:09:27,274 INFO [main] o.a.n.n.StandardExtensionDiscoveringManager Loaded extensions for org.apache.nifi:nifi-py4j-nar:2.6.0 in 5 millis
2025-10-14 22:09:27,283 INFO [main] o.a.n.n.StandardExtensionDiscoveringManager Loaded extensions for org.apache.nifi:nifi-record-serialization-services-nar:2.6.0 in 6 millis
2025-10-14 22:09:27,292 INFO [main] o.a.n.n.StandardExtensionDiscoveringManager Loaded extensions for org.apache.nifi:nifi-web-client-provider-service-nar:2.6.0 in 7 millis
2025-10-14 22:09:27,298 INFO [main] o.a.n.n.StandardExtensionDiscoveringManager Loaded extensions for org.apache.nifi:nifi-jslt-nar:2.6.0 in 3 millis
2025-10-14 22:09:27,303 INFO [main] o.a.n.n.StandardExtensionDiscoveringManager Loaded extensions for org.apache.nifi:nifi-atlassian-nar:2.6.0 in 4 millis
2025-10-14 22:09:27,318 INFO [main] o.a.n.n.StandardExtensionDiscoveringManager Loaded extensions for org.apache.nifi:nifi-kafka-3-service-nar:2.6.0 in 14 millis
2025-10-14 22:09:27,322 INFO [main] o.a.n.n.StandardExtensionDiscoveringManager Loaded extensions for org.apache.nifi:nifi-mongodb-services-nar:2.6.0 in 3 millis
2025-10-14 22:09:27,336 INFO [main] o.a.n.n.StandardExtensionDiscoveringManager Loaded extensions for org.apache.nifi:nifi-hashicorp-vault-nar:2.6.0 in 13 millis
2025-10-14 22:09:27,352 INFO [main] o.a.n.n.StandardExtensionDiscoveringManager Loaded extensions for org.apache.nifi:nifi-azure-nar:2.6.0 in 15 millis
2025-10-14 22:09:27,357 INFO [main] o.a.n.n.StandardExtensionDiscoveringManager Loaded extensions for org.apache.nifi:nifi-smb-smbj-client-nar:2.6.0 in 4 millis
2025-10-14 22:09:27,362 INFO [main] o.a.n.n.StandardExtensionDiscoveringManager Loaded extensions for org.apache.nifi:nifi-pgp-service-nar:2.6.0 in 4 millis
2025-10-14 22:09:27,366 INFO [main] o.a.n.n.StandardExtensionDiscoveringManager Loaded extensions for org.apache.nifi:nifi-asana-processors-nar:2.6.0 in 3 millis
2025-10-14 22:09:27,374 INFO [main] o.a.n.n.StandardExtensionDiscoveringManager Loaded extensions for org.apache.nifi:nifi-asana-services-nar:2.6.0 in 7 millis
2025-10-14 22:09:27,379 INFO [main] o.a.n.n.StandardExtensionDiscoveringManager Loaded extensions for org.apache.nifi:nifi-mongodb-nar:2.6.0 in 4 millis
2025-10-14 22:09:27,383 INFO [main] o.a.n.n.StandardExtensionDiscoveringManager Loaded extensions for org.apache.nifi:nifi-jms-processors-nar:2.6.0 in 3 millis
2025-10-14 22:09:27,392 INFO [main] o.a.n.n.StandardExtensionDiscoveringManager Loaded extensions for org.apache.nifi:nifi-dropbox-processors-nar:2.6.0 in 8 millis
2025-10-14 22:09:27,396 INFO [main] o.a.n.n.StandardExtensionDiscoveringManager Loaded extensions for org.apache.nifi:nifi-smb-nar:2.6.0 in 3 millis
2025-10-14 22:09:27,398 INFO [main] o.a.n.n.StandardExtensionDiscoveringManager Extension Type Mapping to Bundle:
	=== AccessPolicyProvider Type ===
	org.apache.nifi.authorization.FileAccessPolicyProvider
		org.apache.nifi:nifi-framework-nar:2.6.0 || ./work/nar/framework/nifi-framework-nar-2.6.0.nar-unpacked
	=== End AccessPolicyProvider types ===
	=== StatusHistoryRepository Type ===
	org.apache.nifi.controller.status.history.VolatileComponentStatusRepository
		org.apache.nifi:nifi-framework-nar:2.6.0 || ./work/nar/framework/nifi-framework-nar-2.6.0.nar-unpacked
	=== End StatusHistoryRepository types ===
	=== FlowFileSwapManager Type ===
	org.apache.nifi.controller.FileSystemSwapManager
		org.apache.nifi:nifi-framework-nar:2.6.0 || ./work/nar/framework/nifi-framework-nar-2.6.0.nar-unpacked
	=== End FlowFileSwapManager types ===
	=== FlowRegistryClient Type ===
	org.apache.nifi.gitlab.GitLabFlowRegistryClient
		org.apache.nifi:nifi-gitlab-nar:2.6.0 || ./work/nar/extensions/nifi-gitlab-nar-2.6.0.nar-unpacked
	org.apache.nifi.github.GitHubFlowRegistryClient
		org.apache.nifi:nifi-github-nar:2.6.0 || ./work/nar/extensions/nifi-github-nar-2.6.0.nar-unpacked
	org.apache.nifi.azure.devops.AzureDevOpsFlowRegistryClient
		org.apache.nifi:nifi-azure-nar:2.6.0 || ./work/nar/extensions/nifi-azure-nar-2.6.0.nar-unpacked
	org.apache.nifi.registry.flow.NifiRegistryFlowRegistryClient
		org.apache.nifi:nifi-flow-registry-client-nar:2.6.0 || ./work/nar/extensions/nifi-flow-registry-client-nar-2.6.0.nar-unpacked
	org.apache.nifi.atlassian.bitbucket.BitbucketFlowRegistryClient
		org.apache.nifi:nifi-atlassian-nar:2.6.0 || ./work/nar/extensions/nifi-atlassian-nar-2.6.0.nar-unpacked
	=== End FlowRegistryClient types ===
	=== FlowActionReporter Type ===
	=== End FlowActionReporter types ===
	=== Authorizer Type ===
	org.apache.nifi.authorization.StandardManagedAuthorizer
		org.apache.nifi:nifi-framework-nar:2.6.0 || ./work/nar/framework/nifi-framework-nar-2.6.0.nar-unpacked
	org.apache.nifi.authorization.single.user.SingleUserAuthorizer
		org.apache.nifi:nifi-single-user-iaa-providers-nar:2.6.0 || ./work/nar/extensions/nifi-single-user-iaa-providers-nar-2.6.0.nar-unpacked
	=== End Authorizer types ===
	=== AssetManager Type ===
	org.apache.nifi.asset.StandardAssetManager
		org.apache.nifi:nifi-framework-nar:2.6.0 || ./work/nar/framework/nifi-framework-nar-2.6.0.nar-unpacked
	=== End AssetManager types ===
	=== UserGroupProvider Type ===
	org.apache.nifi.authorization.azure.AzureGraphUserGroupProvider
		org.apache.nifi:nifi-azure-nar:2.6.0 || ./work/nar/extensions/nifi-azure-nar-2.6.0.nar-unpacked
	org.apache.nifi.authorization.CompositeUserGroupProvider
		org.apache.nifi:nifi-framework-nar:2.6.0 || ./work/nar/framework/nifi-framework-nar-2.6.0.nar-unpacked
	org.apache.nifi.authorization.FileUserGroupProvider
		org.apache.nifi:nifi-framework-nar:2.6.0 || ./work/nar/framework/nifi-framework-nar-2.6.0.nar-unpacked
	org.apache.nifi.authorization.CompositeConfigurableUserGroupProvider
		org.apache.nifi:nifi-framework-nar:2.6.0 || ./work/nar/framework/nifi-framework-nar-2.6.0.nar-unpacked
	org.apache.nifi.ldap.tenants.LdapUserGroupProvider
		org.apache.nifi:nifi-ldap-iaa-providers-nar:2.6.0 || ./work/nar/extensions/nifi-ldap-iaa-providers-nar-2.6.0.nar-unpacked
	=== End UserGroupProvider types ===
	=== ControllerService Type ===
	org.apache.nifi.syslog.SyslogReader
		org.apache.nifi:nifi-record-serialization-services-nar:2.6.0 || ./work/nar/extensions/nifi-record-serialization-services-nar-2.6.0.nar-unpacked
	org.apache.nifi.ssl.StandardRestrictedSSLContextService
		org.apache.nifi:nifi-ssl-context-service-nar:2.6.0 || ./work/nar/extensions/nifi-ssl-context-service-nar-2.6.0.nar-unpacked
	org.apache.nifi.confluent.schemaregistry.ConfluentEncodedSchemaReferenceReader
		org.apache.nifi:nifi-confluent-platform-nar:2.6.0 || ./work/nar/extensions/nifi-confluent-platform-nar-2.6.0.nar-unpacked
	org.apache.nifi.aws.schemaregistry.AmazonGlueEncodedSchemaReferenceReader
		org.apache.nifi:nifi-aws-nar:2.6.0 || ./work/nar/extensions/nifi-aws-nar-2.6.0.nar-unpacked
	org.apache.nifi.schemaregistry.services.StandardJsonSchemaRegistry
		org.apache.nifi:nifi-registry-nar:2.6.0 || ./work/nar/extensions/nifi-registry-nar-2.6.0.nar-unpacked
	org.apache.nifi.lookup.maxmind.IPLookupService
		org.apache.nifi:nifi-lookup-services-nar:2.6.0 || ./work/nar/extensions/nifi-lookup-services-nar-2.6.0.nar-unpacked
	org.apache.nifi.services.azure.storage.ADLSCredentialsControllerServiceLookup
		org.apache.nifi:nifi-azure-nar:2.6.0 || ./work/nar/extensions/nifi-azure-nar-2.6.0.nar-unpacked
	org.apache.nifi.lookup.SimpleKeyValueLookupService
		org.apache.nifi:nifi-lookup-services-nar:2.6.0 || ./work/nar/extensions/nifi-lookup-services-nar-2.6.0.nar-unpacked
	org.apache.nifi.json.JsonRecordSetWriter
		org.apache.nifi:nifi-record-serialization-services-nar:2.6.0 || ./work/nar/extensions/nifi-record-serialization-services-nar-2.6.0.nar-unpacked
	org.apache.nifi.processors.gcp.credentials.service.GCPCredentialsControllerService
		org.apache.nifi:nifi-gcp-nar:2.6.0 || ./work/nar/extensions/nifi-gcp-nar-2.6.0.nar-unpacked
	org.apache.nifi.services.azure.storage.AzureBlobStorageFileResourceService
		org.apache.nifi:nifi-azure-nar:2.6.0 || ./work/nar/extensions/nifi-azure-nar-2.6.0.nar-unpacked
	org.apache.nifi.processors.aws.credentials.provider.service.AWSCredentialsProviderControllerService
		org.apache.nifi:nifi-aws-nar:2.6.0 || ./work/nar/extensions/nifi-aws-nar-2.6.0.nar-unpacked
	org.apache.nifi.redis.service.SimpleRedisDistributedMapCacheClientService
		org.apache.nifi:nifi-redis-nar:2.6.0 || ./work/nar/extensions/nifi-redis-nar-2.6.0.nar-unpacked
	org.apache.nifi.record.sink.HttpRecordSink
		org.apache.nifi:nifi-record-sink-service-nar:2.6.0 || ./work/nar/extensions/nifi-record-sink-service-nar-2.6.0.nar-unpacked
	org.apache.nifi.mongodb.MongoDBLookupService
		org.apache.nifi:nifi-mongodb-services-nar:2.6.0 || ./work/nar/extensions/nifi-mongodb-services-nar-2.6.0.nar-unpacked
	org.apache.nifi.reporting.sink.SiteToSiteReportingRecordSink
		org.apache.nifi:nifi-site-to-site-reporting-nar:2.6.0 || ./work/nar/extensions/nifi-site-to-site-reporting-nar-2.6.0.nar-unpacked
	org.apache.nifi.xml.XMLReader
		org.apache.nifi:nifi-record-serialization-services-nar:2.6.0 || ./work/nar/extensions/nifi-record-serialization-services-nar-2.6.0.nar-unpacked
	org.apache.nifi.record.sink.lookup.RecordSinkServiceLookup
		org.apache.nifi:nifi-record-sink-service-nar:2.6.0 || ./work/nar/extensions/nifi-record-sink-service-nar-2.6.0.nar-unpacked
	org.apache.nifi.lookup.script.ScriptedLookupService
		org.apache.nifi:nifi-scripting-nar:2.6.0 || ./work/nar/extensions/nifi-scripting-nar-2.6.0.nar-unpacked
	org.apache.nifi.lookup.ReaderLookup
		org.apache.nifi:nifi-record-serialization-services-nar:2.6.0 || ./work/nar/extensions/nifi-record-serialization-services-nar-2.6.0.nar-unpacked
	org.apache.nifi.web.client.provider.service.StandardWebClientServiceProvider
		org.apache.nifi:nifi-web-client-provider-service-nar:2.6.0 || ./work/nar/extensions/nifi-web-client-provider-service-nar-2.6.0.nar-unpacked
	org.apache.nifi.apicurio.schemaregistry.ApicurioSchemaRegistry
		org.apache.nifi:nifi-apicurio-nar:2.6.0 || ./work/nar/extensions/nifi-apicurio-nar-2.6.0.nar-unpacked
	org.apache.nifi.ssl.PEMEncodedSSLContextProvider
		org.apache.nifi:nifi-ssl-context-service-nar:2.6.0 || ./work/nar/extensions/nifi-ssl-context-service-nar-2.6.0.nar-unpacked
	org.apache.nifi.lookup.DistributedMapCacheLookupService
		org.apache.nifi:nifi-lookup-services-nar:2.6.0 || ./work/nar/extensions/nifi-lookup-services-nar-2.6.0.nar-unpacked
	org.apache.nifi.windowsevent.WindowsEventLogReader
		org.apache.nifi:nifi-record-serialization-services-nar:2.6.0 || ./work/nar/extensions/nifi-record-serialization-services-nar-2.6.0.nar-unpacked
	org.apache.nifi.jms.cf.JndiJmsConnectionFactoryProvider
		org.apache.nifi:nifi-jms-processors-nar:2.6.0 || ./work/nar/extensions/nifi-jms-processors-nar-2.6.0.nar-unpacked
	org.apache.nifi.record.script.ScriptedReader
		org.apache.nifi:nifi-scripting-nar:2.6.0 || ./work/nar/extensions/nifi-scripting-nar-2.6.0.nar-unpacked
	org.apache.nifi.distributed.cache.client.MapCacheClientService
		org.apache.nifi:nifi-distributed-cache-services-nar:2.6.0 || ./work/nar/extensions/nifi-distributed-cache-services-nar-2.6.0.nar-unpacked
	org.apache.nifi.distributed.cache.client.SetCacheClientService
		org.apache.nifi:nifi-distributed-cache-services-nar:2.6.0 || ./work/nar/extensions/nifi-distributed-cache-services-nar-2.6.0.nar-unpacked
	org.apache.nifi.services.dropbox.StandardDropboxCredentialService
		org.apache.nifi:nifi-dropbox-services-nar:2.6.0 || ./work/nar/extensions/nifi-dropbox-services-nar-2.6.0.nar-unpacked
	org.apache.nifi.services.azure.data.explorer.StandardKustoIngestService
		org.apache.nifi:nifi-azure-nar:2.6.0 || ./work/nar/extensions/nifi-azure-nar-2.6.0.nar-unpacked
	org.apache.nifi.lookup.script.SimpleScriptedLookupService
		org.apache.nifi:nifi-scripting-nar:2.6.0 || ./work/nar/extensions/nifi-scripting-nar-2.6.0.nar-unpacked
	org.apache.nifi.pgp.service.standard.StandardPGPPrivateKeyService
		org.apache.nifi:nifi-pgp-service-nar:2.6.0 || ./work/nar/extensions/nifi-pgp-service-nar-2.6.0.nar-unpacked
	org.apache.nifi.xml.XMLRecordSetWriter
		org.apache.nifi:nifi-record-serialization-services-nar:2.6.0 || ./work/nar/extensions/nifi-record-serialization-services-nar-2.6.0.nar-unpacked
	org.apache.nifi.services.smb.SmbjClientProviderService
		org.apache.nifi:nifi-smb-smbj-client-nar:2.6.0 || ./work/nar/extensions/nifi-smb-smbj-client-nar-2.6.0.nar-unpacked
	org.apache.nifi.confluent.schemaregistry.ConfluentSchemaRegistry
		org.apache.nifi:nifi-confluent-platform-nar:2.6.0 || ./work/nar/extensions/nifi-confluent-platform-nar-2.6.0.nar-unpacked
	org.apache.nifi.db.schemaregistry.DatabaseTableSchemaRegistry
		org.apache.nifi:nifi-db-schema-registry-service-nar:2.6.0 || ./work/nar/extensions/nifi-db-schema-registry-service-nar-2.6.0.nar-unpacked
	org.apache.nifi.record.sink.script.ScriptedRecordSink
		org.apache.nifi:nifi-scripting-nar:2.6.0 || ./work/nar/extensions/nifi-scripting-nar-2.6.0.nar-unpacked
	org.apache.nifi.websocket.jetty.JettyWebSocketServer
		org.apache.nifi:nifi-websocket-services-jetty-nar:2.6.0 || ./work/nar/extensions/nifi-websocket-services-jetty-nar-2.6.0.nar-unpacked
	org.apache.nifi.websocket.jetty.JettyWebSocketClient
		org.apache.nifi:nifi-websocket-services-jetty-nar:2.6.0 || ./work/nar/extensions/nifi-websocket-services-jetty-nar-2.6.0.nar-unpacked
	org.apache.nifi.services.protobuf.StandardProtobufReader
		org.apache.nifi:nifi-protobuf-services-nar:2.6.0 || ./work/nar/extensions/nifi-protobuf-services-nar-2.6.0.nar-unpacked
	org.apache.nifi.dbcp.HikariCPConnectionPool
		org.apache.nifi:nifi-dbcp-service-nar:2.6.0 || ./work/nar/extensions/nifi-dbcp-service-nar-2.6.0.nar-unpacked
	org.apache.nifi.kerberos.KerberosKeytabUserService
		org.apache.nifi:nifi-kerberos-user-service-nar:2.6.0 || ./work/nar/extensions/nifi-kerberos-user-service-nar-2.6.0.nar-unpacked
	org.apache.nifi.hazelcast.services.cachemanager.ExternalHazelcastCacheManager
		org.apache.nifi:nifi-hazelcast-services-nar:2.6.0 || ./work/nar/extensions/nifi-hazelcast-services-nar-2.6.0.nar-unpacked
	org.apache.nifi.processors.aws.s3.service.S3FileResourceService
		org.apache.nifi:nifi-aws-nar:2.6.0 || ./work/nar/extensions/nifi-aws-nar-2.6.0.nar-unpacked
	org.apache.nifi.lookup.db.SimpleDatabaseLookupService
		org.apache.nifi:nifi-lookup-services-nar:2.6.0 || ./work/nar/extensions/nifi-lookup-services-nar-2.6.0.nar-unpacked
	org.apache.nifi.services.azure.cosmos.document.AzureCosmosDBClientService
		org.apache.nifi:nifi-azure-nar:2.6.0 || ./work/nar/extensions/nifi-azure-nar-2.6.0.nar-unpacked
	org.apache.nifi.distributed.cache.server.map.MapCacheServer
		org.apache.nifi:nifi-distributed-cache-services-nar:2.6.0 || ./work/nar/extensions/nifi-distributed-cache-services-nar-2.6.0.nar-unpacked
	org.apache.nifi.kafka.service.aws.AmazonMSKConnectionService
		org.apache.nifi:nifi-kafka-service-aws-nar:2.6.0 || ./work/nar/extensions/nifi-kafka-service-aws-nar-2.6.0.nar-unpacked
	org.apache.nifi.csv.CSVRecordSetWriter
		org.apache.nifi:nifi-record-serialization-services-nar:2.6.0 || ./work/nar/extensions/nifi-record-serialization-services-nar-2.6.0.nar-unpacked
	org.apache.nifi.jms.cf.JMSConnectionFactoryProvider
		org.apache.nifi:nifi-jms-processors-nar:2.6.0 || ./work/nar/extensions/nifi-jms-processors-nar-2.6.0.nar-unpacked
	org.apache.nifi.grok.GrokReader
		org.apache.nifi:nifi-record-serialization-services-nar:2.6.0 || ./work/nar/extensions/nifi-record-serialization-services-nar-2.6.0.nar-unpacked
	org.apache.nifi.redis.service.RedisDistributedMapCacheClientService
		org.apache.nifi:nifi-redis-nar:2.6.0 || ./work/nar/extensions/nifi-redis-nar-2.6.0.nar-unpacked
	org.apache.nifi.vault.hashicorp.StandardHashiCorpVaultClientService
		org.apache.nifi:nifi-hashicorp-vault-nar:2.6.0 || ./work/nar/extensions/nifi-hashicorp-vault-nar-2.6.0.nar-unpacked
	org.apache.nifi.confluent.schemaregistry.ConfluentEncodedSchemaReferenceWriter
		org.apache.nifi:nifi-confluent-platform-nar:2.6.0 || ./work/nar/extensions/nifi-confluent-platform-nar-2.6.0.nar-unpacked
	org.apache.nifi.processors.gcp.storage.GCSFileResourceService
		org.apache.nifi:nifi-gcp-nar:2.6.0 || ./work/nar/extensions/nifi-gcp-nar-2.6.0.nar-unpacked
	org.apache.nifi.csv.CSVReader
		org.apache.nifi:nifi-record-serialization-services-nar:2.6.0 || ./work/nar/extensions/nifi-record-serialization-services-nar-2.6.0.nar-unpacked
	org.apache.nifi.redis.service.RedisConnectionPoolService
		org.apache.nifi:nifi-redis-nar:2.6.0 || ./work/nar/extensions/nifi-redis-nar-2.6.0.nar-unpacked
	org.apache.nifi.yaml.YamlTreeReader
		org.apache.nifi:nifi-record-serialization-services-nar:2.6.0 || ./work/nar/extensions/nifi-record-serialization-services-nar-2.6.0.nar-unpacked
	org.apache.nifi.services.azure.storage.AzureStorageCredentialsControllerServiceLookup_v12
		org.apache.nifi:nifi-azure-nar:2.6.0 || ./work/nar/extensions/nifi-azure-nar-2.6.0.nar-unpacked
	org.apache.nifi.kerberos.KerberosPasswordUserService
		org.apache.nifi:nifi-kerberos-user-service-nar:2.6.0 || ./work/nar/extensions/nifi-kerberos-user-service-nar-2.6.0.nar-unpacked
	org.apache.nifi.avro.AvroReader
		org.apache.nifi:nifi-record-serialization-services-nar:2.6.0 || ./work/nar/extensions/nifi-record-serialization-services-nar-2.6.0.nar-unpacked
	org.apache.nifi.services.azure.storage.AzureStorageCredentialsControllerService_v12
		org.apache.nifi:nifi-azure-nar:2.6.0 || ./work/nar/extensions/nifi-azure-nar-2.6.0.nar-unpacked
	org.apache.nifi.hazelcast.services.cacheclient.HazelcastMapCacheClient
		org.apache.nifi:nifi-hazelcast-services-nar:2.6.0 || ./work/nar/extensions/nifi-hazelcast-services-nar-2.6.0.nar-unpacked
	org.apache.nifi.services.protobuf.ProtobufReader
		org.apache.nifi:nifi-protobuf-services-nar:2.6.0 || ./work/nar/extensions/nifi-protobuf-services-nar-2.6.0.nar-unpacked
	org.apache.nifi.record.sink.LoggingRecordSink
		org.apache.nifi:nifi-record-sink-service-nar:2.6.0 || ./work/nar/extensions/nifi-record-sink-service-nar-2.6.0.nar-unpacked
	org.apache.nifi.record.sink.event.UDPEventRecordSink
		org.apache.nifi:nifi-record-sink-service-nar:2.6.0 || ./work/nar/extensions/nifi-record-sink-service-nar-2.6.0.nar-unpacked
	org.apache.nifi.lookup.CSVRecordLookupService
		org.apache.nifi:nifi-lookup-services-nar:2.6.0 || ./work/nar/extensions/nifi-lookup-services-nar-2.6.0.nar-unpacked
	org.apache.nifi.syslog.Syslog5424Reader
		org.apache.nifi:nifi-record-serialization-services-nar:2.6.0 || ./work/nar/extensions/nifi-record-serialization-services-nar-2.6.0.nar-unpacked
	org.apache.nifi.lookup.RestLookupService
		org.apache.nifi:nifi-lookup-services-nar:2.6.0 || ./work/nar/extensions/nifi-lookup-services-nar-2.6.0.nar-unpacked
	org.apache.nifi.box.controllerservices.DeveloperBoxClientService
		org.apache.nifi:nifi-box-services-nar:2.6.0 || ./work/nar/extensions/nifi-box-services-nar-2.6.0.nar-unpacked
	org.apache.nifi.lookup.PropertiesFileLookupService
		org.apache.nifi:nifi-lookup-services-nar:2.6.0 || ./work/nar/extensions/nifi-lookup-services-nar-2.6.0.nar-unpacked
	org.apache.nifi.kafka.service.Kafka3ConnectionService
		org.apache.nifi:nifi-kafka-3-service-nar:2.6.0 || ./work/nar/extensions/nifi-kafka-3-service-nar-2.6.0.nar-unpacked
	org.apache.nifi.distributed.cache.server.SetCacheServer
		org.apache.nifi:nifi-distributed-cache-services-nar:2.6.0 || ./work/nar/extensions/nifi-distributed-cache-services-nar-2.6.0.nar-unpacked
	org.apache.nifi.database.dialect.service.StandardDatabaseDialectService
		org.apache.nifi:nifi-database-dialect-service-nar:2.6.0 || ./work/nar/extensions/nifi-database-dialect-service-nar-2.6.0.nar-unpacked
	org.apache.nifi.confluent.schemaregistry.ConfluentProtobufMessageNameResolver
		org.apache.nifi:nifi-confluent-platform-nar:2.6.0 || ./work/nar/extensions/nifi-confluent-platform-nar-2.6.0.nar-unpacked
	org.apache.nifi.box.controllerservices.JsonConfigBasedBoxClientService
		org.apache.nifi:nifi-box-services-nar:2.6.0 || ./work/nar/extensions/nifi-box-services-nar-2.6.0.nar-unpacked
	org.apache.nifi.elasticsearch.ElasticSearchLookupService
		org.apache.nifi:nifi-elasticsearch-client-service-nar:2.6.0 || ./work/nar/extensions/nifi-elasticsearch-client-service-nar-2.6.0.nar-unpacked
	org.apache.nifi.dbcp.DBCPConnectionPoolLookup
		org.apache.nifi:nifi-dbcp-service-nar:2.6.0 || ./work/nar/extensions/nifi-dbcp-service-nar-2.6.0.nar-unpacked
	org.apache.nifi.json.JsonTreeReader
		org.apache.nifi:nifi-record-serialization-services-nar:2.6.0 || ./work/nar/extensions/nifi-record-serialization-services-nar-2.6.0.nar-unpacked
	org.apache.nifi.mongodb.MongoDBControllerService
		org.apache.nifi:nifi-mongodb-services-nar:2.6.0 || ./work/nar/extensions/nifi-mongodb-services-nar-2.6.0.nar-unpacked
	org.apache.nifi.services.zendesk.ZendeskRecordSink
		org.apache.nifi:nifi-zendesk-services-nar:2.6.0 || ./work/nar/extensions/nifi-zendesk-services-nar-2.6.0.nar-unpacked
	org.apache.nifi.elasticsearch.ElasticSearchStringLookupService
		org.apache.nifi:nifi-elasticsearch-client-service-nar:2.6.0 || ./work/nar/extensions/nifi-elasticsearch-client-service-nar-2.6.0.nar-unpacked
	org.apache.nifi.lookup.XMLFileLookupService
		org.apache.nifi:nifi-lookup-services-nar:2.6.0 || ./work/nar/extensions/nifi-lookup-services-nar-2.6.0.nar-unpacked
	org.apache.nifi.lookup.RecordSetWriterLookup
		org.apache.nifi:nifi-record-serialization-services-nar:2.6.0 || ./work/nar/extensions/nifi-record-serialization-services-nar-2.6.0.nar-unpacked
	org.apache.nifi.http.StandardHttpContextMap
		org.apache.nifi:nifi-http-context-map-nar:2.6.0 || ./work/nar/extensions/nifi-http-context-map-nar-2.6.0.nar-unpacked
	org.apache.nifi.services.azure.storage.AzureDataLakeStorageFileResourceService
		org.apache.nifi:nifi-azure-nar:2.6.0 || ./work/nar/extensions/nifi-azure-nar-2.6.0.nar-unpacked
	org.apache.nifi.cef.CEFReader
		org.apache.nifi:nifi-record-serialization-services-nar:2.6.0 || ./work/nar/extensions/nifi-record-serialization-services-nar-2.6.0.nar-unpacked
	org.apache.nifi.hazelcast.services.cachemanager.EmbeddedHazelcastCacheManager
		org.apache.nifi:nifi-hazelcast-services-nar:2.6.0 || ./work/nar/extensions/nifi-hazelcast-services-nar-2.6.0.nar-unpacked
	org.apache.nifi.key.service.StandardPrivateKeyService
		org.apache.nifi:nifi-key-service-nar:2.6.0 || ./work/nar/extensions/nifi-key-service-nar-2.6.0.nar-unpacked
	org.apache.nifi.oauth2.StandardOauth2AccessTokenProvider
		org.apache.nifi:nifi-oauth2-provider-nar:2.6.0 || ./work/nar/extensions/nifi-oauth2-provider-nar-2.6.0.nar-unpacked
	org.apache.nifi.lookup.db.DatabaseRecordLookupService
		org.apache.nifi:nifi-lookup-services-nar:2.6.0 || ./work/nar/extensions/nifi-lookup-services-nar-2.6.0.nar-unpacked
	org.apache.nifi.dbcp.DBCPConnectionPool
		org.apache.nifi:nifi-dbcp-service-nar:2.6.0 || ./work/nar/extensions/nifi-dbcp-service-nar-2.6.0.nar-unpacked
	org.apache.nifi.record.sink.db.DatabaseRecordSink
		org.apache.nifi:nifi-dbcp-service-nar:2.6.0 || ./work/nar/extensions/nifi-dbcp-service-nar-2.6.0.nar-unpacked
	org.apache.nifi.proxy.StandardProxyConfigurationService
		org.apache.nifi:nifi-proxy-configuration-nar:2.6.0 || ./work/nar/extensions/nifi-proxy-configuration-nar-2.6.0.nar-unpacked
	org.apache.nifi.lookup.SimpleCsvFileLookupService
		org.apache.nifi:nifi-lookup-services-nar:2.6.0 || ./work/nar/extensions/nifi-lookup-services-nar-2.6.0.nar-unpacked
	org.apache.nifi.schema.inference.VolatileSchemaCache
		org.apache.nifi:nifi-record-serialization-services-nar:2.6.0 || ./work/nar/extensions/nifi-record-serialization-services-nar-2.6.0.nar-unpacked
	org.apache.nifi.avro.AvroRecordSetWriter
		org.apache.nifi:nifi-record-serialization-services-nar:2.6.0 || ./work/nar/extensions/nifi-record-serialization-services-nar-2.6.0.nar-unpacked
	org.apache.nifi.processors.aws.s3.encryption.StandardS3EncryptionService
		org.apache.nifi:nifi-aws-nar:2.6.0 || ./work/nar/extensions/nifi-aws-nar-2.6.0.nar-unpacked
	org.apache.nifi.elasticsearch.ElasticSearchClientServiceImpl
		org.apache.nifi:nifi-elasticsearch-client-service-nar:2.6.0 || ./work/nar/extensions/nifi-elasticsearch-client-service-nar-2.6.0.nar-unpacked
	org.apache.nifi.services.azure.eventhub.AzureEventHubRecordSink
		org.apache.nifi:nifi-azure-nar:2.6.0 || ./work/nar/extensions/nifi-azure-nar-2.6.0.nar-unpacked
	org.apache.nifi.kerberos.KerberosTicketCacheUserService
		org.apache.nifi:nifi-kerberos-user-service-nar:2.6.0 || ./work/nar/extensions/nifi-kerberos-user-service-nar-2.6.0.nar-unpacked
	org.apache.nifi.services.slack.SlackRecordSink
		org.apache.nifi:nifi-slack-nar:2.6.0 || ./work/nar/extensions/nifi-slack-nar-2.6.0.nar-unpacked
	org.apache.nifi.record.script.ScriptedRecordSetWriter
		org.apache.nifi:nifi-scripting-nar:2.6.0 || ./work/nar/extensions/nifi-scripting-nar-2.6.0.nar-unpacked
	org.apache.nifi.services.azure.StandardAzureCredentialsControllerService
		org.apache.nifi:nifi-azure-nar:2.6.0 || ./work/nar/extensions/nifi-azure-nar-2.6.0.nar-unpacked
	org.apache.nifi.schemaregistry.services.AvroSchemaRegistry
		org.apache.nifi:nifi-registry-nar:2.6.0 || ./work/nar/extensions/nifi-registry-nar-2.6.0.nar-unpacked
	org.apache.nifi.pgp.service.standard.StandardPGPPublicKeyService
		org.apache.nifi:nifi-pgp-service-nar:2.6.0 || ./work/nar/extensions/nifi-pgp-service-nar-2.6.0.nar-unpacked
	org.apache.nifi.aws.schemaregistry.AmazonGlueSchemaRegistry
		org.apache.nifi:nifi-aws-nar:2.6.0 || ./work/nar/extensions/nifi-aws-nar-2.6.0.nar-unpacked
	org.apache.nifi.record.sink.EmailRecordSink
		org.apache.nifi:nifi-record-sink-service-nar:2.6.0 || ./work/nar/extensions/nifi-record-sink-service-nar-2.6.0.nar-unpacked
	org.apache.nifi.controller.asana.StandardAsanaClientProviderService
		org.apache.nifi:nifi-asana-services-nar:2.6.0 || ./work/nar/extensions/nifi-asana-services-nar-2.6.0.nar-unpacked
	org.apache.nifi.ssl.StandardSSLContextService
		org.apache.nifi:nifi-ssl-context-service-nar:2.6.0 || ./work/nar/extensions/nifi-ssl-context-service-nar-2.6.0.nar-unpacked
	org.apache.nifi.text.FreeFormTextRecordSetWriter
		org.apache.nifi:nifi-record-serialization-services-nar:2.6.0 || ./work/nar/extensions/nifi-record-serialization-services-nar-2.6.0.nar-unpacked
	org.apache.nifi.oauth2.JWTBearerOAuth2AccessTokenProvider
		org.apache.nifi:nifi-oauth2-provider-nar:2.6.0 || ./work/nar/extensions/nifi-oauth2-provider-nar-2.6.0.nar-unpacked
	org.apache.nifi.services.azure.storage.ADLSCredentialsControllerService
		org.apache.nifi:nifi-azure-nar:2.6.0 || ./work/nar/extensions/nifi-azure-nar-2.6.0.nar-unpacked
	org.apache.nifi.json.JsonPathReader
		org.apache.nifi:nifi-record-serialization-services-nar:2.6.0 || ./work/nar/extensions/nifi-record-serialization-services-nar-2.6.0.nar-unpacked
	org.apache.nifi.services.azure.data.explorer.StandardKustoQueryService
		org.apache.nifi:nifi-azure-nar:2.6.0 || ./work/nar/extensions/nifi-azure-nar-2.6.0.nar-unpacked
	org.apache.nifi.fileresource.service.StandardFileResourceService
		org.apache.nifi:nifi-file-resource-service-nar:2.6.0 || ./work/nar/extensions/nifi-file-resource-service-nar-2.6.0.nar-unpacked
	org.apache.nifi.excel.ExcelReader
		org.apache.nifi:nifi-poi-nar:2.6.0 || ./work/nar/extensions/nifi-poi-nar-2.6.0.nar-unpacked
	=== End ControllerService types ===
	=== ParameterProvider Type ===
	org.apache.nifi.parameter.OnePasswordParameterProvider
		org.apache.nifi:nifi-standard-nar:2.6.0 || ./work/nar/extensions/nifi-standard-nar-2.6.0.nar-unpacked
	org.apache.nifi.parameter.gcp.GcpSecretManagerParameterProvider
		org.apache.nifi:nifi-gcp-nar:2.6.0 || ./work/nar/extensions/nifi-gcp-nar-2.6.0.nar-unpacked
	org.apache.nifi.vault.hashicorp.HashiCorpVaultParameterProvider
		org.apache.nifi:nifi-hashicorp-vault-nar:2.6.0 || ./work/nar/extensions/nifi-hashicorp-vault-nar-2.6.0.nar-unpacked
	org.apache.nifi.parameter.DatabaseParameterProvider
		org.apache.nifi:nifi-standard-nar:2.6.0 || ./work/nar/extensions/nifi-standard-nar-2.6.0.nar-unpacked
	org.apache.nifi.parameter.KubernetesSecretParameterProvider
		org.apache.nifi:nifi-standard-nar:2.6.0 || ./work/nar/extensions/nifi-standard-nar-2.6.0.nar-unpacked
	org.apache.nifi.parameter.azure.AzureKeyVaultSecretsParameterProvider
		org.apache.nifi:nifi-azure-nar:2.6.0 || ./work/nar/extensions/nifi-azure-nar-2.6.0.nar-unpacked
	org.apache.nifi.parameter.EnvironmentVariableParameterProvider
		org.apache.nifi:nifi-standard-nar:2.6.0 || ./work/nar/extensions/nifi-standard-nar-2.6.0.nar-unpacked
	org.apache.nifi.parameter.aws.AwsSecretsManagerParameterProvider
		org.apache.nifi:nifi-aws-nar:2.6.0 || ./work/nar/extensions/nifi-aws-nar-2.6.0.nar-unpacked
	=== End ParameterProvider types ===
	=== ReportingTask Type ===
	org.apache.nifi.controller.ControllerStatusReportingTask
		org.apache.nifi:nifi-standard-nar:2.6.0 || ./work/nar/extensions/nifi-standard-nar-2.6.0.nar-unpacked
	org.apache.nifi.reporting.SiteToSiteMetricsReportingTask
		org.apache.nifi:nifi-site-to-site-reporting-nar:2.6.0 || ./work/nar/extensions/nifi-site-to-site-reporting-nar-2.6.0.nar-unpacked
	org.apache.nifi.controller.MonitorDiskUsage
		org.apache.nifi:nifi-standard-nar:2.6.0 || ./work/nar/extensions/nifi-standard-nar-2.6.0.nar-unpacked
	org.apache.nifi.reporting.SiteToSiteBulletinReportingTask
		org.apache.nifi:nifi-site-to-site-reporting-nar:2.6.0 || ./work/nar/extensions/nifi-site-to-site-reporting-nar-2.6.0.nar-unpacked
	org.apache.nifi.controller.MonitorMemory
		org.apache.nifi:nifi-standard-nar:2.6.0 || ./work/nar/extensions/nifi-standard-nar-2.6.0.nar-unpacked
	org.apache.nifi.reporting.SiteToSiteStatusReportingTask
		org.apache.nifi:nifi-site-to-site-reporting-nar:2.6.0 || ./work/nar/extensions/nifi-site-to-site-reporting-nar-2.6.0.nar-unpacked
	org.apache.nifi.reporting.script.ScriptedReportingTask
		org.apache.nifi:nifi-scripting-nar:2.6.0 || ./work/nar/extensions/nifi-scripting-nar-2.6.0.nar-unpacked
	org.apache.nifi.reporting.azure.loganalytics.AzureLogAnalyticsReportingTask
		org.apache.nifi:nifi-azure-nar:2.6.0 || ./work/nar/extensions/nifi-azure-nar-2.6.0.nar-unpacked
	org.apache.nifi.reporting.SiteToSiteProvenanceReportingTask
		org.apache.nifi:nifi-site-to-site-reporting-nar:2.6.0 || ./work/nar/extensions/nifi-site-to-site-reporting-nar-2.6.0.nar-unpacked
	org.apache.nifi.reporting.azure.loganalytics.AzureLogAnalyticsProvenanceReportingTask
		org.apache.nifi:nifi-azure-nar:2.6.0 || ./work/nar/extensions/nifi-azure-nar-2.6.0.nar-unpacked
	=== End ReportingTask types ===
	=== ContentRepository Type ===
	org.apache.nifi.controller.repository.FileSystemRepository
		org.apache.nifi:nifi-framework-nar:2.6.0 || ./work/nar/framework/nifi-framework-nar-2.6.0.nar-unpacked
	=== End ContentRepository types ===
	=== LoginIdentityProvider Type ===
	org.apache.nifi.authentication.single.user.SingleUserLoginIdentityProvider
		org.apache.nifi:nifi-single-user-iaa-providers-nar:2.6.0 || ./work/nar/extensions/nifi-single-user-iaa-providers-nar-2.6.0.nar-unpacked
	org.apache.nifi.kerberos.KerberosProvider
		org.apache.nifi:nifi-kerberos-iaa-providers-nar:2.6.0 || ./work/nar/extensions/nifi-kerberos-iaa-providers-nar-2.6.0.nar-unpacked
	org.apache.nifi.ldap.LdapProvider
		org.apache.nifi:nifi-ldap-iaa-providers-nar:2.6.0 || ./work/nar/extensions/nifi-ldap-iaa-providers-nar-2.6.0.nar-unpacked
	=== End LoginIdentityProvider types ===
	=== FlowFileRepository Type ===
	org.apache.nifi.controller.repository.WriteAheadFlowFileRepository
		org.apache.nifi:nifi-framework-nar:2.6.0 || ./work/nar/framework/nifi-framework-nar-2.6.0.nar-unpacked
	org.apache.nifi.controller.repository.VolatileFlowFileRepository
		org.apache.nifi:nifi-framework-nar:2.6.0 || ./work/nar/framework/nifi-framework-nar-2.6.0.nar-unpacked
	=== End FlowFileRepository types ===
	=== NarPersistenceProvider Type ===
	org.apache.nifi.nar.StandardNarPersistenceProvider
		org.apache.nifi:nifi-framework-nar:2.6.0 || ./work/nar/framework/nifi-framework-nar-2.6.0.nar-unpacked
	=== End NarPersistenceProvider types ===
	=== Processor Type ===
	org.apache.nifi.processors.smb.GetSmbFile
		org.apache.nifi:nifi-smb-nar:2.6.0 || ./work/nar/extensions/nifi-smb-nar-2.6.0.nar-unpacked
	org.apache.nifi.processors.standard.PutEmail
		org.apache.nifi:nifi-standard-nar:2.6.0 || ./work/nar/extensions/nifi-standard-nar-2.6.0.nar-unpacked
	org.apache.nifi.processors.standard.PutFTP
		org.apache.nifi:nifi-standard-nar:2.6.0 || ./work/nar/extensions/nifi-standard-nar-2.6.0.nar-unpacked
	org.apache.nifi.processors.aws.kinesis.stream.ConsumeKinesisStream
		org.apache.nifi:nifi-aws-nar:2.6.0 || ./work/nar/extensions/nifi-aws-nar-2.6.0.nar-unpacked
	org.apache.nifi.processors.gcp.drive.ListGoogleDrive
		org.apache.nifi:nifi-gcp-nar:2.6.0 || ./work/nar/extensions/nifi-gcp-nar-2.6.0.nar-unpacked
	org.apache.nifi.processors.standard.UnpackContent
		org.apache.nifi:nifi-standard-nar:2.6.0 || ./work/nar/extensions/nifi-standard-nar-2.6.0.nar-unpacked
	org.apache.nifi.processors.azure.storage.ListAzureDataLakeStorage
		org.apache.nifi:nifi-azure-nar:2.6.0 || ./work/nar/extensions/nifi-azure-nar-2.6.0.nar-unpacked
	org.apache.nifi.processors.standard.PackageFlowFile
		org.apache.nifi:nifi-standard-nar:2.6.0 || ./work/nar/extensions/nifi-standard-nar-2.6.0.nar-unpacked
	org.apache.nifi.processors.asana.GetAsanaObject
		org.apache.nifi:nifi-asana-processors-nar:2.6.0 || ./work/nar/extensions/nifi-asana-processors-nar-2.6.0.nar-unpacked
	org.apache.nifi.processors.hubspot.GetHubSpot
		org.apache.nifi:nifi-hubspot-nar:2.6.0 || ./work/nar/extensions/nifi-hubspot-nar-2.6.0.nar-unpacked
	org.apache.nifi.processors.smb.ListSmb
		org.apache.nifi:nifi-smb-nar:2.6.0 || ./work/nar/extensions/nifi-smb-nar-2.6.0.nar-unpacked
	org.apache.nifi.processors.standard.PutSQL
		org.apache.nifi:nifi-standard-nar:2.6.0 || ./work/nar/extensions/nifi-standard-nar-2.6.0.nar-unpacked
	org.apache.nifi.processors.standard.QueryRecord
		org.apache.nifi:nifi-standard-nar:2.6.0 || ./work/nar/extensions/nifi-standard-nar-2.6.0.nar-unpacked
	org.apache.nifi.processors.aws.dynamodb.PutDynamoDBRecord
		org.apache.nifi:nifi-aws-nar:2.6.0 || ./work/nar/extensions/nifi-aws-nar-2.6.0.nar-unpacked
	org.apache.nifi.processors.zendesk.GetZendesk
		org.apache.nifi:nifi-zendesk-nar:2.6.0 || ./work/nar/extensions/nifi-zendesk-nar-2.6.0.nar-unpacked
	org.apache.nifi.kafka.processors.PublishKafka
		org.apache.nifi:nifi-kafka-nar:2.6.0 || ./work/nar/extensions/nifi-kafka-nar-2.6.0.nar-unpacked
	org.apache.nifi.processors.standard.IdentifyMimeType
		org.apache.nifi:nifi-standard-nar:2.6.0 || ./work/nar/extensions/nifi-standard-nar-2.6.0.nar-unpacked
	org.apache.nifi.processors.standard.InvokeHTTP
		org.apache.nifi:nifi-standard-nar:2.6.0 || ./work/nar/extensions/nifi-standard-nar-2.6.0.nar-unpacked
	org.apache.nifi.processors.standard.RenameRecordField
		org.apache.nifi:nifi-standard-nar:2.6.0 || ./work/nar/extensions/nifi-standard-nar-2.6.0.nar-unpacked
	org.apache.nifi.processors.script.ScriptedTransformRecord
		org.apache.nifi:nifi-scripting-nar:2.6.0 || ./work/nar/extensions/nifi-scripting-nar-2.6.0.nar-unpacked
	org.apache.nifi.processors.box.FetchBoxFile
		org.apache.nifi:nifi-box-nar:2.6.0 || ./work/nar/extensions/nifi-box-nar-2.6.0.nar-unpacked
	org.apache.nifi.processors.websocket.ConnectWebSocket
		org.apache.nifi:nifi-websocket-processors-nar:2.6.0 || ./work/nar/extensions/nifi-websocket-processors-nar-2.6.0.nar-unpacked
	org.apache.nifi.processors.gcp.storage.ListGCSBucket
		org.apache.nifi:nifi-gcp-nar:2.6.0 || ./work/nar/extensions/nifi-gcp-nar-2.6.0.nar-unpacked
	org.apache.nifi.processors.aws.ml.polly.StartAwsPollyJob
		org.apache.nifi:nifi-aws-nar:2.6.0 || ./work/nar/extensions/nifi-aws-nar-2.6.0.nar-unpacked
	org.apache.nifi.processors.standard.TailFile
		org.apache.nifi:nifi-standard-nar:2.6.0 || ./work/nar/extensions/nifi-standard-nar-2.6.0.nar-unpacked
	org.apache.nifi.processors.smb.FetchSmb
		org.apache.nifi:nifi-smb-nar:2.6.0 || ./work/nar/extensions/nifi-smb-nar-2.6.0.nar-unpacked
	org.apache.nifi.processors.aws.sqs.PutSQS
		org.apache.nifi:nifi-aws-nar:2.6.0 || ./work/nar/extensions/nifi-aws-nar-2.6.0.nar-unpacked
	org.apache.nifi.processors.standard.ValidateJson
		org.apache.nifi:nifi-standard-nar:2.6.0 || ./work/nar/extensions/nifi-standard-nar-2.6.0.nar-unpacked
	org.apache.nifi.processors.box.FetchBoxFileMetadataInstance
		org.apache.nifi:nifi-box-nar:2.6.0 || ./work/nar/extensions/nifi-box-nar-2.6.0.nar-unpacked
	org.apache.nifi.processors.standard.ReplaceText
		org.apache.nifi:nifi-standard-nar:2.6.0 || ./work/nar/extensions/nifi-standard-nar-2.6.0.nar-unpacked
	org.apache.nifi.processors.gcp.vision.GetGcpVisionAnnotateFilesOperationStatus
		org.apache.nifi:nifi-gcp-nar:2.6.0 || ./work/nar/extensions/nifi-gcp-nar-2.6.0.nar-unpacked
	org.apache.nifi.processors.standard.ListFTP
		org.apache.nifi:nifi-standard-nar:2.6.0 || ./work/nar/extensions/nifi-standard-nar-2.6.0.nar-unpacked
	org.apache.nifi.processors.mongodb.PutMongo
		org.apache.nifi:nifi-mongodb-nar:2.6.0 || ./work/nar/extensions/nifi-mongodb-nar-2.6.0.nar-unpacked
	org.apache.nifi.processors.splunk.PutSplunkHTTP
		org.apache.nifi:nifi-splunk-nar:2.6.0 || ./work/nar/extensions/nifi-splunk-nar-2.6.0.nar-unpacked
	org.apache.nifi.processors.standard.ScanAttribute
		org.apache.nifi:nifi-standard-nar:2.6.0 || ./work/nar/extensions/nifi-standard-nar-2.6.0.nar-unpacked
	org.apache.nifi.processors.standard.HandleHttpRequest
		org.apache.nifi:nifi-standard-nar:2.6.0 || ./work/nar/extensions/nifi-standard-nar-2.6.0.nar-unpacked
	org.apache.nifi.processors.groovyx.ExecuteGroovyScript
		org.apache.nifi:nifi-groovyx-nar:2.6.0 || ./work/nar/extensions/nifi-groovyx-nar-2.6.0.nar-unpacked
	org.apache.nifi.processors.standard.MonitorActivity
		org.apache.nifi:nifi-standard-nar:2.6.0 || ./work/nar/extensions/nifi-standard-nar-2.6.0.nar-unpacked
	org.apache.nifi.processors.box.DeleteBoxFileMetadataInstance
		org.apache.nifi:nifi-box-nar:2.6.0 || ./work/nar/extensions/nifi-box-nar-2.6.0.nar-unpacked
	org.apache.nifi.processors.azure.eventhub.PutAzureEventHub
		org.apache.nifi:nifi-azure-nar:2.6.0 || ./work/nar/extensions/nifi-azure-nar-2.6.0.nar-unpacked
	org.apache.nifi.processors.hl7.RouteHL7
		org.apache.nifi:nifi-hl7-nar:2.6.0 || ./work/nar/extensions/nifi-hl7-nar-2.6.0.nar-unpacked
	org.apache.nifi.processors.network.pcap.SplitPCAP
		org.apache.nifi:nifi-network-processors-nar:2.6.0 || ./work/nar/extensions/nifi-network-processors-nar-2.6.0.nar-unpacked
	org.apache.nifi.processors.aws.s3.DeleteS3Object
		org.apache.nifi:nifi-aws-nar:2.6.0 || ./work/nar/extensions/nifi-aws-nar-2.6.0.nar-unpacked
	org.apache.nifi.processors.azure.cosmos.document.PutAzureCosmosDBRecord
		org.apache.nifi:nifi-azure-nar:2.6.0 || ./work/nar/extensions/nifi-azure-nar-2.6.0.nar-unpacked
	org.apache.nifi.processors.standard.QueryDatabaseTable
		org.apache.nifi:nifi-standard-nar:2.6.0 || ./work/nar/extensions/nifi-standard-nar-2.6.0.nar-unpacked
	org.apache.nifi.processors.standard.LogAttribute
		org.apache.nifi:nifi-standard-nar:2.6.0 || ./work/nar/extensions/nifi-standard-nar-2.6.0.nar-unpacked
	org.apache.nifi.processors.aws.dynamodb.PutDynamoDB
		org.apache.nifi:nifi-aws-nar:2.6.0 || ./work/nar/extensions/nifi-aws-nar-2.6.0.nar-unpacked
	org.apache.nifi.processors.salesforce.QuerySalesforceObject
		org.apache.nifi:nifi-salesforce-nar:2.6.0 || ./work/nar/extensions/nifi-salesforce-nar-2.6.0.nar-unpacked
	org.apache.nifi.processors.azure.data.explorer.QueryAzureDataExplorer
		org.apache.nifi:nifi-azure-nar:2.6.0 || ./work/nar/extensions/nifi-azure-nar-2.6.0.nar-unpacked
	org.apache.nifi.processors.hl7.ExtractHL7Attributes
		org.apache.nifi:nifi-hl7-nar:2.6.0 || ./work/nar/extensions/nifi-hl7-nar-2.6.0.nar-unpacked
	org.apache.nifi.processors.aws.s3.CopyS3Object
		org.apache.nifi:nifi-aws-nar:2.6.0 || ./work/nar/extensions/nifi-aws-nar-2.6.0.nar-unpacked
	org.apache.nifi.processors.standard.SegmentContent
		org.apache.nifi:nifi-standard-nar:2.6.0 || ./work/nar/extensions/nifi-standard-nar-2.6.0.nar-unpacked
	org.apache.nifi.processors.standard.ListSFTP
		org.apache.nifi:nifi-standard-nar:2.6.0 || ./work/nar/extensions/nifi-standard-nar-2.6.0.nar-unpacked
	org.apache.nifi.processors.standard.EncodeContent
		org.apache.nifi:nifi-standard-nar:2.6.0 || ./work/nar/extensions/nifi-standard-nar-2.6.0.nar-unpacked
	org.apache.nifi.processors.gcp.pubsub.ConsumeGCPubSub
		org.apache.nifi:nifi-gcp-nar:2.6.0 || ./work/nar/extensions/nifi-gcp-nar-2.6.0.nar-unpacked
	org.apache.nifi.processors.standard.ExecuteProcess
		org.apache.nifi:nifi-standard-nar:2.6.0 || ./work/nar/extensions/nifi-standard-nar-2.6.0.nar-unpacked
	org.apache.nifi.processors.gcp.pubsub.PublishGCPubSub
		org.apache.nifi:nifi-gcp-nar:2.6.0 || ./work/nar/extensions/nifi-gcp-nar-2.6.0.nar-unpacked
	org.apache.nifi.processors.azure.storage.FetchAzureBlobStorage_v12
		org.apache.nifi:nifi-azure-nar:2.6.0 || ./work/nar/extensions/nifi-azure-nar-2.6.0.nar-unpacked
	org.apache.nifi.processors.elasticsearch.UpdateByQueryElasticsearch
		org.apache.nifi:nifi-elasticsearch-restapi-nar:2.6.0 || ./work/nar/extensions/nifi-elasticsearch-restapi-nar-2.6.0.nar-unpacked
	org.apache.nifi.processors.standard.AttributesToCSV
		org.apache.nifi:nifi-standard-nar:2.6.0 || ./work/nar/extensions/nifi-standard-nar-2.6.0.nar-unpacked
	org.apache.nifi.processors.standard.MergeContent
		org.apache.nifi:nifi-standard-nar:2.6.0 || ./work/nar/extensions/nifi-standard-nar-2.6.0.nar-unpacked
	org.apache.nifi.processors.box.GetBoxGroupMembers
		org.apache.nifi:nifi-box-nar:2.6.0 || ./work/nar/extensions/nifi-box-nar-2.6.0.nar-unpacked
	org.apache.nifi.processors.aws.dynamodb.DeleteDynamoDB
		org.apache.nifi:nifi-aws-nar:2.6.0 || ./work/nar/extensions/nifi-aws-nar-2.6.0.nar-unpacked
	org.apache.nifi.processors.standard.UpdateDatabaseTable
		org.apache.nifi:nifi-standard-nar:2.6.0 || ./work/nar/extensions/nifi-standard-nar-2.6.0.nar-unpacked
	org.apache.nifi.processors.elasticsearch.PutElasticsearchJson
		org.apache.nifi:nifi-elasticsearch-restapi-nar:2.6.0 || ./work/nar/extensions/nifi-elasticsearch-restapi-nar-2.6.0.nar-unpacked
	org.apache.nifi.processors.avro.ExtractAvroMetadata
		org.apache.nifi:nifi-avro-nar:2.6.0 || ./work/nar/extensions/nifi-avro-nar-2.6.0.nar-unpacked
	org.apache.nifi.processors.standard.RemoveRecordField
		org.apache.nifi:nifi-standard-nar:2.6.0 || ./work/nar/extensions/nifi-standard-nar-2.6.0.nar-unpacked
	org.apache.nifi.processors.gcp.vision.StartGcpVisionAnnotateFilesOperation
		org.apache.nifi:nifi-gcp-nar:2.6.0 || ./work/nar/extensions/nifi-gcp-nar-2.6.0.nar-unpacked
	org.apache.nifi.processors.box.PutBoxFile
		org.apache.nifi:nifi-box-nar:2.6.0 || ./work/nar/extensions/nifi-box-nar-2.6.0.nar-unpacked
	org.apache.nifi.redis.processor.PutRedisHashRecord
		org.apache.nifi:nifi-redis-nar:2.6.0 || ./work/nar/extensions/nifi-redis-nar-2.6.0.nar-unpacked
	org.apache.nifi.processors.pgp.DecryptContentPGP
		org.apache.nifi:nifi-pgp-nar:2.6.0 || ./work/nar/extensions/nifi-pgp-nar-2.6.0.nar-unpacked
	org.apache.nifi.processors.aws.ml.textract.StartAwsTextractJob
		org.apache.nifi:nifi-aws-nar:2.6.0 || ./work/nar/extensions/nifi-aws-nar-2.6.0.nar-unpacked
	org.apache.nifi.processors.shopify.GetShopify
		org.apache.nifi:nifi-shopify-nar:2.6.0 || ./work/nar/extensions/nifi-shopify-nar-2.6.0.nar-unpacked
	org.apache.nifi.processors.aws.cloudwatch.PutCloudWatchMetric
		org.apache.nifi:nifi-aws-nar:2.6.0 || ./work/nar/extensions/nifi-aws-nar-2.6.0.nar-unpacked
	org.apache.nifi.processors.standard.EvaluateXQuery
		org.apache.nifi:nifi-standard-nar:2.6.0 || ./work/nar/extensions/nifi-standard-nar-2.6.0.nar-unpacked
	org.apache.nifi.processors.azure.storage.ListAzureBlobStorage_v12
		org.apache.nifi:nifi-azure-nar:2.6.0 || ./work/nar/extensions/nifi-azure-nar-2.6.0.nar-unpacked
	org.apache.nifi.processors.mongodb.PutMongoBulkOperations
		org.apache.nifi:nifi-mongodb-nar:2.6.0 || ./work/nar/extensions/nifi-mongodb-nar-2.6.0.nar-unpacked
	org.apache.nifi.processors.dropbox.ListDropbox
		org.apache.nifi:nifi-dropbox-processors-nar:2.6.0 || ./work/nar/extensions/nifi-dropbox-processors-nar-2.6.0.nar-unpacked
	org.apache.nifi.processors.aws.s3.TagS3Object
		org.apache.nifi:nifi-aws-nar:2.6.0 || ./work/nar/extensions/nifi-aws-nar-2.6.0.nar-unpacked
	org.apache.nifi.processors.azure.storage.PutAzureBlobStorage_v12
		org.apache.nifi:nifi-azure-nar:2.6.0 || ./work/nar/extensions/nifi-azure-nar-2.6.0.nar-unpacked
	org.apache.nifi.processors.elasticsearch.PaginatedJsonQueryElasticsearch
		org.apache.nifi:nifi-elasticsearch-restapi-nar:2.6.0 || ./work/nar/extensions/nifi-elasticsearch-restapi-nar-2.6.0.nar-unpacked
	org.apache.nifi.processors.mongodb.gridfs.DeleteGridFS
		org.apache.nifi:nifi-mongodb-nar:2.6.0 || ./work/nar/extensions/nifi-mongodb-nar-2.6.0.nar-unpacked
	org.apache.nifi.amqp.processors.PublishAMQP
		org.apache.nifi:nifi-amqp-nar:2.6.0 || ./work/nar/extensions/nifi-amqp-nar-2.6.0.nar-unpacked
	org.apache.nifi.processors.standard.ListFile
		org.apache.nifi:nifi-standard-nar:2.6.0 || ./work/nar/extensions/nifi-standard-nar-2.6.0.nar-unpacked
	org.apache.nifi.processors.pgp.EncryptContentPGP
		org.apache.nifi:nifi-pgp-nar:2.6.0 || ./work/nar/extensions/nifi-pgp-nar-2.6.0.nar-unpacked
	org.apache.nifi.processors.excel.SplitExcel
		org.apache.nifi:nifi-poi-nar:2.6.0 || ./work/nar/extensions/nifi-poi-nar-2.6.0.nar-unpacked
	org.apache.nifi.processors.standard.ExtractRecordSchema
		org.apache.nifi:nifi-standard-nar:2.6.0 || ./work/nar/extensions/nifi-standard-nar-2.6.0.nar-unpacked
	org.apache.nifi.processors.standard.HandleHttpResponse
		org.apache.nifi:nifi-standard-nar:2.6.0 || ./work/nar/extensions/nifi-standard-nar-2.6.0.nar-unpacked
	org.apache.nifi.processors.avro.SplitAvro
		org.apache.nifi:nifi-avro-nar:2.6.0 || ./work/nar/extensions/nifi-avro-nar-2.6.0.nar-unpacked
	org.apache.nifi.processors.standard.SplitJson
		org.apache.nifi:nifi-standard-nar:2.6.0 || ./work/nar/extensions/nifi-standard-nar-2.6.0.nar-unpacked
	org.apache.nifi.processors.network.ParseNetflowv5
		org.apache.nifi:nifi-network-processors-nar:2.6.0 || ./work/nar/extensions/nifi-network-processors-nar-2.6.0.nar-unpacked
	org.apache.nifi.processors.standard.CountText
		org.apache.nifi:nifi-standard-nar:2.6.0 || ./work/nar/extensions/nifi-standard-nar-2.6.0.nar-unpacked
	org.apache.nifi.processors.aws.ml.polly.GetAwsPollyJobStatus
		org.apache.nifi:nifi-aws-nar:2.6.0 || ./work/nar/extensions/nifi-aws-nar-2.6.0.nar-unpacked
	org.apache.nifi.processors.workday.GetWorkdayReport
		org.apache.nifi:nifi-workday-processors-nar:2.6.0 || ./work/nar/extensions/nifi-workday-processors-nar-2.6.0.nar-unpacked
	org.apache.nifi.processors.standard.ValidateCsv
		org.apache.nifi:nifi-standard-nar:2.6.0 || ./work/nar/extensions/nifi-standard-nar-2.6.0.nar-unpacked
	org.apache.nifi.processors.aws.ml.transcribe.StartAwsTranscribeJob
		org.apache.nifi:nifi-aws-nar:2.6.0 || ./work/nar/extensions/nifi-aws-nar-2.6.0.nar-unpacked
	org.apache.nifi.processors.standard.RetryFlowFile
		org.apache.nifi:nifi-standard-nar:2.6.0 || ./work/nar/extensions/nifi-standard-nar-2.6.0.nar-unpacked
	org.apache.nifi.processors.aws.ml.translate.GetAwsTranslateJobStatus
		org.apache.nifi:nifi-aws-nar:2.6.0 || ./work/nar/extensions/nifi-aws-nar-2.6.0.nar-unpacked
	org.apache.nifi.processors.standard.ModifyBytes
		org.apache.nifi:nifi-standard-nar:2.6.0 || ./work/nar/extensions/nifi-standard-nar-2.6.0.nar-unpacked
	org.apache.nifi.processors.standard.ListDatabaseTables
		org.apache.nifi:nifi-standard-nar:2.6.0 || ./work/nar/extensions/nifi-standard-nar-2.6.0.nar-unpacked
	org.apache.nifi.processors.standard.UpdateRecord
		org.apache.nifi:nifi-standard-nar:2.6.0 || ./work/nar/extensions/nifi-standard-nar-2.6.0.nar-unpacked
	org.apache.nifi.processors.standard.ForkEnrichment
		org.apache.nifi:nifi-standard-nar:2.6.0 || ./work/nar/extensions/nifi-standard-nar-2.6.0.nar-unpacked
	org.apache.nifi.processors.box.CreateBoxMetadataTemplate
		org.apache.nifi:nifi-box-nar:2.6.0 || ./work/nar/extensions/nifi-box-nar-2.6.0.nar-unpacked
	org.apache.nifi.processors.twitter.ConsumeTwitter
		org.apache.nifi:nifi-social-media-nar:2.6.0 || ./work/nar/extensions/nifi-social-media-nar-2.6.0.nar-unpacked
	org.apache.nifi.processors.gcp.storage.FetchGCSObject
		org.apache.nifi:nifi-gcp-nar:2.6.0 || ./work/nar/extensions/nifi-gcp-nar-2.6.0.nar-unpacked
	org.apache.nifi.processors.azure.eventhub.ConsumeAzureEventHub
		org.apache.nifi:nifi-azure-nar:2.6.0 || ./work/nar/extensions/nifi-azure-nar-2.6.0.nar-unpacked
	org.apache.nifi.processors.elasticsearch.SearchElasticsearch
		org.apache.nifi:nifi-elasticsearch-restapi-nar:2.6.0 || ./work/nar/extensions/nifi-elasticsearch-restapi-nar-2.6.0.nar-unpacked
	org.apache.nifi.processors.script.InvokeScriptedProcessor
		org.apache.nifi:nifi-scripting-nar:2.6.0 || ./work/nar/extensions/nifi-scripting-nar-2.6.0.nar-unpacked
	org.apache.nifi.processors.jolt.JoltTransformJSON
		org.apache.nifi:nifi-jolt-nar:2.6.0 || ./work/nar/extensions/nifi-jolt-nar-2.6.0.nar-unpacked
	org.apache.nifi.processors.standard.ForkRecord
		org.apache.nifi:nifi-standard-nar:2.6.0 || ./work/nar/extensions/nifi-standard-nar-2.6.0.nar-unpacked
	org.apache.nifi.processors.aws.s3.GetS3ObjectTags
		org.apache.nifi:nifi-aws-nar:2.6.0 || ./work/nar/extensions/nifi-aws-nar-2.6.0.nar-unpacked
	org.apache.nifi.processors.jolt.JoltTransformRecord
		org.apache.nifi:nifi-jolt-nar:2.6.0 || ./work/nar/extensions/nifi-jolt-nar-2.6.0.nar-unpacked
	org.apache.nifi.processors.slack.ConsumeSlack
		org.apache.nifi:nifi-slack-nar:2.6.0 || ./work/nar/extensions/nifi-slack-nar-2.6.0.nar-unpacked
	org.apache.nifi.processors.standard.ScanContent
		org.apache.nifi:nifi-standard-nar:2.6.0 || ./work/nar/extensions/nifi-standard-nar-2.6.0.nar-unpacked
	org.apache.nifi.processors.standard.PutDatabaseRecord
		org.apache.nifi:nifi-standard-nar:2.6.0 || ./work/nar/extensions/nifi-standard-nar-2.6.0.nar-unpacked
	org.apache.nifi.processors.standard.SplitText
		org.apache.nifi:nifi-standard-nar:2.6.0 || ./work/nar/extensions/nifi-standard-nar-2.6.0.nar-unpacked
	org.apache.nifi.processors.standard.DetectDuplicate
		org.apache.nifi:nifi-standard-nar:2.6.0 || ./work/nar/extensions/nifi-standard-nar-2.6.0.nar-unpacked
	org.apache.nifi.processors.splunk.QuerySplunkIndexingStatus
		org.apache.nifi:nifi-splunk-nar:2.6.0 || ./work/nar/extensions/nifi-splunk-nar-2.6.0.nar-unpacked
	org.apache.nifi.processors.zendesk.PutZendeskTicket
		org.apache.nifi:nifi-zendesk-nar:2.6.0 || ./work/nar/extensions/nifi-zendesk-nar-2.6.0.nar-unpacked
	org.apache.nifi.processors.box.ExtractStructuredBoxFileMetadata
		org.apache.nifi:nifi-box-nar:2.6.0 || ./work/nar/extensions/nifi-box-nar-2.6.0.nar-unpacked
	org.apache.nifi.processors.box.ListBoxFileMetadataTemplates
		org.apache.nifi:nifi-box-nar:2.6.0 || ./work/nar/extensions/nifi-box-nar-2.6.0.nar-unpacked
	org.apache.nifi.processors.standard.ExtractGrok
		org.apache.nifi:nifi-standard-nar:2.6.0 || ./work/nar/extensions/nifi-standard-nar-2.6.0.nar-unpacked
	org.apache.nifi.processors.windows.event.log.ConsumeWindowsEventLog
		org.apache.nifi:nifi-windows-event-log-nar:2.6.0 || ./work/nar/extensions/nifi-windows-event-log-nar-2.6.0.nar-unpacked
	org.apache.nifi.processors.standard.GetSFTP
		org.apache.nifi:nifi-standard-nar:2.6.0 || ./work/nar/extensions/nifi-standard-nar-2.6.0.nar-unpacked
	org.apache.nifi.processors.standard.JoinEnrichment
		org.apache.nifi:nifi-standard-nar:2.6.0 || ./work/nar/extensions/nifi-standard-nar-2.6.0.nar-unpacked
	org.apache.nifi.processors.email.ExtractEmailAttachments
		org.apache.nifi:nifi-email-nar:2.6.0 || ./work/nar/extensions/nifi-email-nar-2.6.0.nar-unpacked
	org.apache.nifi.kafka.processors.ConsumeKafka
		org.apache.nifi:nifi-kafka-nar:2.6.0 || ./work/nar/extensions/nifi-kafka-nar-2.6.0.nar-unpacked
	org.apache.nifi.processors.pgp.SignContentPGP
		org.apache.nifi:nifi-pgp-nar:2.6.0 || ./work/nar/extensions/nifi-pgp-nar-2.6.0.nar-unpacked
	org.apache.nifi.processors.gcp.vision.StartGcpVisionAnnotateImagesOperation
		org.apache.nifi:nifi-gcp-nar:2.6.0 || ./work/nar/extensions/nifi-gcp-nar-2.6.0.nar-unpacked
	org.apache.nifi.processors.gcp.storage.PutGCSObject
		org.apache.nifi:nifi-gcp-nar:2.6.0 || ./work/nar/extensions/nifi-gcp-nar-2.6.0.nar-unpacked
	org.apache.nifi.processors.standard.CalculateRecordStats
		org.apache.nifi:nifi-standard-nar:2.6.0 || ./work/nar/extensions/nifi-standard-nar-2.6.0.nar-unpacked
	org.apache.nifi.processors.standard.DeduplicateRecord
		org.apache.nifi:nifi-standard-nar:2.6.0 || ./work/nar/extensions/nifi-standard-nar-2.6.0.nar-unpacked
	org.apache.nifi.processors.slack.ListenSlack
		org.apache.nifi:nifi-slack-nar:2.6.0 || ./work/nar/extensions/nifi-slack-nar-2.6.0.nar-unpacked
	org.apache.nifi.processors.azure.storage.DeleteAzureDataLakeStorage
		org.apache.nifi:nifi-azure-nar:2.6.0 || ./work/nar/extensions/nifi-azure-nar-2.6.0.nar-unpacked
	org.apache.nifi.processors.standard.ListenFTP
		org.apache.nifi:nifi-standard-nar:2.6.0 || ./work/nar/extensions/nifi-standard-nar-2.6.0.nar-unpacked
	org.apache.nifi.processors.standard.FetchDistributedMapCache
		org.apache.nifi:nifi-standard-nar:2.6.0 || ./work/nar/extensions/nifi-standard-nar-2.6.0.nar-unpacked
	org.apache.nifi.snmp.processors.ListenTrapSNMP
		org.apache.nifi:nifi-snmp-nar:2.6.0 || ./work/nar/extensions/nifi-snmp-nar-2.6.0.nar-unpacked
	org.apache.nifi.processors.email.ConsumePOP3
		org.apache.nifi:nifi-email-nar:2.6.0 || ./work/nar/extensions/nifi-email-nar-2.6.0.nar-unpacked
	org.apache.nifi.processors.smb.PutSmbFile
		org.apache.nifi:nifi-smb-nar:2.6.0 || ./work/nar/extensions/nifi-smb-nar-2.6.0.nar-unpacked
	org.apache.nifi.processors.attributes.UpdateAttribute
		org.apache.nifi:nifi-update-attribute-nar:2.6.0 || ./work/nar/extensions/nifi-update-attribute-nar-2.6.0.nar-unpacked
	org.apache.nifi.processors.script.ScriptedValidateRecord
		org.apache.nifi:nifi-scripting-nar:2.6.0 || ./work/nar/extensions/nifi-scripting-nar-2.6.0.nar-unpacked
	org.apache.nifi.processors.standard.AttributesToJSON
		org.apache.nifi:nifi-standard-nar:2.6.0 || ./work/nar/extensions/nifi-standard-nar-2.6.0.nar-unpacked
	org.apache.nifi.processors.standard.FetchFTP
		org.apache.nifi:nifi-standard-nar:2.6.0 || ./work/nar/extensions/nifi-standard-nar-2.6.0.nar-unpacked
	org.apache.nifi.processors.gcp.drive.PutGoogleDrive
		org.apache.nifi:nifi-gcp-nar:2.6.0 || ./work/nar/extensions/nifi-gcp-nar-2.6.0.nar-unpacked
	org.apache.nifi.processors.box.ListBoxFile
		org.apache.nifi:nifi-box-nar:2.6.0 || ./work/nar/extensions/nifi-box-nar-2.6.0.nar-unpacked
	org.apache.nifi.processors.standard.EvaluateXPath
		org.apache.nifi:nifi-standard-nar:2.6.0 || ./work/nar/extensions/nifi-standard-nar-2.6.0.nar-unpacked
	org.apache.nifi.processors.azure.storage.DeleteAzureBlobStorage_v12
		org.apache.nifi:nifi-azure-nar:2.6.0 || ./work/nar/extensions/nifi-azure-nar-2.6.0.nar-unpacked
	org.apache.nifi.processors.azure.storage.queue.PutAzureQueueStorage_v12
		org.apache.nifi:nifi-azure-nar:2.6.0 || ./work/nar/extensions/nifi-azure-nar-2.6.0.nar-unpacked
	org.apache.nifi.processors.standard.ControlRate
		org.apache.nifi:nifi-standard-nar:2.6.0 || ./work/nar/extensions/nifi-standard-nar-2.6.0.nar-unpacked
	org.apache.nifi.processors.standard.SplitXml
		org.apache.nifi:nifi-standard-nar:2.6.0 || ./work/nar/extensions/nifi-standard-nar-2.6.0.nar-unpacked
	org.apache.nifi.snmp.processors.SetSNMP
		org.apache.nifi:nifi-snmp-nar:2.6.0 || ./work/nar/extensions/nifi-snmp-nar-2.6.0.nar-unpacked
	org.apache.nifi.processors.pgp.VerifyContentPGP
		org.apache.nifi:nifi-pgp-nar:2.6.0 || ./work/nar/extensions/nifi-pgp-nar-2.6.0.nar-unpacked
	org.apache.nifi.processors.aws.ml.transcribe.GetAwsTranscribeJobStatus
		org.apache.nifi:nifi-aws-nar:2.6.0 || ./work/nar/extensions/nifi-aws-nar-2.6.0.nar-unpacked
	org.apache.nifi.processors.aws.kinesis.stream.PutKinesisStream
		org.apache.nifi:nifi-aws-nar:2.6.0 || ./work/nar/extensions/nifi-aws-nar-2.6.0.nar-unpacked
	org.apache.nifi.processors.standard.GenerateFlowFile
		org.apache.nifi:nifi-standard-nar:2.6.0 || ./work/nar/extensions/nifi-standard-nar-2.6.0.nar-unpacked
	org.apache.nifi.processors.azure.storage.queue.GetAzureQueueStorage_v12
		org.apache.nifi:nifi-azure-nar:2.6.0 || ./work/nar/extensions/nifi-azure-nar-2.6.0.nar-unpacked
	org.apache.nifi.processors.standard.PutRecord
		org.apache.nifi:nifi-standard-nar:2.6.0 || ./work/nar/extensions/nifi-standard-nar-2.6.0.nar-unpacked
	org.apache.nifi.processors.standard.GetFile
		org.apache.nifi:nifi-standard-nar:2.6.0 || ./work/nar/extensions/nifi-standard-nar-2.6.0.nar-unpacked
	org.apache.nifi.processors.standard.LogMessage
		org.apache.nifi:nifi-standard-nar:2.6.0 || ./work/nar/extensions/nifi-standard-nar-2.6.0.nar-unpacked
	org.apache.nifi.processors.box.FetchBoxFileInfo
		org.apache.nifi:nifi-box-nar:2.6.0 || ./work/nar/extensions/nifi-box-nar-2.6.0.nar-unpacked
	org.apache.nifi.processors.aws.ml.translate.StartAwsTranslateJob
		org.apache.nifi:nifi-aws-nar:2.6.0 || ./work/nar/extensions/nifi-aws-nar-2.6.0.nar-unpacked
	org.apache.nifi.processors.standard.ValidateXml
		org.apache.nifi:nifi-standard-nar:2.6.0 || ./work/nar/extensions/nifi-standard-nar-2.6.0.nar-unpacked
	org.apache.nifi.processors.standard.UpdateCounter
		org.apache.nifi:nifi-standard-nar:2.6.0 || ./work/nar/extensions/nifi-standard-nar-2.6.0.nar-unpacked
	org.apache.nifi.processors.standard.SampleRecord
		org.apache.nifi:nifi-standard-nar:2.6.0 || ./work/nar/extensions/nifi-standard-nar-2.6.0.nar-unpacked
	org.apache.nifi.processors.mongodb.GetMongoRecord
		org.apache.nifi:nifi-mongodb-nar:2.6.0 || ./work/nar/extensions/nifi-mongodb-nar-2.6.0.nar-unpacked
	org.apache.nifi.processors.websocket.PutWebSocket
		org.apache.nifi:nifi-websocket-processors-nar:2.6.0 || ./work/nar/extensions/nifi-websocket-processors-nar-2.6.0.nar-unpacked
	org.apache.nifi.processors.standard.GetFileResource
		org.apache.nifi:nifi-standard-nar:2.6.0 || ./work/nar/extensions/nifi-standard-nar-2.6.0.nar-unpacked
	org.apache.nifi.processors.standard.EnforceOrder
		org.apache.nifi:nifi-standard-nar:2.6.0 || ./work/nar/extensions/nifi-standard-nar-2.6.0.nar-unpacked
	org.apache.nifi.processors.slack.PublishSlack
		org.apache.nifi:nifi-slack-nar:2.6.0 || ./work/nar/extensions/nifi-slack-nar-2.6.0.nar-unpacked
	org.apache.nifi.processors.box.ConsumeBoxEnterpriseEvents
		org.apache.nifi:nifi-box-nar:2.6.0 || ./work/nar/extensions/nifi-box-nar-2.6.0.nar-unpacked
	org.apache.nifi.processors.elasticsearch.PutElasticsearchRecord
		org.apache.nifi:nifi-elasticsearch-restapi-nar:2.6.0 || ./work/nar/extensions/nifi-elasticsearch-restapi-nar-2.6.0.nar-unpacked
	org.apache.nifi.processors.standard.ReplaceTextWithMapping
		org.apache.nifi:nifi-standard-nar:2.6.0 || ./work/nar/extensions/nifi-standard-nar-2.6.0.nar-unpacked
	org.apache.nifi.processors.standard.ParseSyslog
		org.apache.nifi:nifi-standard-nar:2.6.0 || ./work/nar/extensions/nifi-standard-nar-2.6.0.nar-unpacked
	org.apache.nifi.processors.mqtt.PublishMQTT
		org.apache.nifi:nifi-mqtt-nar:2.6.0 || ./work/nar/extensions/nifi-mqtt-nar-2.6.0.nar-unpacked
	org.apache.nifi.processors.standard.ExecuteSQL
		org.apache.nifi:nifi-standard-nar:2.6.0 || ./work/nar/extensions/nifi-standard-nar-2.6.0.nar-unpacked
	org.apache.nifi.processors.standard.LookupAttribute
		org.apache.nifi:nifi-standard-nar:2.6.0 || ./work/nar/extensions/nifi-standard-nar-2.6.0.nar-unpacked
	org.apache.nifi.cdc.mysql.processors.CaptureChangeMySQL
		org.apache.nifi:nifi-cdc-mysql-nar:2.6.0 || ./work/nar/extensions/nifi-cdc-mysql-nar-2.6.0.nar-unpacked
	org.apache.nifi.processors.aws.sns.PutSNS
		org.apache.nifi:nifi-aws-nar:2.6.0 || ./work/nar/extensions/nifi-aws-nar-2.6.0.nar-unpacked
	org.apache.nifi.processors.standard.FilterAttribute
		org.apache.nifi:nifi-standard-nar:2.6.0 || ./work/nar/extensions/nifi-standard-nar-2.6.0.nar-unpacked
	org.apache.nifi.processors.standard.CompressContent
		org.apache.nifi:nifi-standard-nar:2.6.0 || ./work/nar/extensions/nifi-standard-nar-2.6.0.nar-unpacked
	org.apache.nifi.processors.standard.PutDistributedMapCache
		org.apache.nifi:nifi-standard-nar:2.6.0 || ./work/nar/extensions/nifi-standard-nar-2.6.0.nar-unpacked
	org.apache.nifi.processors.cipher.DecryptContentAge
		org.apache.nifi:nifi-cipher-nar:2.6.0 || ./work/nar/extensions/nifi-cipher-nar-2.6.0.nar-unpacked
	org.apache.nifi.processors.standard.ValidateRecord
		org.apache.nifi:nifi-standard-nar:2.6.0 || ./work/nar/extensions/nifi-standard-nar-2.6.0.nar-unpacked
	org.apache.nifi.processors.aws.s3.FetchS3Object
		org.apache.nifi:nifi-aws-nar:2.6.0 || ./work/nar/extensions/nifi-aws-nar-2.6.0.nar-unpacked
	org.apache.nifi.processors.jslt.JSLTTransformJSON
		org.apache.nifi:nifi-jslt-nar:2.6.0 || ./work/nar/extensions/nifi-jslt-nar-2.6.0.nar-unpacked
	org.apache.nifi.processors.standard.PutSyslog
		org.apache.nifi:nifi-standard-nar:2.6.0 || ./work/nar/extensions/nifi-standard-nar-2.6.0.nar-unpacked
	org.apache.nifi.processors.standard.ListenHTTP
		org.apache.nifi:nifi-standard-nar:2.6.0 || ./work/nar/extensions/nifi-standard-nar-2.6.0.nar-unpacked
	org.apache.nifi.processors.standard.ExtractText
		org.apache.nifi:nifi-standard-nar:2.6.0 || ./work/nar/extensions/nifi-standard-nar-2.6.0.nar-unpacked
	org.apache.nifi.processors.gcp.bigquery.PutBigQuery
		org.apache.nifi:nifi-gcp-nar:2.6.0 || ./work/nar/extensions/nifi-gcp-nar-2.6.0.nar-unpacked
	org.apache.nifi.processors.script.ExecuteScript
		org.apache.nifi:nifi-scripting-nar:2.6.0 || ./work/nar/extensions/nifi-scripting-nar-2.6.0.nar-unpacked
	org.apache.nifi.processors.GeoEnrichIPRecord
		org.apache.nifi:nifi-enrich-nar:2.6.0 || ./work/nar/extensions/nifi-enrich-nar-2.6.0.nar-unpacked
	org.apache.nifi.processors.aws.s3.GetS3ObjectMetadata
		org.apache.nifi:nifi-aws-nar:2.6.0 || ./work/nar/extensions/nifi-aws-nar-2.6.0.nar-unpacked
	org.apache.nifi.processors.standard.Wait
		org.apache.nifi:nifi-standard-nar:2.6.0 || ./work/nar/extensions/nifi-standard-nar-2.6.0.nar-unpacked
	org.apache.nifi.processors.standard.GetFTP
		org.apache.nifi:nifi-standard-nar:2.6.0 || ./work/nar/extensions/nifi-standard-nar-2.6.0.nar-unpacked
	org.apache.nifi.processors.standard.RouteOnAttribute
		org.apache.nifi:nifi-standard-nar:2.6.0 || ./work/nar/extensions/nifi-standard-nar-2.6.0.nar-unpacked
	org.apache.nifi.processors.standard.GenerateRecord
		org.apache.nifi:nifi-standard-nar:2.6.0 || ./work/nar/extensions/nifi-standard-nar-2.6.0.nar-unpacked
	org.apache.nifi.processors.azure.storage.MoveAzureDataLakeStorage
		org.apache.nifi:nifi-azure-nar:2.6.0 || ./work/nar/extensions/nifi-azure-nar-2.6.0.nar-unpacked
	org.apache.nifi.processors.airtable.QueryAirtableTable
		org.apache.nifi:nifi-airtable-nar:2.6.0 || ./work/nar/extensions/nifi-airtable-nar-2.6.0.nar-unpacked
	org.apache.nifi.processors.standard.ConvertCharacterSet
		org.apache.nifi:nifi-standard-nar:2.6.0 || ./work/nar/extensions/nifi-standard-nar-2.6.0.nar-unpacked
	org.apache.nifi.processors.standard.PutUDP
		org.apache.nifi:nifi-standard-nar:2.6.0 || ./work/nar/extensions/nifi-standard-nar-2.6.0.nar-unpacked
	org.apache.nifi.processors.standard.ListenTCP
		org.apache.nifi:nifi-standard-nar:2.6.0 || ./work/nar/extensions/nifi-standard-nar-2.6.0.nar-unpacked
	org.apache.nifi.processors.email.ExtractEmailHeaders
		org.apache.nifi:nifi-email-nar:2.6.0 || ./work/nar/extensions/nifi-email-nar-2.6.0.nar-unpacked
	org.apache.nifi.processors.standard.QueryDatabaseTableRecord
		org.apache.nifi:nifi-standard-nar:2.6.0 || ./work/nar/extensions/nifi-standard-nar-2.6.0.nar-unpacked
	org.apache.nifi.processors.elasticsearch.GetElasticsearch
		org.apache.nifi:nifi-elasticsearch-restapi-nar:2.6.0 || ./work/nar/extensions/nifi-elasticsearch-restapi-nar-2.6.0.nar-unpacked
	org.apache.nifi.processors.mongodb.GetMongo
		org.apache.nifi:nifi-mongodb-nar:2.6.0 || ./work/nar/extensions/nifi-mongodb-nar-2.6.0.nar-unpacked
	org.apache.nifi.processors.aws.s3.PutS3Object
		org.apache.nifi:nifi-aws-nar:2.6.0 || ./work/nar/extensions/nifi-aws-nar-2.6.0.nar-unpacked
	org.apache.nifi.snmp.processors.GetSNMP
		org.apache.nifi:nifi-snmp-nar:2.6.0 || ./work/nar/extensions/nifi-snmp-nar-2.6.0.nar-unpacked
	org.apache.nifi.processors.azure.storage.PutAzureDataLakeStorage
		org.apache.nifi:nifi-azure-nar:2.6.0 || ./work/nar/extensions/nifi-azure-nar-2.6.0.nar-unpacked
	org.apache.nifi.processors.box.ConsumeBoxEvents
		org.apache.nifi:nifi-box-nar:2.6.0 || ./work/nar/extensions/nifi-box-nar-2.6.0.nar-unpacked
	org.apache.nifi.processors.standard.RouteOnContent
		org.apache.nifi:nifi-standard-nar:2.6.0 || ./work/nar/extensions/nifi-standard-nar-2.6.0.nar-unpacked
	org.apache.nifi.processors.standard.ParseSyslog5424
		org.apache.nifi:nifi-standard-nar:2.6.0 || ./work/nar/extensions/nifi-standard-nar-2.6.0.nar-unpacked
	org.apache.nifi.processors.standard.PutFile
		org.apache.nifi:nifi-standard-nar:2.6.0 || ./work/nar/extensions/nifi-standard-nar-2.6.0.nar-unpacked
	org.apache.nifi.processors.standard.FlattenJson
		org.apache.nifi:nifi-standard-nar:2.6.0 || ./work/nar/extensions/nifi-standard-nar-2.6.0.nar-unpacked
	org.apache.nifi.processors.standard.EvaluateJsonPath
		org.apache.nifi:nifi-standard-nar:2.6.0 || ./work/nar/extensions/nifi-standard-nar-2.6.0.nar-unpacked
	org.apache.nifi.processors.standard.TransformXml
		org.apache.nifi:nifi-standard-nar:2.6.0 || ./work/nar/extensions/nifi-standard-nar-2.6.0.nar-unpacked
	org.apache.nifi.processors.box.GetBoxFileCollaborators
		org.apache.nifi:nifi-box-nar:2.6.0 || ./work/nar/extensions/nifi-box-nar-2.6.0.nar-unpacked
	org.apache.nifi.processors.standard.SplitContent
		org.apache.nifi:nifi-standard-nar:2.6.0 || ./work/nar/extensions/nifi-standard-nar-2.6.0.nar-unpacked
	org.apache.nifi.processors.gcp.storage.DeleteGCSObject
		org.apache.nifi:nifi-gcp-nar:2.6.0 || ./work/nar/extensions/nifi-gcp-nar-2.6.0.nar-unpacked
	org.apache.nifi.processors.websocket.ListenWebSocket
		org.apache.nifi:nifi-websocket-processors-nar:2.6.0 || ./work/nar/extensions/nifi-websocket-processors-nar-2.6.0.nar-unpacked
	org.apache.nifi.processors.aws.dynamodb.GetDynamoDB
		org.apache.nifi:nifi-aws-nar:2.6.0 || ./work/nar/extensions/nifi-aws-nar-2.6.0.nar-unpacked
	org.apache.nifi.processors.splunk.GetSplunk
		org.apache.nifi:nifi-splunk-nar:2.6.0 || ./work/nar/extensions/nifi-splunk-nar-2.6.0.nar-unpacked
	org.apache.nifi.processors.standard.RouteText
		org.apache.nifi:nifi-standard-nar:2.6.0 || ./work/nar/extensions/nifi-standard-nar-2.6.0.nar-unpacked
	org.apache.nifi.processors.aws.ml.textract.GetAwsTextractJobStatus
		org.apache.nifi:nifi-aws-nar:2.6.0 || ./work/nar/extensions/nifi-aws-nar-2.6.0.nar-unpacked
	org.apache.nifi.processors.mongodb.PutMongoRecord
		org.apache.nifi:nifi-mongodb-nar:2.6.0 || ./work/nar/extensions/nifi-mongodb-nar-2.6.0.nar-unpacked
	org.apache.nifi.amqp.processors.ConsumeAMQP
		org.apache.nifi:nifi-amqp-nar:2.6.0 || ./work/nar/extensions/nifi-amqp-nar-2.6.0.nar-unpacked
	org.apache.nifi.processors.standard.CryptographicHashContent
		org.apache.nifi:nifi-standard-nar:2.6.0 || ./work/nar/extensions/nifi-standard-nar-2.6.0.nar-unpacked
	org.apache.nifi.processors.box.UpdateBoxFileMetadataInstance
		org.apache.nifi:nifi-box-nar:2.6.0 || ./work/nar/extensions/nifi-box-nar-2.6.0.nar-unpacked
	org.apache.nifi.processors.standard.PutTCP
		org.apache.nifi:nifi-standard-nar:2.6.0 || ./work/nar/extensions/nifi-standard-nar-2.6.0.nar-unpacked
	org.apache.nifi.processors.standard.ConvertRecord
		org.apache.nifi:nifi-standard-nar:2.6.0 || ./work/nar/extensions/nifi-standard-nar-2.6.0.nar-unpacked
	org.apache.nifi.processors.box.ListBoxFileInfo
		org.apache.nifi:nifi-box-nar:2.6.0 || ./work/nar/extensions/nifi-box-nar-2.6.0.nar-unpacked
	org.apache.nifi.processors.standard.DistributeLoad
		org.apache.nifi:nifi-standard-nar:2.6.0 || ./work/nar/extensions/nifi-standard-nar-2.6.0.nar-unpacked
	org.apache.nifi.processors.mongodb.DeleteMongo
		org.apache.nifi:nifi-mongodb-nar:2.6.0 || ./work/nar/extensions/nifi-mongodb-nar-2.6.0.nar-unpacked
	org.apache.nifi.processors.mongodb.gridfs.FetchGridFS
		org.apache.nifi:nifi-mongodb-nar:2.6.0 || ./work/nar/extensions/nifi-mongodb-nar-2.6.0.nar-unpacked
	org.apache.nifi.processors.standard.ExecuteStreamCommand
		org.apache.nifi:nifi-standard-nar:2.6.0 || ./work/nar/extensions/nifi-standard-nar-2.6.0.nar-unpacked
	org.apache.nifi.processors.aws.kinesis.firehose.PutKinesisFirehose
		org.apache.nifi:nifi-aws-nar:2.6.0 || ./work/nar/extensions/nifi-aws-nar-2.6.0.nar-unpacked
	org.apache.nifi.processors.azure.storage.CopyAzureBlobStorage_v12
		org.apache.nifi:nifi-azure-nar:2.6.0 || ./work/nar/extensions/nifi-azure-nar-2.6.0.nar-unpacked
	org.apache.nifi.processors.standard.SplitRecord
		org.apache.nifi:nifi-standard-nar:2.6.0 || ./work/nar/extensions/nifi-standard-nar-2.6.0.nar-unpacked
	org.apache.nifi.processors.cipher.VerifyContentMAC
		org.apache.nifi:nifi-cipher-nar:2.6.0 || ./work/nar/extensions/nifi-cipher-nar-2.6.0.nar-unpacked
	org.apache.nifi.processors.mongodb.RunMongoAggregation
		org.apache.nifi:nifi-mongodb-nar:2.6.0 || ./work/nar/extensions/nifi-mongodb-nar-2.6.0.nar-unpacked
	org.apache.nifi.processors.dropbox.PutDropbox
		org.apache.nifi:nifi-dropbox-processors-nar:2.6.0 || ./work/nar/extensions/nifi-dropbox-processors-nar-2.6.0.nar-unpacked
	org.apache.nifi.processors.elasticsearch.DeleteByQueryElasticsearch
		org.apache.nifi:nifi-elasticsearch-restapi-nar:2.6.0 || ./work/nar/extensions/nifi-elasticsearch-restapi-nar-2.6.0.nar-unpacked
	org.apache.nifi.processors.azure.data.explorer.PutAzureDataExplorer
		org.apache.nifi:nifi-azure-nar:2.6.0 || ./work/nar/extensions/nifi-azure-nar-2.6.0.nar-unpacked
	org.apache.nifi.processors.email.ConsumeIMAP
		org.apache.nifi:nifi-email-nar:2.6.0 || ./work/nar/extensions/nifi-email-nar-2.6.0.nar-unpacked
	org.apache.nifi.jms.processors.ConsumeJMS
		org.apache.nifi:nifi-jms-processors-nar:2.6.0 || ./work/nar/extensions/nifi-jms-processors-nar-2.6.0.nar-unpacked
	org.apache.nifi.snmp.processors.SendTrapSNMP
		org.apache.nifi:nifi-snmp-nar:2.6.0 || ./work/nar/extensions/nifi-snmp-nar-2.6.0.nar-unpacked
	org.apache.nifi.processors.aws.sqs.GetSQS
		org.apache.nifi:nifi-aws-nar:2.6.0 || ./work/nar/extensions/nifi-aws-nar-2.6.0.nar-unpacked
	org.apache.nifi.processors.aws.lambda.PutLambda
		org.apache.nifi:nifi-aws-nar:2.6.0 || ./work/nar/extensions/nifi-aws-nar-2.6.0.nar-unpacked
	org.apache.nifi.processors.script.ScriptedFilterRecord
		org.apache.nifi:nifi-scripting-nar:2.6.0 || ./work/nar/extensions/nifi-scripting-nar-2.6.0.nar-unpacked
	org.apache.nifi.processors.box.CreateBoxFileMetadataInstance
		org.apache.nifi:nifi-box-nar:2.6.0 || ./work/nar/extensions/nifi-box-nar-2.6.0.nar-unpacked
	org.apache.nifi.processors.mqtt.ConsumeMQTT
		org.apache.nifi:nifi-mqtt-nar:2.6.0 || ./work/nar/extensions/nifi-mqtt-nar-2.6.0.nar-unpacked
	org.apache.nifi.processors.standard.DeleteSFTP
		org.apache.nifi:nifi-standard-nar:2.6.0 || ./work/nar/extensions/nifi-standard-nar-2.6.0.nar-unpacked
	org.apache.nifi.processors.box.ListBoxFileMetadataInstances
		org.apache.nifi:nifi-box-nar:2.6.0 || ./work/nar/extensions/nifi-box-nar-2.6.0.nar-unpacked
	org.apache.nifi.processors.standard.PutSFTP
		org.apache.nifi:nifi-standard-nar:2.6.0 || ./work/nar/extensions/nifi-standard-nar-2.6.0.nar-unpacked
	org.apache.nifi.processors.gcp.vision.GetGcpVisionAnnotateImagesOperationStatus
		org.apache.nifi:nifi-gcp-nar:2.6.0 || ./work/nar/extensions/nifi-gcp-nar-2.6.0.nar-unpacked
	org.apache.nifi.processors.standard.ExecuteSQLRecord
		org.apache.nifi:nifi-standard-nar:2.6.0 || ./work/nar/extensions/nifi-standard-nar-2.6.0.nar-unpacked
	org.apache.nifi.processors.splunk.PutSplunk
		org.apache.nifi:nifi-splunk-nar:2.6.0 || ./work/nar/extensions/nifi-splunk-nar-2.6.0.nar-unpacked
	org.apache.nifi.processors.salesforce.PutSalesforceObject
		org.apache.nifi:nifi-salesforce-nar:2.6.0 || ./work/nar/extensions/nifi-salesforce-nar-2.6.0.nar-unpacked
	org.apache.nifi.processors.standard.ListenUDPRecord
		org.apache.nifi:nifi-standard-nar:2.6.0 || ./work/nar/extensions/nifi-standard-nar-2.6.0.nar-unpacked
	org.apache.nifi.processors.standard.Notify
		org.apache.nifi:nifi-standard-nar:2.6.0 || ./work/nar/extensions/nifi-standard-nar-2.6.0.nar-unpacked
	org.apache.nifi.processors.opentelemetry.ListenOTLP
		org.apache.nifi:nifi-opentelemetry-nar:2.6.0 || ./work/nar/extensions/nifi-opentelemetry-nar-2.6.0.nar-unpacked
	org.apache.nifi.processors.aws.s3.ListS3
		org.apache.nifi:nifi-aws-nar:2.6.0 || ./work/nar/extensions/nifi-aws-nar-2.6.0.nar-unpacked
	org.apache.nifi.processors.standard.PartitionRecord
		org.apache.nifi:nifi-standard-nar:2.6.0 || ./work/nar/extensions/nifi-standard-nar-2.6.0.nar-unpacked
	org.apache.nifi.processors.script.ScriptedPartitionRecord
		org.apache.nifi:nifi-scripting-nar:2.6.0 || ./work/nar/extensions/nifi-scripting-nar-2.6.0.nar-unpacked
	org.apache.nifi.processors.standard.LookupRecord
		org.apache.nifi:nifi-standard-nar:2.6.0 || ./work/nar/extensions/nifi-standard-nar-2.6.0.nar-unpacked
	org.apache.nifi.processors.box.FetchBoxFileRepresentation
		org.apache.nifi:nifi-box-nar:2.6.0 || ./work/nar/extensions/nifi-box-nar-2.6.0.nar-unpacked
	org.apache.nifi.processors.elasticsearch.ConsumeElasticsearch
		org.apache.nifi:nifi-elasticsearch-restapi-nar:2.6.0 || ./work/nar/extensions/nifi-elasticsearch-restapi-nar-2.6.0.nar-unpacked
	org.apache.nifi.processors.standard.FetchFile
		org.apache.nifi:nifi-standard-nar:2.6.0 || ./work/nar/extensions/nifi-standard-nar-2.6.0.nar-unpacked
	org.apache.nifi.jms.processors.PublishJMS
		org.apache.nifi:nifi-jms-processors-nar:2.6.0 || ./work/nar/extensions/nifi-jms-processors-nar-2.6.0.nar-unpacked
	org.apache.nifi.processors.standard.DuplicateFlowFile
		org.apache.nifi:nifi-standard-nar:2.6.0 || ./work/nar/extensions/nifi-standard-nar-2.6.0.nar-unpacked
	org.apache.nifi.processors.standard.DeleteFile
		org.apache.nifi:nifi-standard-nar:2.6.0 || ./work/nar/extensions/nifi-standard-nar-2.6.0.nar-unpacked
	org.apache.nifi.processors.standard.FetchSFTP
		org.apache.nifi:nifi-standard-nar:2.6.0 || ./work/nar/extensions/nifi-standard-nar-2.6.0.nar-unpacked
	org.apache.nifi.processors.ISPEnrichIP
		org.apache.nifi:nifi-enrich-nar:2.6.0 || ./work/nar/extensions/nifi-enrich-nar-2.6.0.nar-unpacked
	org.apache.nifi.processors.standard.ListenUDP
		org.apache.nifi:nifi-standard-nar:2.6.0 || ./work/nar/extensions/nifi-standard-nar-2.6.0.nar-unpacked
	org.apache.nifi.processors.cipher.EncryptContentAge
		org.apache.nifi:nifi-cipher-nar:2.6.0 || ./work/nar/extensions/nifi-cipher-nar-2.6.0.nar-unpacked
	org.apache.nifi.processors.mongodb.gridfs.PutGridFS
		org.apache.nifi:nifi-mongodb-nar:2.6.0 || ./work/nar/extensions/nifi-mongodb-nar-2.6.0.nar-unpacked
	org.apache.nifi.processors.aws.sqs.DeleteSQS
		org.apache.nifi:nifi-aws-nar:2.6.0 || ./work/nar/extensions/nifi-aws-nar-2.6.0.nar-unpacked
	org.apache.nifi.processors.GeoEnrichIP
		org.apache.nifi:nifi-enrich-nar:2.6.0 || ./work/nar/extensions/nifi-enrich-nar-2.6.0.nar-unpacked
	org.apache.nifi.processors.azure.storage.FetchAzureDataLakeStorage
		org.apache.nifi:nifi-azure-nar:2.6.0 || ./work/nar/extensions/nifi-azure-nar-2.6.0.nar-unpacked
	org.apache.nifi.processors.geohash.GeohashRecord
		org.apache.nifi:nifi-geohash-nar:2.6.0 || ./work/nar/extensions/nifi-geohash-nar-2.6.0.nar-unpacked
	org.apache.nifi.processors.standard.MergeRecord
		org.apache.nifi:nifi-standard-nar:2.6.0 || ./work/nar/extensions/nifi-standard-nar-2.6.0.nar-unpacked
	org.apache.nifi.processors.compress.ModifyCompression
		org.apache.nifi:nifi-compress-nar:2.6.0 || ./work/nar/extensions/nifi-compress-nar-2.6.0.nar-unpacked
	org.apache.nifi.processors.evtx.ParseEvtx
		org.apache.nifi:nifi-evtx-nar:2.6.0 || ./work/nar/extensions/nifi-evtx-nar-2.6.0.nar-unpacked
	org.apache.nifi.processors.elasticsearch.JsonQueryElasticsearch
		org.apache.nifi:nifi-elasticsearch-restapi-nar:2.6.0 || ./work/nar/extensions/nifi-elasticsearch-restapi-nar-2.6.0.nar-unpacked
	org.apache.nifi.processors.azure.eventhub.GetAzureEventHub
		org.apache.nifi:nifi-azure-nar:2.6.0 || ./work/nar/extensions/nifi-azure-nar-2.6.0.nar-unpacked
	org.apache.nifi.processors.dropbox.FetchDropbox
		org.apache.nifi:nifi-dropbox-processors-nar:2.6.0 || ./work/nar/extensions/nifi-dropbox-processors-nar-2.6.0.nar-unpacked
	org.apache.nifi.processors.stateful.analysis.AttributeRollingWindow
		org.apache.nifi:nifi-stateful-analysis-nar:2.6.0 || ./work/nar/extensions/nifi-stateful-analysis-nar-2.6.0.nar-unpacked
	org.apache.nifi.processors.standard.ListenSyslog
		org.apache.nifi:nifi-standard-nar:2.6.0 || ./work/nar/extensions/nifi-standard-nar-2.6.0.nar-unpacked
	org.apache.nifi.processors.standard.DebugFlow
		org.apache.nifi:nifi-standard-nar:2.6.0 || ./work/nar/extensions/nifi-standard-nar-2.6.0.nar-unpacked
	org.apache.nifi.processors.standard.GenerateTableFetch
		org.apache.nifi:nifi-standard-nar:2.6.0 || ./work/nar/extensions/nifi-standard-nar-2.6.0.nar-unpacked
	org.apache.nifi.processors.gcp.drive.FetchGoogleDrive
		org.apache.nifi:nifi-gcp-nar:2.6.0 || ./work/nar/extensions/nifi-gcp-nar-2.6.0.nar-unpacked
	=== End Processor types ===
	=== LeaderElectionManager Type ===
	org.apache.nifi.framework.cluster.leader.zookeeper.CuratorLeaderElectionManager
		org.apache.nifi:nifi-framework-zookeeper-nar:2.6.0 || ./work/nar/extensions/nifi-framework-zookeeper-nar-2.6.0.nar-unpacked
	org.apache.nifi.kubernetes.leader.election.KubernetesLeaderElectionManager
		org.apache.nifi:nifi-framework-kubernetes-nar:2.6.0 || ./work/nar/extensions/nifi-framework-kubernetes-nar-2.6.0.nar-unpacked
	=== End LeaderElectionManager types ===
	=== FlowAnalysisRule Type ===
	org.apache.nifi.flowanalysis.rules.RestrictFlowFileExpiration
		org.apache.nifi:nifi-standard-nar:2.6.0 || ./work/nar/extensions/nifi-standard-nar-2.6.0.nar-unpacked
	org.apache.nifi.flowanalysis.rules.DisallowComponentType
		org.apache.nifi:nifi-standard-nar:2.6.0 || ./work/nar/extensions/nifi-standard-nar-2.6.0.nar-unpacked
	org.apache.nifi.flowanalysis.rules.RequireServerSSLContextService
		org.apache.nifi:nifi-standard-nar:2.6.0 || ./work/nar/extensions/nifi-standard-nar-2.6.0.nar-unpacked
	org.apache.nifi.flowanalysis.rules.RestrictBackpressureSettings
		org.apache.nifi:nifi-standard-nar:2.6.0 || ./work/nar/extensions/nifi-standard-nar-2.6.0.nar-unpacked
	=== End FlowAnalysisRule types ===
	=== ExternalResourceProvider Type ===
	org.apache.nifi.registry.extension.NiFiRegistryExternalResourceProvider
		org.apache.nifi:nifi-framework-nar:2.6.0 || ./work/nar/framework/nifi-framework-nar-2.6.0.nar-unpacked
	=== End ExternalResourceProvider types ===
	=== StateProvider Type ===
	org.apache.nifi.controller.state.providers.zookeeper.ZooKeeperStateProvider
		org.apache.nifi:nifi-framework-zookeeper-nar:2.6.0 || ./work/nar/extensions/nifi-framework-zookeeper-nar-2.6.0.nar-unpacked
	org.apache.nifi.controller.state.providers.zookeeper.server.ZooKeeperStateProviderServer
		org.apache.nifi:nifi-framework-zookeeper-nar:2.6.0 || ./work/nar/extensions/nifi-framework-zookeeper-nar-2.6.0.nar-unpacked
	org.apache.nifi.controller.state.providers.local.WriteAheadLocalStateProvider
		org.apache.nifi:nifi-framework-nar:2.6.0 || ./work/nar/framework/nifi-framework-nar-2.6.0.nar-unpacked
	org.apache.nifi.redis.state.RedisStateProvider
		org.apache.nifi:nifi-redis-nar:2.6.0 || ./work/nar/extensions/nifi-redis-nar-2.6.0.nar-unpacked
	org.apache.nifi.kubernetes.state.provider.KubernetesConfigMapStateProvider
		org.apache.nifi:nifi-framework-kubernetes-nar:2.6.0 || ./work/nar/extensions/nifi-framework-kubernetes-nar-2.6.0.nar-unpacked
	=== End StateProvider types ===
	=== PythonBridge Type ===
	org.apache.nifi.py4j.StandardPythonBridge
		org.apache.nifi:nifi-py4j-nar:2.6.0 || ./work/nar/extensions/nifi-py4j-nar-2.6.0.nar-unpacked
	=== End PythonBridge types ===
	=== FlowFilePrioritizer Type ===
	org.apache.nifi.prioritizer.FirstInFirstOutPrioritizer
		org.apache.nifi:nifi-framework-nar:2.6.0 || ./work/nar/framework/nifi-framework-nar-2.6.0.nar-unpacked
	org.apache.nifi.prioritizer.NewestFlowFileFirstPrioritizer
		org.apache.nifi:nifi-framework-nar:2.6.0 || ./work/nar/framework/nifi-framework-nar-2.6.0.nar-unpacked
	org.apache.nifi.prioritizer.OldestFlowFileFirstPrioritizer
		org.apache.nifi:nifi-framework-nar:2.6.0 || ./work/nar/framework/nifi-framework-nar-2.6.0.nar-unpacked
	org.apache.nifi.prioritizer.PriorityAttributePrioritizer
		org.apache.nifi:nifi-framework-nar:2.6.0 || ./work/nar/framework/nifi-framework-nar-2.6.0.nar-unpacked
	=== End FlowFilePrioritizer types ===
	=== StatusAnalyticsModel Type ===
	org.apache.nifi.controller.status.analytics.models.OrdinaryLeastSquares
		org.apache.nifi:nifi-framework-nar:2.6.0 || ./work/nar/framework/nifi-framework-nar-2.6.0.nar-unpacked
	org.apache.nifi.controller.status.analytics.models.SimpleRegression
		org.apache.nifi:nifi-framework-nar:2.6.0 || ./work/nar/framework/nifi-framework-nar-2.6.0.nar-unpacked
	=== End StatusAnalyticsModel types ===
	=== ProvenanceRepository Type ===
	org.apache.nifi.provenance.NoOpProvenanceRepository
		org.apache.nifi:nifi-provenance-repository-nar:2.6.0 || ./work/nar/extensions/nifi-provenance-repository-nar-2.6.0.nar-unpacked
	org.apache.nifi.provenance.VolatileProvenanceRepository
		org.apache.nifi:nifi-provenance-repository-nar:2.6.0 || ./work/nar/extensions/nifi-provenance-repository-nar-2.6.0.nar-unpacked
	org.apache.nifi.provenance.WriteAheadProvenanceRepository
		org.apache.nifi:nifi-provenance-repository-nar:2.6.0 || ./work/nar/extensions/nifi-provenance-repository-nar-2.6.0.nar-unpacked
	=== End ProvenanceRepository types ===
2025-10-14 22:09:27,416 INFO [main] o.a.n.f.r.CompositeExternalResourceProviderService Starting External Resource Provider Service ...
2025-10-14 22:09:27,417 INFO [main] o.a.n.f.r.CompositeExternalResourceProviderService External Resource Provider Service is started successfully
2025-10-14 22:09:27,432 INFO [main] org.apache.nifi.nar.NarAutoLoader Found 0 initial NARs from directory nar_extensions
2025-10-14 22:09:27,466 INFO [main] org.apache.nifi.nar.NarAutoLoader Starting NAR Auto-Loader Thread for directory /opt/nifi/nifi-current/nar_extensions ...
2025-10-14 22:09:27,475 INFO [main] org.eclipse.jetty.server.Server jetty-12.0.27; built: 2025-09-10T23:47:49.595Z; git: 3569a3e83ad136ee44e26b370b74c1c5e9f33e61; jvm 21.0.8+12-LTS
2025-10-14 22:09:30,240 INFO [main] o.e.j.session.DefaultSessionIdManager Session workerName=node0
2025-10-14 22:09:30,298 INFO [main] o.e.jetty.server.handler.ContextHandler Started oeje10w.WebAppContext@9bf63d2{/nifi-standard-content-viewer-2.6.0,/nifi-standard-content-viewer-2.6.0,b=file:///opt/nifi/nifi-current/work/jetty/nifi-standard-content-viewer-2.6.0.war/webapp/,a=AVAILABLE,h=oeje10s.SessionHandler@4ede035e{STARTED}}{./work/nar/extensions/nifi-standard-content-viewer-nar-2.6.0.nar-unpacked/NAR-INF/bundled-dependencies/nifi-standard-content-viewer-2.6.0.war}
2025-10-14 22:09:30,332 INFO [main] o.a.n.w.c.v.StandardServletContextListener Standard Content Viewer Initialized
2025-10-14 22:09:30,508 INFO [main] o.e.j.ee10.servlet.ServletContextHandler Started oeje10w.WebAppContext@9bf63d2{/nifi-standard-content-viewer-2.6.0,/nifi-standard-content-viewer-2.6.0,b=file:///opt/nifi/nifi-current/work/jetty/nifi-standard-content-viewer-2.6.0.war/webapp/,a=AVAILABLE,h=oeje10s.SessionHandler@4ede035e{STARTED}}{./work/nar/extensions/nifi-standard-content-viewer-nar-2.6.0.nar-unpacked/NAR-INF/bundled-dependencies/nifi-standard-content-viewer-2.6.0.war}
2025-10-14 22:09:31,783 INFO [main] o.e.jetty.server.handler.ContextHandler Started oeje10w.WebAppContext@7286827b{/nifi-jolt-transform-json-ui-2.6.0,/nifi-jolt-transform-json-ui-2.6.0,b=file:///opt/nifi/nifi-current/work/jetty/nifi-jolt-transform-json-ui-2.6.0.war/webapp/,a=AVAILABLE,h=oeje10s.SessionHandler@3a8640f7{STARTED}}{./work/nar/extensions/nifi-jolt-nar-2.6.0.nar-unpacked/NAR-INF/bundled-dependencies/nifi-jolt-transform-json-ui-2.6.0.war}
2025-10-14 22:09:31,801 INFO [main] o.e.j.ee10.servlet.ServletContextHandler Started oeje10w.WebAppContext@7286827b{/nifi-jolt-transform-json-ui-2.6.0,/nifi-jolt-transform-json-ui-2.6.0,b=file:///opt/nifi/nifi-current/work/jetty/nifi-jolt-transform-json-ui-2.6.0.war/webapp/,a=AVAILABLE,h=oeje10s.SessionHandler@3a8640f7{STARTED}}{./work/nar/extensions/nifi-jolt-nar-2.6.0.nar-unpacked/NAR-INF/bundled-dependencies/nifi-jolt-transform-json-ui-2.6.0.war}
2025-10-14 22:09:32,820 INFO [main] o.e.jetty.server.handler.ContextHandler Started oeje10w.WebAppContext@46ee7013{/nifi-update-attribute-ui-2.6.0,/nifi-update-attribute-ui-2.6.0,b=file:///opt/nifi/nifi-current/work/jetty/nifi-update-attribute-ui-2.6.0.war/webapp/,a=AVAILABLE,h=oeje10s.SessionHandler@7fbbdd8a{STARTED}}{./work/nar/extensions/nifi-update-attribute-nar-2.6.0.nar-unpacked/NAR-INF/bundled-dependencies/nifi-update-attribute-ui-2.6.0.war}
2025-10-14 22:09:32,830 INFO [main] o.e.j.ee10.servlet.ServletContextHandler Started oeje10w.WebAppContext@46ee7013{/nifi-update-attribute-ui-2.6.0,/nifi-update-attribute-ui-2.6.0,b=file:///opt/nifi/nifi-current/work/jetty/nifi-update-attribute-ui-2.6.0.war/webapp/,a=AVAILABLE,h=oeje10s.SessionHandler@7fbbdd8a{STARTED}}{./work/nar/extensions/nifi-update-attribute-nar-2.6.0.nar-unpacked/NAR-INF/bundled-dependencies/nifi-update-attribute-ui-2.6.0.war}
2025-10-14 22:09:33,773 INFO [main] o.e.j.s.handler.ContextHandler._nifi_api No Spring WebApplicationInitializer types detected on classpath
2025-10-14 22:09:33,891 INFO [main] o.e.jetty.server.handler.ContextHandler Started oeje10w.WebAppContext@1071ae7c{nifi-api,/nifi-api,b=file:///opt/nifi/nifi-current/work/jetty/nifi-web-api-2.6.0.war/webapp/,a=AVAILABLE,h=oeje10s.SessionHandler@6e66b498{STARTED}}{./work/nar/extensions/nifi-server-nar-2.6.0.nar-unpacked/NAR-INF/bundled-dependencies/nifi-web-api-2.6.0.war}
2025-10-14 22:09:33,893 INFO [main] o.e.j.s.handler.ContextHandler._nifi_api Initializing Spring root WebApplicationContext
2025-10-14 22:09:37,419 INFO [main] o.a.nifi.properties.NiFiPropertiesLoader Loading Application Properties [/opt/nifi/nifi-current/conf/nifi.properties]
2025-10-14 22:09:38,102 INFO [main] o.a.n.wali.SequentialAccessWriteAheadLog Recovering records from Write-Ahead Log at ./state/local
2025-10-14 22:09:38,104 INFO [main] o.a.n.wali.SequentialAccessWriteAheadLog No Snapshot File to recover from at ./state/local. Now recovering records from 0 journal files
2025-10-14 22:09:38,106 INFO [main] o.a.n.wali.SequentialAccessWriteAheadLog Successfully recovered 0 records in 3 milliseconds. Now checkpointing to ensure that Write-Ahead Log is in a consistent state
2025-10-14 22:09:38,143 INFO [main] o.a.n.wali.SequentialAccessWriteAheadLog Checkpointed Write-Ahead Log with 0 Records and 0 Swap Files in 34 milliseconds (Stop-the-world time = 17 milliseconds), max Transaction ID -1
2025-10-14 22:09:39,583 INFO [main] jetbrains.exodus.env.EnvironmentImpl Exodus environment created: ./database_repository
2025-10-14 22:09:39,942 INFO [main] o.a.n.a.service.EntityStoreAuditService Environment configured with directory [./database_repository]
2025-10-14 22:09:40,689 WARN [main] org.apache.nifi.util.FlowParser Flow Configuration does not exist or was empty
2025-10-14 22:09:42,713 INFO [main] o.a.n.c.r.WriteAheadFlowFileRepository Initialized FlowFile Repository
2025-10-14 22:09:42,722 INFO [main] o.apache.nifi.controller.FlowController Creating Provenance Repository [org.apache.nifi.provenance.WriteAheadProvenanceRepository]
2025-10-14 22:09:42,883 INFO [main] o.a.n.p.store.WriteAheadStorePartition After recovering ./provenance_repository, next Event ID to be generated will be 0
2025-10-14 22:09:42,901 INFO [main] o.a.n.p.index.lucene.LuceneEventIndex Will avoid re-indexing Provenance Events because the newest index is defunct, so it will be re-indexed in the background
2025-10-14 22:09:42,910 INFO [main] o.apache.nifi.controller.FlowController Creating Content Repository [org.apache.nifi.controller.repository.FileSystemRepository]
2025-10-14 22:09:42,924 INFO [main] o.a.n.c.repository.FileSystemRepository Maximum Threshold for Container default set to 129732141219 bytes; if volume exceeds this size, archived data will be deleted until it no longer exceeds this size
2025-10-14 22:09:42,927 INFO [main] o.a.n.c.repository.FileSystemRepository Initializing FileSystemRepository with 'Always Sync' set to false
2025-10-14 22:09:45,585 INFO [main] org.apache.nifi.py4j.PythonProcess Launching Python Process python3 /opt/nifi/nifi-current/./python/framework/Controller.py with working directory ./work/python/controller to communicate with Java on Port 45525
2025-10-14 22:09:47,181 INFO [python-log-187] org.apache.nifi.py4j.Controller Listening for requests from Java side using Python Port 41529, communicating with Java on port 45525
2025-10-14 22:09:47,403 INFO [main] org.apache.nifi.py4j.PythonProcess Successfully started and pinged Python Server. Python Process = Process[pid=187, exitValue="not exited"]
2025-10-14 22:09:50,379 INFO [main] o.a.n.n.NarPersistenceProviderFactoryBean Creating NAR Persistence Provider [org.apache.nifi.nar.StandardNarPersistenceProvider]
2025-10-14 22:09:50,389 INFO [main] o.a.n.nar.StandardNarPersistenceProvider Loaded persistence info for 0 NARs
2025-10-14 22:09:50,390 INFO [main] o.a.n.nar.StandardNarPersistenceProvider Initialization completed with storage location [/opt/nifi/nifi-current/./nar_repository]
2025-10-14 22:09:50,447 INFO [main] org.apache.nifi.nar.StandardNarManager Loading stored NAR files [0]
2025-10-14 22:09:52,450 INFO [main] o.a.n.a.s.u.SingleUserLoginIdentityProvider 

Generated Username [7782a9d9-7549-4269-80d5-a32bbf13f84a]
Generated Password [NOnGdhpOJx1YmUO8d6Tr3NVFau/B2Zrj]

2025-10-14 22:09:52,451 INFO [main] o.a.n.a.s.u.SingleUserLoginIdentityProvider Run the following command to change credentials: nifi.sh set-single-user-credentials USERNAME PASSWORD
2025-10-14 22:09:52,846 INFO [main] o.a.n.a.s.u.SingleUserLoginIdentityProvider Updating Login Identity Providers Configuration [./conf/login-identity-providers.xml]
2025-10-14 22:10:02,333 INFO [main] o.s.s.c.a.a.c.InitializeAuthenticationProviderBeanManagerConfigurer$InitializeAuthenticationProviderManagerConfigurer Found 5 AuthenticationProvider beans, with names [anonymousAuthenticationProvider, jwtAuthenticationProvider, oidcAuthorizationCodeAuthenticationProvider, openSamlAuthenticationProvider, x509AuthenticationProvider]. Global Authentication Manager will not be configured with AuthenticationProviders. Consider publishing a single AuthenticationProvider bean, or wiring your Providers directly using the DSL.
2025-10-14 22:10:03,400 INFO [main] o.a.n.w.c.ApplicationStartupContextListener Starting Flow Controller...
2025-10-14 22:10:03,423 INFO [main] o.a.n.c.s.VersionedFlowSynchronizer Synchronizing FlowController with proposed flow: Controller Already Synchronized = false
2025-10-14 22:10:03,440 INFO [main] o.a.n.c.s.VersionedFlowSynchronizer Successfully synchronized dataflow with the proposed flow in 18 millis
2025-10-14 22:10:03,440 INFO [main] o.apache.nifi.controller.FlowController Successfully synchronized controller with proposed flow. Flow contains the following number of components: {Processors=0, Controller Services=0, Reporting Tasks=0, Flow Analysis Rules=0, Process Groups=0, Remote Process Groups=0, Parameter Providers=0, Flow Registry Clients=0, Local Input Ports=0, Local Output Ports=0, Public Input Ports=0, Public Output Ports=0}
2025-10-14 22:10:03,582 INFO [main] o.a.n.wali.SequentialAccessWriteAheadLog Recovering records from Write-Ahead Log at ./flowfile_repository
2025-10-14 22:10:03,582 INFO [main] o.a.n.wali.SequentialAccessWriteAheadLog No Snapshot File to recover from at ./flowfile_repository. Now recovering records from 0 journal files
2025-10-14 22:10:03,583 INFO [main] o.a.n.wali.SequentialAccessWriteAheadLog Successfully recovered 0 records in 0 milliseconds. Now checkpointing to ensure that Write-Ahead Log is in a consistent state
2025-10-14 22:10:03,758 INFO [main] o.a.n.wali.SequentialAccessWriteAheadLog Checkpointed Write-Ahead Log with 0 Records and 0 Swap Files in 174 milliseconds (Stop-the-world time = 77 milliseconds), max Transaction ID -1
2025-10-14 22:10:03,759 INFO [main] o.a.n.c.r.WriteAheadFlowFileRepository Successfully restored 0 FlowFiles and 0 Swap Files
2025-10-14 22:10:03,836 INFO [main] o.apache.nifi.controller.FlowController Scheduled Flow Registry synchronization every 30 min
2025-10-14 22:10:03,878 INFO [main] o.apache.nifi.controller.FlowController Performed initial validation of all components in 7 milliseconds
2025-10-14 22:10:03,888 INFO [main] o.apache.nifi.controller.FlowController Starting 0 Stateless Process Groups
2025-10-14 22:10:03,891 INFO [main] o.apache.nifi.controller.FlowController Starting 0 processors/ports/funnels
2025-10-14 22:10:03,891 INFO [main] o.apache.nifi.controller.FlowController Started 0 Remote Group Ports transmitting
2025-10-14 22:10:03,898 INFO [main] o.a.n.w.c.ApplicationStartupContextListener Flow Controller started successfully.
2025-10-14 22:10:06,338 INFO [main] o.e.j.ee10.servlet.ServletContextHandler Started oeje10w.WebAppContext@1071ae7c{nifi-api,/nifi-api,b=file:///opt/nifi/nifi-current/work/jetty/nifi-web-api-2.6.0.war/webapp/,a=AVAILABLE,h=oeje10s.SessionHandler@6e66b498{STARTED}}{./work/nar/extensions/nifi-server-nar-2.6.0.nar-unpacked/NAR-INF/bundled-dependencies/nifi-web-api-2.6.0.war}
2025-10-14 22:10:07,316 INFO [main] o.e.j.s.handler.ContextHandler._nifi No Spring WebApplicationInitializer types detected on classpath
2025-10-14 22:10:07,321 INFO [main] o.e.jetty.server.handler.ContextHandler Started oeje10w.WebAppContext@31725f55{/nifi,/nifi,b=file:///opt/nifi/nifi-current/work/jetty/nifi-ui-2.6.0.war/webapp/,a=AVAILABLE,h=oeje10s.SessionHandler@3f76269e{STARTED}}{./work/nar/extensions/nifi-server-nar-2.6.0.nar-unpacked/NAR-INF/bundled-dependencies/nifi-ui-2.6.0.war}
2025-10-14 22:10:07,325 INFO [main] o.e.j.ee10.servlet.ServletContextHandler Started oeje10w.WebAppContext@31725f55{/nifi,/nifi,b=file:///opt/nifi/nifi-current/work/jetty/nifi-ui-2.6.0.war/webapp/,a=AVAILABLE,h=oeje10s.SessionHandler@3f76269e{STARTED}}{./work/nar/extensions/nifi-server-nar-2.6.0.nar-unpacked/NAR-INF/bundled-dependencies/nifi-ui-2.6.0.war}
2025-10-14 22:10:07,361 INFO [main] o.eclipse.jetty.server.AbstractConnector Started ServerConnector@2038d1d6{SSL, (ssl, alpn, h2, http/1.1)}{2910bf04e3ee:8443}
2025-10-14 22:10:07,368 INFO [main] org.eclipse.jetty.server.Server Started oejs.Server@13a268cd{STARTING}[12.0.27,sto=0] @116408ms
2025-10-14 22:10:07,371 INFO [main] org.apache.nifi.web.server.JettyServer Started Server on https://2910bf04e3ee:8443/nifi
2025-10-14 22:10:07,412 INFO [main] o.a.n.runtime.StandardManagementServer Started Management Server on http://127.0.0.1:52020
2025-10-14 22:10:07,417 INFO [main] org.apache.nifi.runtime.Application Started Application in 113.564 seconds (113564045205 ns)
2025-10-14 22:10:23,760 INFO [Checkpoint FlowFile Repository] o.a.n.c.r.WriteAheadFlowFileRepository Initiating checkpoint of FlowFile Repository
2025-10-14 22:10:23,761 INFO [Checkpoint FlowFile Repository] o.a.n.c.r.WriteAheadFlowFileRepository Successfully checkpointed FlowFile Repository with 0 records in 0 milliseconds
2025-10-14 22:10:43,764 INFO [Checkpoint FlowFile Repository] o.a.n.c.r.WriteAheadFlowFileRepository Initiating checkpoint of FlowFile Repository
2025-10-14 22:10:43,783 INFO [Checkpoint FlowFile Repository] o.a.n.c.r.WriteAheadFlowFileRepository Successfully checkpointed FlowFile Repository with 0 records in 1 milliseconds
2025-10-14 22:10:45,854 INFO [Cleanup Archive for default] o.a.n.c.repository.FileSystemRepository Successfully deleted 0 files (0 bytes) from archive
2025-10-14 22:10:45,903 INFO [Cleanup Archive for default] o.a.n.c.repository.FileSystemRepository Archive cleanup completed for container default; will now allow writing to this container. Bytes used = 62.04 GB, bytes free = 944.82 GB, capacity = 1,006.85 GB
2025-10-14 22:11:03,775 INFO [Checkpoint FlowFile Repository] o.a.n.c.r.WriteAheadFlowFileRepository Initiating checkpoint of FlowFile Repository
2025-10-14 22:11:03,776 INFO [Checkpoint FlowFile Repository] o.a.n.c.r.WriteAheadFlowFileRepository Successfully checkpointed FlowFile Repository with 0 records in 0 milliseconds
2025-10-14 22:11:23,785 INFO [Checkpoint FlowFile Repository] o.a.n.c.r.WriteAheadFlowFileRepository Initiating checkpoint of FlowFile Repository
2025-10-14 22:11:23,786 INFO [Checkpoint FlowFile Repository] o.a.n.c.r.WriteAheadFlowFileRepository Successfully checkpointed FlowFile Repository with 0 records in 0 milliseconds
2025-10-14 22:11:38,169 INFO [Write-Ahead Local State Provider Maintenance] o.a.n.wali.SequentialAccessWriteAheadLog Checkpointed Write-Ahead Log with 2 Records and 0 Swap Files in 32 milliseconds (Stop-the-world time = 17 milliseconds), max Transaction ID 1
2025-10-14 22:11:43,787 INFO [Checkpoint FlowFile Repository] o.a.n.c.r.WriteAheadFlowFileRepository Initiating checkpoint of FlowFile Repository
2025-10-14 22:11:43,788 INFO [Checkpoint FlowFile Repository] o.a.n.c.r.WriteAheadFlowFileRepository Successfully checkpointed FlowFile Repository with 0 records in 0 milliseconds
2025-10-14 22:11:45,945 INFO [Cleanup Archive for default] o.a.n.c.repository.FileSystemRepository Successfully deleted 0 files (0 bytes) from archive
2025-10-14 22:11:45,947 INFO [Cleanup Archive for default] o.a.n.c.repository.FileSystemRepository Archive cleanup completed for container default; will now allow writing to this container. Bytes used = 62.79 GB, bytes free = 944.06 GB, capacity = 1,006.85 GB
2025-10-14 22:12:03,795 INFO [Checkpoint FlowFile Repository] o.a.n.c.r.WriteAheadFlowFileRepository Initiating checkpoint of FlowFile Repository
2025-10-14 22:12:03,837 INFO [Checkpoint FlowFile Repository] o.a.n.c.r.WriteAheadFlowFileRepository Successfully checkpointed FlowFile Repository with 0 records in 0 milliseconds
2025-10-14 22:12:23,837 INFO [Checkpoint FlowFile Repository] o.a.n.c.r.WriteAheadFlowFileRepository Initiating checkpoint of FlowFile Repository
2025-10-14 22:12:23,839 INFO [Checkpoint FlowFile Repository] o.a.n.c.r.WriteAheadFlowFileRepository Successfully checkpointed FlowFile Repository with 0 records in 0 milliseconds
2025-10-14 22:12:43,840 INFO [Checkpoint FlowFile Repository] o.a.n.c.r.WriteAheadFlowFileRepository Initiating checkpoint of FlowFile Repository
2025-10-14 22:12:43,841 INFO [Checkpoint FlowFile Repository] o.a.n.c.r.WriteAheadFlowFileRepository Successfully checkpointed FlowFile Repository with 0 records in 0 milliseconds
2025-10-14 22:12:46,196 INFO [Cleanup Archive for default] o.a.n.c.repository.FileSystemRepository Successfully deleted 0 files (0 bytes) from archive
2025-10-14 22:12:46,199 INFO [Cleanup Archive for default] o.a.n.c.repository.FileSystemRepository Archive cleanup completed for container default; will now allow writing to this container. Bytes used = 62.91 GB, bytes free = 943.95 GB, capacity = 1,006.85 GB
2025-10-14 22:13:03,836 INFO [Checkpoint FlowFile Repository] o.a.n.c.r.WriteAheadFlowFileRepository Initiating checkpoint of FlowFile Repository
2025-10-14 22:13:03,838 INFO [Checkpoint FlowFile Repository] o.a.n.c.r.WriteAheadFlowFileRepository Successfully checkpointed FlowFile Repository with 0 records in 0 milliseconds
2025-10-14 22:13:23,836 INFO [Checkpoint FlowFile Repository] o.a.n.c.r.WriteAheadFlowFileRepository Initiating checkpoint of FlowFile Repository
2025-10-14 22:13:23,837 INFO [Checkpoint FlowFile Repository] o.a.n.c.r.WriteAheadFlowFileRepository Successfully checkpointed FlowFile Repository with 0 records in 0 milliseconds
2025-10-14 22:13:43,838 INFO [Checkpoint FlowFile Repository] o.a.n.c.r.WriteAheadFlowFileRepository Initiating checkpoint of FlowFile Repository
2025-10-14 22:13:43,840 INFO [Checkpoint FlowFile Repository] o.a.n.c.r.WriteAheadFlowFileRepository Successfully checkpointed FlowFile Repository with 0 records in 0 milliseconds
2025-10-14 22:13:46,280 INFO [Cleanup Archive for default] o.a.n.c.repository.FileSystemRepository Successfully deleted 0 files (0 bytes) from archive
2025-10-14 22:13:46,281 INFO [Cleanup Archive for default] o.a.n.c.repository.FileSystemRepository Archive cleanup completed for container default; will now allow writing to this container. Bytes used = 60.4 GB, bytes free = 946.45 GB, capacity = 1,006.85 GB
2025-10-14 22:14:03,839 INFO [Checkpoint FlowFile Repository] o.a.n.c.r.WriteAheadFlowFileRepository Initiating checkpoint of FlowFile Repository
2025-10-14 22:14:03,842 INFO [Checkpoint FlowFile Repository] o.a.n.c.r.WriteAheadFlowFileRepository Successfully checkpointed FlowFile Repository with 0 records in 0 milliseconds
2025-10-14 22:14:23,841 INFO [Checkpoint FlowFile Repository] o.a.n.c.r.WriteAheadFlowFileRepository Initiating checkpoint of FlowFile Repository
2025-10-14 22:14:23,842 INFO [Checkpoint FlowFile Repository] o.a.n.c.r.WriteAheadFlowFileRepository Successfully checkpointed FlowFile Repository with 0 records in 0 milliseconds
2025-10-14 22:14:43,843 INFO [Checkpoint FlowFile Repository] o.a.n.c.r.WriteAheadFlowFileRepository Initiating checkpoint of FlowFile Repository
2025-10-14 22:14:43,894 INFO [Checkpoint FlowFile Repository] o.a.n.c.r.WriteAheadFlowFileRepository Successfully checkpointed FlowFile Repository with 0 records in 0 milliseconds
2025-10-14 22:14:46,317 INFO [Cleanup Archive for default] o.a.n.c.repository.FileSystemRepository Successfully deleted 0 files (0 bytes) from archive
2025-10-14 22:14:46,318 INFO [Cleanup Archive for default] o.a.n.c.repository.FileSystemRepository Archive cleanup completed for container default; will now allow writing to this container. Bytes used = 60.4 GB, bytes free = 946.45 GB, capacity = 1,006.85 GB
2025-10-14 22:15:03,894 INFO [Checkpoint FlowFile Repository] o.a.n.c.r.WriteAheadFlowFileRepository Initiating checkpoint of FlowFile Repository
2025-10-14 22:15:03,895 INFO [Checkpoint FlowFile Repository] o.a.n.c.r.WriteAheadFlowFileRepository Successfully checkpointed FlowFile Repository with 0 records in 0 milliseconds
2025-10-14 22:15:23,895 INFO [Checkpoint FlowFile Repository] o.a.n.c.r.WriteAheadFlowFileRepository Initiating checkpoint of FlowFile Repository
2025-10-14 22:15:23,896 INFO [Checkpoint FlowFile Repository] o.a.n.c.r.WriteAheadFlowFileRepository Successfully checkpointed FlowFile Repository with 0 records in 0 milliseconds
2025-10-14 22:15:43,897 INFO [Checkpoint FlowFile Repository] o.a.n.c.r.WriteAheadFlowFileRepository Initiating checkpoint of FlowFile Repository
2025-10-14 22:15:43,897 INFO [Checkpoint FlowFile Repository] o.a.n.c.r.WriteAheadFlowFileRepository Successfully checkpointed FlowFile Repository with 0 records in 0 milliseconds
2025-10-14 22:15:46,348 INFO [Cleanup Archive for default] o.a.n.c.repository.FileSystemRepository Successfully deleted 0 files (0 bytes) from archive
2025-10-14 22:15:46,349 INFO [Cleanup Archive for default] o.a.n.c.repository.FileSystemRepository Archive cleanup completed for container default; will now allow writing to this container. Bytes used = 60.4 GB, bytes free = 946.45 GB, capacity = 1,006.85 GB
2025-10-14 22:16:03,897 INFO [Checkpoint FlowFile Repository] o.a.n.c.r.WriteAheadFlowFileRepository Initiating checkpoint of FlowFile Repository
2025-10-14 22:16:03,898 INFO [Checkpoint FlowFile Repository] o.a.n.c.r.WriteAheadFlowFileRepository Successfully checkpointed FlowFile Repository with 0 records in 0 milliseconds
2025-10-14 22:16:23,897 INFO [Checkpoint FlowFile Repository] o.a.n.c.r.WriteAheadFlowFileRepository Initiating checkpoint of FlowFile Repository
2025-10-14 22:16:23,898 INFO [Checkpoint FlowFile Repository] o.a.n.c.r.WriteAheadFlowFileRepository Successfully checkpointed FlowFile Repository with 0 records in 0 milliseconds
2025-10-14 22:16:43,900 INFO [Checkpoint FlowFile Repository] o.a.n.c.r.WriteAheadFlowFileRepository Initiating checkpoint of FlowFile Repository
2025-10-14 22:16:43,901 INFO [Checkpoint FlowFile Repository] o.a.n.c.r.WriteAheadFlowFileRepository Successfully checkpointed FlowFile Repository with 0 records in 0 milliseconds
2025-10-14 22:16:46,405 INFO [Cleanup Archive for default] o.a.n.c.repository.FileSystemRepository Successfully deleted 0 files (0 bytes) from archive
2025-10-14 22:16:46,406 INFO [Cleanup Archive for default] o.a.n.c.repository.FileSystemRepository Archive cleanup completed for container default; will now allow writing to this container. Bytes used = 60.4 GB, bytes free = 946.45 GB, capacity = 1,006.85 GB
2025-10-14 22:17:03,900 INFO [Checkpoint FlowFile Repository] o.a.n.c.r.WriteAheadFlowFileRepository Initiating checkpoint of FlowFile Repository
2025-10-14 22:17:03,901 INFO [Checkpoint FlowFile Repository] o.a.n.c.r.WriteAheadFlowFileRepository Successfully checkpointed FlowFile Repository with 0 records in 0 milliseconds
2025-10-14 22:17:23,899 INFO [Checkpoint FlowFile Repository] o.a.n.c.r.WriteAheadFlowFileRepository Initiating checkpoint of FlowFile Repository
2025-10-14 22:17:23,902 INFO [Checkpoint FlowFile Repository] o.a.n.c.r.WriteAheadFlowFileRepository Successfully checkpointed FlowFile Repository with 0 records in 0 milliseconds
2025-10-14 22:17:43,904 INFO [Checkpoint FlowFile Repository] o.a.n.c.r.WriteAheadFlowFileRepository Initiating checkpoint of FlowFile Repository
2025-10-14 22:17:43,905 INFO [Checkpoint FlowFile Repository] o.a.n.c.r.WriteAheadFlowFileRepository Successfully checkpointed FlowFile Repository with 0 records in 0 milliseconds
2025-10-14 22:17:46,436 INFO [Cleanup Archive for default] o.a.n.c.repository.FileSystemRepository Successfully deleted 0 files (0 bytes) from archive
2025-10-14 22:17:46,437 INFO [Cleanup Archive for default] o.a.n.c.repository.FileSystemRepository Archive cleanup completed for container default; will now allow writing to this container. Bytes used = 60.4 GB, bytes free = 946.45 GB, capacity = 1,006.85 GB
2025-10-14 22:18:03,904 INFO [Checkpoint FlowFile Repository] o.a.n.c.r.WriteAheadFlowFileRepository Initiating checkpoint of FlowFile Repository
2025-10-14 22:18:03,905 INFO [Checkpoint FlowFile Repository] o.a.n.c.r.WriteAheadFlowFileRepository Successfully checkpointed FlowFile Repository with 0 records in 0 milliseconds
2025-10-14 22:18:23,904 INFO [Checkpoint FlowFile Repository] o.a.n.c.r.WriteAheadFlowFileRepository Initiating checkpoint of FlowFile Repository
2025-10-14 22:18:23,905 INFO [Checkpoint FlowFile Repository] o.a.n.c.r.WriteAheadFlowFileRepository Successfully checkpointed FlowFile Repository with 0 records in 0 milliseconds
2025-10-14 22:18:43,906 INFO [Checkpoint FlowFile Repository] o.a.n.c.r.WriteAheadFlowFileRepository Initiating checkpoint of FlowFile Repository
2025-10-14 22:18:43,908 INFO [Checkpoint FlowFile Repository] o.a.n.c.r.WriteAheadFlowFileRepository Successfully checkpointed FlowFile Repository with 0 records in 0 milliseconds
2025-10-14 22:18:46,469 INFO [Cleanup Archive for default] o.a.n.c.repository.FileSystemRepository Successfully deleted 0 files (0 bytes) from archive
2025-10-14 22:18:46,470 INFO [Cleanup Archive for default] o.a.n.c.repository.FileSystemRepository Archive cleanup completed for container default; will now allow writing to this container. Bytes used = 60.4 GB, bytes free = 946.45 GB, capacity = 1,006.85 GB
2025-10-14 22:19:03,906 INFO [Checkpoint FlowFile Repository] o.a.n.c.r.WriteAheadFlowFileRepository Initiating checkpoint of FlowFile Repository
2025-10-14 22:19:03,907 INFO [Checkpoint FlowFile Repository] o.a.n.c.r.WriteAheadFlowFileRepository Successfully checkpointed FlowFile Repository with 0 records in 0 milliseconds
2025-10-14 22:19:23,906 INFO [Checkpoint FlowFile Repository] o.a.n.c.r.WriteAheadFlowFileRepository Initiating checkpoint of FlowFile Repository
2025-10-14 22:19:23,908 INFO [Checkpoint FlowFile Repository] o.a.n.c.r.WriteAheadFlowFileRepository Successfully checkpointed FlowFile Repository with 0 records in 0 milliseconds
2025-10-14 22:19:43,909 INFO [Checkpoint FlowFile Repository] o.a.n.c.r.WriteAheadFlowFileRepository Initiating checkpoint of FlowFile Repository
2025-10-14 22:19:43,910 INFO [Checkpoint FlowFile Repository] o.a.n.c.r.WriteAheadFlowFileRepository Successfully checkpointed FlowFile Repository with 0 records in 0 milliseconds
2025-10-14 22:19:46,505 INFO [Cleanup Archive for default] o.a.n.c.repository.FileSystemRepository Successfully deleted 0 files (0 bytes) from archive
2025-10-14 22:19:46,506 INFO [Cleanup Archive for default] o.a.n.c.repository.FileSystemRepository Archive cleanup completed for container default; will now allow writing to this container. Bytes used = 60.4 GB, bytes free = 946.45 GB, capacity = 1,006.85 GB
2025-10-14 22:20:03,909 INFO [Checkpoint FlowFile Repository] o.a.n.c.r.WriteAheadFlowFileRepository Initiating checkpoint of FlowFile Repository
2025-10-14 22:20:03,910 INFO [Checkpoint FlowFile Repository] o.a.n.c.r.WriteAheadFlowFileRepository Successfully checkpointed FlowFile Repository with 0 records in 0 milliseconds
2025-10-14 22:20:23,908 INFO [Checkpoint FlowFile Repository] o.a.n.c.r.WriteAheadFlowFileRepository Initiating checkpoint of FlowFile Repository
2025-10-14 22:20:23,909 INFO [Checkpoint FlowFile Repository] o.a.n.c.r.WriteAheadFlowFileRepository Successfully checkpointed FlowFile Repository with 0 records in 0 milliseconds
2025-10-14 22:20:43,910 INFO [Checkpoint FlowFile Repository] o.a.n.c.r.WriteAheadFlowFileRepository Initiating checkpoint of FlowFile Repository
2025-10-14 22:20:43,911 INFO [Checkpoint FlowFile Repository] o.a.n.c.r.WriteAheadFlowFileRepository Successfully checkpointed FlowFile Repository with 0 records in 0 milliseconds
2025-10-14 22:20:46,535 INFO [Cleanup Archive for default] o.a.n.c.repository.FileSystemRepository Successfully deleted 0 files (0 bytes) from archive
2025-10-14 22:20:46,536 INFO [Cleanup Archive for default] o.a.n.c.repository.FileSystemRepository Archive cleanup completed for container default; will now allow writing to this container. Bytes used = 60.4 GB, bytes free = 946.45 GB, capacity = 1,006.85 GB
2025-10-14 22:21:03,909 INFO [Checkpoint FlowFile Repository] o.a.n.c.r.WriteAheadFlowFileRepository Initiating checkpoint of FlowFile Repository
2025-10-14 22:21:03,910 INFO [Checkpoint FlowFile Repository] o.a.n.c.r.WriteAheadFlowFileRepository Successfully checkpointed FlowFile Repository with 0 records in 0 milliseconds
2025-10-14 22:21:23,910 INFO [Checkpoint FlowFile Repository] o.a.n.c.r.WriteAheadFlowFileRepository Initiating checkpoint of FlowFile Repository
2025-10-14 22:21:23,915 INFO [Checkpoint FlowFile Repository] o.a.n.c.r.WriteAheadFlowFileRepository Successfully checkpointed FlowFile Repository with 0 records in 0 milliseconds
2025-10-14 22:21:43,916 INFO [Checkpoint FlowFile Repository] o.a.n.c.r.WriteAheadFlowFileRepository Initiating checkpoint of FlowFile Repository
2025-10-14 22:21:43,917 INFO [Checkpoint FlowFile Repository] o.a.n.c.r.WriteAheadFlowFileRepository Successfully checkpointed FlowFile Repository with 0 records in 0 milliseconds
2025-10-14 22:21:46,978 INFO [Cleanup Archive for default] o.a.n.c.repository.FileSystemRepository Successfully deleted 0 files (0 bytes) from archive
2025-10-14 22:21:46,980 INFO [Cleanup Archive for default] o.a.n.c.repository.FileSystemRepository Archive cleanup completed for container default; will now allow writing to this container. Bytes used = 60.4 GB, bytes free = 946.45 GB, capacity = 1,006.85 GB
2025-10-14 22:22:03,915 INFO [Checkpoint FlowFile Repository] o.a.n.c.r.WriteAheadFlowFileRepository Initiating checkpoint of FlowFile Repository
2025-10-14 22:22:03,916 INFO [Checkpoint FlowFile Repository] o.a.n.c.r.WriteAheadFlowFileRepository Successfully checkpointed FlowFile Repository with 0 records in 0 milliseconds
2025-10-14 22:22:23,915 INFO [Checkpoint FlowFile Repository] o.a.n.c.r.WriteAheadFlowFileRepository Initiating checkpoint of FlowFile Repository
2025-10-14 22:22:23,916 INFO [Checkpoint FlowFile Repository] o.a.n.c.r.WriteAheadFlowFileRepository Successfully checkpointed FlowFile Repository with 0 records in 0 milliseconds
2025-10-14 22:22:43,916 INFO [Checkpoint FlowFile Repository] o.a.n.c.r.WriteAheadFlowFileRepository Initiating checkpoint of FlowFile Repository
2025-10-14 22:22:43,917 INFO [Checkpoint FlowFile Repository] o.a.n.c.r.WriteAheadFlowFileRepository Successfully checkpointed FlowFile Repository with 0 records in 0 milliseconds
2025-10-14 22:22:47,076 INFO [Cleanup Archive for default] o.a.n.c.repository.FileSystemRepository Successfully deleted 0 files (0 bytes) from archive
2025-10-14 22:22:47,080 INFO [Cleanup Archive for default] o.a.n.c.repository.FileSystemRepository Archive cleanup completed for container default; will now allow writing to this container. Bytes used = 60.4 GB, bytes free = 946.45 GB, capacity = 1,006.85 GB
2025-10-14 22:23:03,916 INFO [Checkpoint FlowFile Repository] o.a.n.c.r.WriteAheadFlowFileRepository Initiating checkpoint of FlowFile Repository
2025-10-14 22:23:03,917 INFO [Checkpoint FlowFile Repository] o.a.n.c.r.WriteAheadFlowFileRepository Successfully checkpointed FlowFile Repository with 0 records in 0 milliseconds
2025-10-14 22:23:23,915 INFO [Checkpoint FlowFile Repository] o.a.n.c.r.WriteAheadFlowFileRepository Initiating checkpoint of FlowFile Repository
2025-10-14 22:23:23,916 INFO [Checkpoint FlowFile Repository] o.a.n.c.r.WriteAheadFlowFileRepository Successfully checkpointed FlowFile Repository with 0 records in 0 milliseconds
2025-10-14 22:23:43,917 INFO [Checkpoint FlowFile Repository] o.a.n.c.r.WriteAheadFlowFileRepository Initiating checkpoint of FlowFile Repository
2025-10-14 22:23:43,918 INFO [Checkpoint FlowFile Repository] o.a.n.c.r.WriteAheadFlowFileRepository Successfully checkpointed FlowFile Repository with 0 records in 0 milliseconds
2025-10-14 22:23:47,098 INFO [Cleanup Archive for default] o.a.n.c.repository.FileSystemRepository Successfully deleted 0 files (0 bytes) from archive
2025-10-14 22:23:47,099 INFO [Cleanup Archive for default] o.a.n.c.repository.FileSystemRepository Archive cleanup completed for container default; will now allow writing to this container. Bytes used = 60.4 GB, bytes free = 946.45 GB, capacity = 1,006.85 GB
2025-10-14 22:24:03,918 INFO [Checkpoint FlowFile Repository] o.a.n.c.r.WriteAheadFlowFileRepository Initiating checkpoint of FlowFile Repository
2025-10-14 22:24:03,922 INFO [Checkpoint FlowFile Repository] o.a.n.c.r.WriteAheadFlowFileRepository Successfully checkpointed FlowFile Repository with 0 records in 0 milliseconds
2025-10-14 22:24:23,921 INFO [Checkpoint FlowFile Repository] o.a.n.c.r.WriteAheadFlowFileRepository Initiating checkpoint of FlowFile Repository
2025-10-14 22:24:23,922 INFO [Checkpoint FlowFile Repository] o.a.n.c.r.WriteAheadFlowFileRepository Successfully checkpointed FlowFile Repository with 0 records in 0 milliseconds
2025-10-14 22:24:43,923 INFO [Checkpoint FlowFile Repository] o.a.n.c.r.WriteAheadFlowFileRepository Initiating checkpoint of FlowFile Repository
2025-10-14 22:24:43,924 INFO [Checkpoint FlowFile Repository] o.a.n.c.r.WriteAheadFlowFileRepository Successfully checkpointed FlowFile Repository with 0 records in 0 milliseconds
2025-10-14 22:24:47,388 INFO [Cleanup Archive for default] o.a.n.c.repository.FileSystemRepository Successfully deleted 0 files (0 bytes) from archive
2025-10-14 22:24:47,390 INFO [Cleanup Archive for default] o.a.n.c.repository.FileSystemRepository Archive cleanup completed for container default; will now allow writing to this container. Bytes used = 60.4 GB, bytes free = 946.45 GB, capacity = 1,006.85 GB
2025-10-14 22:25:03,923 INFO [Checkpoint FlowFile Repository] o.a.n.c.r.WriteAheadFlowFileRepository Initiating checkpoint of FlowFile Repository
2025-10-14 22:25:03,924 INFO [Checkpoint FlowFile Repository] o.a.n.c.r.WriteAheadFlowFileRepository Successfully checkpointed FlowFile Repository with 0 records in 0 milliseconds
2025-10-14 22:25:23,923 INFO [Checkpoint FlowFile Repository] o.a.n.c.r.WriteAheadFlowFileRepository Initiating checkpoint of FlowFile Repository
2025-10-14 22:25:23,924 INFO [Checkpoint FlowFile Repository] o.a.n.c.r.WriteAheadFlowFileRepository Successfully checkpointed FlowFile Repository with 0 records in 0 milliseconds
2025-10-14 22:25:43,925 INFO [Checkpoint FlowFile Repository] o.a.n.c.r.WriteAheadFlowFileRepository Initiating checkpoint of FlowFile Repository
2025-10-14 22:25:43,925 INFO [Checkpoint FlowFile Repository] o.a.n.c.r.WriteAheadFlowFileRepository Successfully checkpointed FlowFile Repository with 0 records in 0 milliseconds
2025-10-14 22:25:47,422 INFO [Cleanup Archive for default] o.a.n.c.repository.FileSystemRepository Successfully deleted 0 files (0 bytes) from archive
2025-10-14 22:25:47,423 INFO [Cleanup Archive for default] o.a.n.c.repository.FileSystemRepository Archive cleanup completed for container default; will now allow writing to this container. Bytes used = 60.4 GB, bytes free = 946.45 GB, capacity = 1,006.85 GB
2025-10-14 22:26:03,924 INFO [Checkpoint FlowFile Repository] o.a.n.c.r.WriteAheadFlowFileRepository Initiating checkpoint of FlowFile Repository
2025-10-14 22:26:03,925 INFO [Checkpoint FlowFile Repository] o.a.n.c.r.WriteAheadFlowFileRepository Successfully checkpointed FlowFile Repository with 0 records in 0 milliseconds
2025-10-14 22:26:23,924 INFO [Checkpoint FlowFile Repository] o.a.n.c.r.WriteAheadFlowFileRepository Initiating checkpoint of FlowFile Repository
2025-10-14 22:26:23,924 INFO [Checkpoint FlowFile Repository] o.a.n.c.r.WriteAheadFlowFileRepository Successfully checkpointed FlowFile Repository with 0 records in 0 milliseconds
2025-10-14 22:26:43,925 INFO [Checkpoint FlowFile Repository] o.a.n.c.r.WriteAheadFlowFileRepository Initiating checkpoint of FlowFile Repository
2025-10-14 22:26:43,926 INFO [Checkpoint FlowFile Repository] o.a.n.c.r.WriteAheadFlowFileRepository Successfully checkpointed FlowFile Repository with 0 records in 0 milliseconds
2025-10-14 22:26:47,549 INFO [Cleanup Archive for default] o.a.n.c.repository.FileSystemRepository Successfully deleted 0 files (0 bytes) from archive
2025-10-14 22:26:47,551 INFO [Cleanup Archive for default] o.a.n.c.repository.FileSystemRepository Archive cleanup completed for container default; will now allow writing to this container. Bytes used = 60.4 GB, bytes free = 946.45 GB, capacity = 1,006.85 GB
2025-10-14 22:27:03,925 INFO [Checkpoint FlowFile Repository] o.a.n.c.r.WriteAheadFlowFileRepository Initiating checkpoint of FlowFile Repository
2025-10-14 22:27:03,926 INFO [Checkpoint FlowFile Repository] o.a.n.c.r.WriteAheadFlowFileRepository Successfully checkpointed FlowFile Repository with 0 records in 0 milliseconds
2025-10-14 22:27:23,925 INFO [Checkpoint FlowFile Repository] o.a.n.c.r.WriteAheadFlowFileRepository Initiating checkpoint of FlowFile Repository
2025-10-14 22:27:23,926 INFO [Checkpoint FlowFile Repository] o.a.n.c.r.WriteAheadFlowFileRepository Successfully checkpointed FlowFile Repository with 0 records in 0 milliseconds
2025-10-14 22:27:43,927 INFO [Checkpoint FlowFile Repository] o.a.n.c.r.WriteAheadFlowFileRepository Initiating checkpoint of FlowFile Repository
2025-10-14 22:27:43,928 INFO [Checkpoint FlowFile Repository] o.a.n.c.r.WriteAheadFlowFileRepository Successfully checkpointed FlowFile Repository with 0 records in 0 milliseconds
2025-10-14 22:27:47,682 INFO [Cleanup Archive for default] o.a.n.c.repository.FileSystemRepository Successfully deleted 0 files (0 bytes) from archive
2025-10-14 22:27:47,684 INFO [Cleanup Archive for default] o.a.n.c.repository.FileSystemRepository Archive cleanup completed for container default; will now allow writing to this container. Bytes used = 60.4 GB, bytes free = 946.45 GB, capacity = 1,006.85 GB
2025-10-14 22:28:03,927 INFO [Checkpoint FlowFile Repository] o.a.n.c.r.WriteAheadFlowFileRepository Initiating checkpoint of FlowFile Repository
2025-10-14 22:28:03,928 INFO [Checkpoint FlowFile Repository] o.a.n.c.r.WriteAheadFlowFileRepository Successfully checkpointed FlowFile Repository with 0 records in 0 milliseconds
2025-10-14 22:28:23,927 INFO [Checkpoint FlowFile Repository] o.a.n.c.r.WriteAheadFlowFileRepository Initiating checkpoint of FlowFile Repository
2025-10-14 22:28:23,928 INFO [Checkpoint FlowFile Repository] o.a.n.c.r.WriteAheadFlowFileRepository Successfully checkpointed FlowFile Repository with 0 records in 0 milliseconds
2025-10-14 22:28:43,929 INFO [Checkpoint FlowFile Repository] o.a.n.c.r.WriteAheadFlowFileRepository Initiating checkpoint of FlowFile Repository
2025-10-14 22:28:43,930 INFO [Checkpoint FlowFile Repository] o.a.n.c.r.WriteAheadFlowFileRepository Successfully checkpointed FlowFile Repository with 0 records in 0 milliseconds
2025-10-14 22:28:47,717 INFO [Cleanup Archive for default] o.a.n.c.repository.FileSystemRepository Successfully deleted 0 files (0 bytes) from archive
2025-10-14 22:28:47,718 INFO [Cleanup Archive for default] o.a.n.c.repository.FileSystemRepository Archive cleanup completed for container default; will now allow writing to this container. Bytes used = 60.4 GB, bytes free = 946.45 GB, capacity = 1,006.85 GB
2025-10-14 22:29:03,930 INFO [Checkpoint FlowFile Repository] o.a.n.c.r.WriteAheadFlowFileRepository Initiating checkpoint of FlowFile Repository
2025-10-14 22:29:03,931 INFO [Checkpoint FlowFile Repository] o.a.n.c.r.WriteAheadFlowFileRepository Successfully checkpointed FlowFile Repository with 0 records in 0 milliseconds
2025-10-14 22:29:23,929 INFO [Checkpoint FlowFile Repository] o.a.n.c.r.WriteAheadFlowFileRepository Initiating checkpoint of FlowFile Repository
2025-10-14 22:29:23,932 INFO [Checkpoint FlowFile Repository] o.a.n.c.r.WriteAheadFlowFileRepository Successfully checkpointed FlowFile Repository with 0 records in 0 milliseconds
