2025-10-12 22:00:01,112 INFO [main] o.a.nifi.properties.NiFiPropertiesLoader Loading Application Properties [/opt/nifi/nifi-current/conf/nifi.properties]
2025-10-12 22:00:01,533 INFO [main] o.a.n.wali.SequentialAccessWriteAheadLog Recovering records from Write-Ahead Log at ./state/local
2025-10-12 22:00:01,536 INFO [main] org.apache.nifi.wali.HashMapSnapshot org.apache.nifi.wali.HashMapSnapshot@7a14ab66 restored 2 Records and 0 Swap Files from Snapshot, ending with Transaction ID 4
2025-10-12 22:00:01,542 INFO [main] o.a.n.wali.SequentialAccessWriteAheadLog Successfully recovered 2 records and 0 swap files from Snapshot at ./state/local/checkpoint with Max Transaction ID of 4 in 7 milliseconds. Now recovering records from 1 journal files
2025-10-12 22:00:01,551 INFO [main] o.a.nifi.wali.LengthDelimitedJournal Recovering records from journal ./state/local/journals/5.journal
2025-10-12 22:00:01,554 INFO [main] o.a.nifi.wali.LengthDelimitedJournal Successfully recovered 0 updates from journal ./state/local/journals/5.journal
2025-10-12 22:00:01,556 INFO [main] o.a.n.wali.SequentialAccessWriteAheadLog Successfully recovered 2 records in 22 milliseconds. Now checkpointing to ensure that Write-Ahead Log is in a consistent state
2025-10-12 22:00:01,564 INFO [main] o.a.n.wali.SequentialAccessWriteAheadLog Checkpointed Write-Ahead Log with 2 Records and 0 Swap Files in 5 milliseconds (Stop-the-world time = 1 milliseconds), max Transaction ID 4
2025-10-12 22:00:02,341 INFO [main] jetbrains.exodus.env.EnvironmentImpl Exodus environment created: ./database_repository
2025-10-12 22:00:02,355 INFO [main] jetbrains.exodus.gc.GarbageCollector Queueing ComputeUtilizationFromScratchJob
2025-10-12 22:00:02,553 INFO [main] o.a.n.a.service.EntityStoreAuditService Environment configured with directory [./database_repository]
2025-10-12 22:00:04,482 INFO [main] o.a.n.c.r.WriteAheadFlowFileRepository Initialized FlowFile Repository
2025-10-12 22:00:04,490 INFO [main] o.apache.nifi.controller.FlowController Creating Provenance Repository [org.apache.nifi.provenance.WriteAheadProvenanceRepository]
2025-10-12 22:00:04,570 INFO [main] o.a.n.p.store.WriteAheadStorePartition After recovering ./provenance_repository, next Event ID to be generated will be 0
2025-10-12 22:00:04,575 INFO [main] o.a.n.p.index.lucene.LuceneEventIndex Will avoid re-indexing Provenance Events because the newest index is defunct, so it will be re-indexed in the background
2025-10-12 22:00:04,584 INFO [main] o.apache.nifi.controller.FlowController Creating Content Repository [org.apache.nifi.controller.repository.FileSystemRepository]
2025-10-12 22:00:04,594 INFO [main] o.a.n.c.repository.FileSystemRepository Maximum Threshold for Container default set to 129732141219 bytes; if volume exceeds this size, archived data will be deleted until it no longer exceeds this size
2025-10-12 22:00:04,601 INFO [main] o.a.n.c.repository.FileSystemRepository Initializing FileSystemRepository with 'Always Sync' set to false
2025-10-12 22:00:04,731 INFO [main] org.apache.nifi.py4j.PythonProcess Launching Python Process python3 /opt/nifi/nifi-current/./python/framework/Controller.py with working directory ./work/python/controller to communicate with Java on Port 41377
2025-10-12 22:00:04,948 INFO [python-log-168] org.apache.nifi.py4j.Controller Listening for requests from Java side using Python Port 41137, communicating with Java on port 41377
2025-10-12 22:00:05,081 INFO [main] org.apache.nifi.py4j.PythonProcess Successfully started and pinged Python Server. Python Process = Process[pid=168, exitValue="not exited"]
2025-10-12 22:00:05,921 INFO [main] o.a.n.n.NarPersistenceProviderFactoryBean Creating NAR Persistence Provider [org.apache.nifi.nar.StandardNarPersistenceProvider]
2025-10-12 22:00:05,927 INFO [main] o.a.n.nar.StandardNarPersistenceProvider Loaded persistence info for 0 NARs
2025-10-12 22:00:05,930 INFO [main] o.a.n.nar.StandardNarPersistenceProvider Initialization completed with storage location [/opt/nifi/nifi-current/./nar_repository]
2025-10-12 22:00:05,955 INFO [main] org.apache.nifi.nar.StandardNarManager Loading stored NAR files [0]
2025-10-12 22:00:09,740 INFO [main] o.s.s.c.a.a.c.InitializeAuthenticationProviderBeanManagerConfigurer$InitializeAuthenticationProviderManagerConfigurer Found 5 AuthenticationProvider beans, with names [anonymousAuthenticationProvider, jwtAuthenticationProvider, oidcAuthorizationCodeAuthenticationProvider, openSamlAuthenticationProvider, x509AuthenticationProvider]. Global Authentication Manager will not be configured with AuthenticationProviders. Consider publishing a single AuthenticationProvider bean, or wiring your Providers directly using the DSL.
2025-10-12 22:00:10,142 INFO [main] o.a.n.w.c.ApplicationStartupContextListener Starting Flow Controller...
2025-10-12 22:00:10,194 INFO [main] o.a.n.c.s.VersionedFlowSynchronizer Synchronizing FlowController with proposed flow: Controller Already Synchronized = false
2025-10-12 22:00:10,224 INFO [main] o.apache.nifi.controller.FlowController [Timer Driven] Maximum Thread Count updated [10] previous [10]
2025-10-12 22:00:10,269 INFO [main] o.a.n.f.s.StandardVersionedComponentSynchronizer No differences between current flow and proposed flow for StandardProcessGroup[identifier=d787b61b-0199-1000-8f97-148640b51522,name=NiFi Flow]
2025-10-12 22:00:10,288 INFO [main] o.a.n.c.s.VersionedFlowSynchronizer Successfully synchronized dataflow with the proposed flow in 132 millis
2025-10-12 22:00:10,290 INFO [main] o.apache.nifi.controller.FlowController Successfully synchronized controller with proposed flow. Flow contains the following number of components: {Processors=0, Controller Services=0, Reporting Tasks=0, Flow Analysis Rules=0, Process Groups=0, Remote Process Groups=0, Parameter Providers=0, Flow Registry Clients=0, Local Input Ports=0, Local Output Ports=0, Public Input Ports=0, Public Output Ports=0}
2025-10-12 22:00:10,323 INFO [main] o.a.n.wali.SequentialAccessWriteAheadLog Recovering records from Write-Ahead Log at ./flowfile_repository
2025-10-12 22:00:10,334 INFO [main] org.apache.nifi.wali.HashMapSnapshot org.apache.nifi.wali.HashMapSnapshot@6fd14e7c restored 0 Records and 0 Swap Files from Snapshot, ending with Transaction ID -1
2025-10-12 22:00:10,335 INFO [main] o.a.n.wali.SequentialAccessWriteAheadLog Successfully recovered 0 records and 0 swap files from Snapshot at ./flowfile_repository/checkpoint with Max Transaction ID of -1 in 9 milliseconds. Now recovering records from 1 journal files
2025-10-12 22:00:10,336 INFO [main] o.a.nifi.wali.LengthDelimitedJournal Recovering records from journal ./flowfile_repository/journals/0.journal
2025-10-12 22:00:10,341 INFO [main] o.a.nifi.wali.LengthDelimitedJournal Successfully recovered 0 updates from journal ./flowfile_repository/journals/0.journal
2025-10-12 22:00:10,342 INFO [main] o.a.n.wali.SequentialAccessWriteAheadLog Successfully recovered 0 records in 16 milliseconds. Now checkpointing to ensure that Write-Ahead Log is in a consistent state
2025-10-12 22:00:10,349 INFO [main] o.a.n.wali.SequentialAccessWriteAheadLog Checkpointed Write-Ahead Log with 0 Records and 0 Swap Files in 5 milliseconds (Stop-the-world time = 1 milliseconds), max Transaction ID -1
2025-10-12 22:00:10,351 INFO [main] o.a.n.c.r.WriteAheadFlowFileRepository Successfully restored 0 FlowFiles and 0 Swap Files
2025-10-12 22:00:10,382 INFO [main] o.apache.nifi.controller.FlowController Scheduled Flow Registry synchronization every 30 min
2025-10-12 22:00:10,393 INFO [main] o.apache.nifi.controller.FlowController Performed initial validation of all components in 6 milliseconds
2025-10-12 22:00:10,395 INFO [main] o.apache.nifi.controller.FlowController Starting 0 Stateless Process Groups
2025-10-12 22:00:10,397 INFO [main] o.apache.nifi.controller.FlowController Starting 0 processors/ports/funnels
2025-10-12 22:00:10,399 INFO [main] o.apache.nifi.controller.FlowController Started 0 Remote Group Ports transmitting
2025-10-12 22:00:10,401 INFO [main] o.a.n.w.c.ApplicationStartupContextListener Flow Controller started successfully.
2025-10-12 22:00:11,819 INFO [main] o.e.j.ee10.servlet.ServletContextHandler Started oeje10w.WebAppContext@3f3c8b60{nifi-api,/nifi-api,b=file:///opt/nifi/nifi-current/work/jetty/nifi-web-api-2.6.0.war/webapp/,a=AVAILABLE,h=oeje10s.SessionHandler@3a16984c{STARTED}}{./work/nar/extensions/nifi-server-nar-2.6.0.nar-unpacked/NAR-INF/bundled-dependencies/nifi-web-api-2.6.0.war}
2025-10-12 22:00:11,827 INFO [Exodus shared background cleaner] jetbrains.exodus.gc.GarbageCollector Started calculation of log utilization from scratch at ./database_repository
2025-10-12 22:00:11,842 INFO [Exodus shared background cleaner] jetbrains.exodus.gc.GarbageCollector Finished calculation of log utilization from scratch at ./database_repository
2025-10-12 22:00:12,132 INFO [main] o.e.j.s.handler.ContextHandler._nifi No Spring WebApplicationInitializer types detected on classpath
2025-10-12 22:00:12,190 INFO [main] o.e.jetty.server.handler.ContextHandler Started oeje10w.WebAppContext@4270a134{/nifi,/nifi,b=file:///opt/nifi/nifi-current/work/jetty/nifi-ui-2.6.0.war/webapp/,a=AVAILABLE,h=oeje10s.SessionHandler@26c79134{STARTED}}{./work/nar/extensions/nifi-server-nar-2.6.0.nar-unpacked/NAR-INF/bundled-dependencies/nifi-ui-2.6.0.war}
2025-10-12 22:00:12,195 INFO [main] o.e.j.ee10.servlet.ServletContextHandler Started oeje10w.WebAppContext@4270a134{/nifi,/nifi,b=file:///opt/nifi/nifi-current/work/jetty/nifi-ui-2.6.0.war/webapp/,a=AVAILABLE,h=oeje10s.SessionHandler@26c79134{STARTED}}{./work/nar/extensions/nifi-server-nar-2.6.0.nar-unpacked/NAR-INF/bundled-dependencies/nifi-ui-2.6.0.war}
2025-10-12 22:00:12,212 INFO [main] o.eclipse.jetty.server.AbstractConnector Started ServerConnector@532a48d4{SSL, (ssl, alpn, h2, http/1.1)}{d8491c85f0ce:8443}
2025-10-12 22:00:12,216 INFO [main] org.eclipse.jetty.server.Server Started oejs.Server@16a5c7e4{STARTING}[12.0.27,sto=0] @26917ms
2025-10-12 22:00:12,218 INFO [main] org.apache.nifi.web.server.JettyServer Started Server on https://d8491c85f0ce:8443/nifi
2025-10-12 22:00:12,237 INFO [main] o.a.n.runtime.StandardManagementServer Started Management Server on http://127.0.0.1:52020
2025-10-12 22:00:12,243 INFO [main] org.apache.nifi.runtime.Application Started Application in 26.007 seconds (26007243257 ns)
2025-10-12 22:00:30,351 INFO [Checkpoint FlowFile Repository] o.a.n.c.r.WriteAheadFlowFileRepository Initiating checkpoint of FlowFile Repository
2025-10-12 22:00:30,352 INFO [Checkpoint FlowFile Repository] o.a.n.c.r.WriteAheadFlowFileRepository Successfully checkpointed FlowFile Repository with 0 records in 0 milliseconds
2025-10-12 22:00:50,355 INFO [Checkpoint FlowFile Repository] o.a.n.c.r.WriteAheadFlowFileRepository Initiating checkpoint of FlowFile Repository
2025-10-12 22:00:50,356 INFO [Checkpoint FlowFile Repository] o.a.n.c.r.WriteAheadFlowFileRepository Successfully checkpointed FlowFile Repository with 0 records in 0 milliseconds
2025-10-12 22:01:04,686 INFO [Cleanup Archive for default] o.a.n.c.repository.FileSystemRepository Successfully deleted 0 files (0 bytes) from archive
2025-10-12 22:01:04,691 INFO [Cleanup Archive for default] o.a.n.c.repository.FileSystemRepository Archive cleanup completed for container default; will now allow writing to this container. Bytes used = 176.72 GB, bytes free = 830.14 GB, capacity = 1,006.85 GB
2025-10-12 22:01:10,357 INFO [Checkpoint FlowFile Repository] o.a.n.c.r.WriteAheadFlowFileRepository Initiating checkpoint of FlowFile Repository
2025-10-12 22:01:10,358 INFO [Checkpoint FlowFile Repository] o.a.n.c.r.WriteAheadFlowFileRepository Successfully checkpointed FlowFile Repository with 0 records in 0 milliseconds
2025-10-12 22:01:30,357 INFO [Checkpoint FlowFile Repository] o.a.n.c.r.WriteAheadFlowFileRepository Initiating checkpoint of FlowFile Repository
2025-10-12 22:01:30,358 INFO [Checkpoint FlowFile Repository] o.a.n.c.r.WriteAheadFlowFileRepository Successfully checkpointed FlowFile Repository with 0 records in 0 milliseconds
2025-10-12 22:01:50,361 INFO [Checkpoint FlowFile Repository] o.a.n.c.r.WriteAheadFlowFileRepository Initiating checkpoint of FlowFile Repository
2025-10-12 22:01:50,365 INFO [Checkpoint FlowFile Repository] o.a.n.c.r.WriteAheadFlowFileRepository Successfully checkpointed FlowFile Repository with 0 records in 0 milliseconds
2025-10-12 22:02:01,561 INFO [Write-Ahead Local State Provider Maintenance] o.a.n.wali.SequentialAccessWriteAheadLog Checkpointed Write-Ahead Log with 2 Records and 0 Swap Files in 2 milliseconds (Stop-the-world time = 0 milliseconds), max Transaction ID 8
2025-10-12 22:02:04,711 INFO [Cleanup Archive for default] o.a.n.c.repository.FileSystemRepository Successfully deleted 0 files (0 bytes) from archive
2025-10-12 22:02:04,713 INFO [Cleanup Archive for default] o.a.n.c.repository.FileSystemRepository Archive cleanup completed for container default; will now allow writing to this container. Bytes used = 176.72 GB, bytes free = 830.14 GB, capacity = 1,006.85 GB
2025-10-12 22:02:10,367 INFO [Checkpoint FlowFile Repository] o.a.n.c.r.WriteAheadFlowFileRepository Initiating checkpoint of FlowFile Repository
2025-10-12 22:02:10,368 INFO [Checkpoint FlowFile Repository] o.a.n.c.r.WriteAheadFlowFileRepository Successfully checkpointed FlowFile Repository with 0 records in 0 milliseconds
2025-10-12 22:02:30,368 INFO [Checkpoint FlowFile Repository] o.a.n.c.r.WriteAheadFlowFileRepository Initiating checkpoint of FlowFile Repository
2025-10-12 22:02:30,369 INFO [Checkpoint FlowFile Repository] o.a.n.c.r.WriteAheadFlowFileRepository Successfully checkpointed FlowFile Repository with 0 records in 0 milliseconds
2025-10-12 22:02:50,373 INFO [Checkpoint FlowFile Repository] o.a.n.c.r.WriteAheadFlowFileRepository Initiating checkpoint of FlowFile Repository
2025-10-12 22:02:50,374 INFO [Checkpoint FlowFile Repository] o.a.n.c.r.WriteAheadFlowFileRepository Successfully checkpointed FlowFile Repository with 0 records in 0 milliseconds
2025-10-12 22:03:04,728 INFO [Cleanup Archive for default] o.a.n.c.repository.FileSystemRepository Successfully deleted 0 files (0 bytes) from archive
2025-10-12 22:03:04,733 INFO [Cleanup Archive for default] o.a.n.c.repository.FileSystemRepository Archive cleanup completed for container default; will now allow writing to this container. Bytes used = 176.72 GB, bytes free = 830.14 GB, capacity = 1,006.85 GB
2025-10-12 22:03:10,373 INFO [Checkpoint FlowFile Repository] o.a.n.c.r.WriteAheadFlowFileRepository Initiating checkpoint of FlowFile Repository
2025-10-12 22:03:10,375 INFO [Checkpoint FlowFile Repository] o.a.n.c.r.WriteAheadFlowFileRepository Successfully checkpointed FlowFile Repository with 0 records in 0 milliseconds
2025-10-12 22:03:30,378 INFO [Checkpoint FlowFile Repository] o.a.n.c.r.WriteAheadFlowFileRepository Initiating checkpoint of FlowFile Repository
2025-10-12 22:03:30,380 INFO [Checkpoint FlowFile Repository] o.a.n.c.r.WriteAheadFlowFileRepository Successfully checkpointed FlowFile Repository with 0 records in 0 milliseconds
2025-10-12 22:03:50,382 INFO [Checkpoint FlowFile Repository] o.a.n.c.r.WriteAheadFlowFileRepository Initiating checkpoint of FlowFile Repository
2025-10-12 22:03:50,383 INFO [Checkpoint FlowFile Repository] o.a.n.c.r.WriteAheadFlowFileRepository Successfully checkpointed FlowFile Repository with 0 records in 0 milliseconds
2025-10-12 22:04:04,752 INFO [Cleanup Archive for default] o.a.n.c.repository.FileSystemRepository Successfully deleted 0 files (0 bytes) from archive
2025-10-12 22:04:04,756 INFO [Cleanup Archive for default] o.a.n.c.repository.FileSystemRepository Archive cleanup completed for container default; will now allow writing to this container. Bytes used = 176.72 GB, bytes free = 830.14 GB, capacity = 1,006.85 GB
2025-10-12 22:04:10,382 INFO [Checkpoint FlowFile Repository] o.a.n.c.r.WriteAheadFlowFileRepository Initiating checkpoint of FlowFile Repository
2025-10-12 22:04:10,383 INFO [Checkpoint FlowFile Repository] o.a.n.c.r.WriteAheadFlowFileRepository Successfully checkpointed FlowFile Repository with 0 records in 0 milliseconds
2025-10-12 22:04:30,382 INFO [Checkpoint FlowFile Repository] o.a.n.c.r.WriteAheadFlowFileRepository Initiating checkpoint of FlowFile Repository
2025-10-12 22:04:30,384 INFO [Checkpoint FlowFile Repository] o.a.n.c.r.WriteAheadFlowFileRepository Successfully checkpointed FlowFile Repository with 0 records in 0 milliseconds
2025-10-12 22:04:50,389 INFO [Checkpoint FlowFile Repository] o.a.n.c.r.WriteAheadFlowFileRepository Initiating checkpoint of FlowFile Repository
2025-10-12 22:04:50,390 INFO [Checkpoint FlowFile Repository] o.a.n.c.r.WriteAheadFlowFileRepository Successfully checkpointed FlowFile Repository with 0 records in 0 milliseconds
2025-10-12 22:05:04,771 INFO [Cleanup Archive for default] o.a.n.c.repository.FileSystemRepository Successfully deleted 0 files (0 bytes) from archive
2025-10-12 22:05:04,774 INFO [Cleanup Archive for default] o.a.n.c.repository.FileSystemRepository Archive cleanup completed for container default; will now allow writing to this container. Bytes used = 176.72 GB, bytes free = 830.14 GB, capacity = 1,006.85 GB
2025-10-12 22:05:10,390 INFO [Checkpoint FlowFile Repository] o.a.n.c.r.WriteAheadFlowFileRepository Initiating checkpoint of FlowFile Repository
2025-10-12 22:05:10,393 INFO [Checkpoint FlowFile Repository] o.a.n.c.r.WriteAheadFlowFileRepository Successfully checkpointed FlowFile Repository with 0 records in 0 milliseconds
2025-10-12 22:05:30,394 INFO [Checkpoint FlowFile Repository] o.a.n.c.r.WriteAheadFlowFileRepository Initiating checkpoint of FlowFile Repository
2025-10-12 22:05:30,396 INFO [Checkpoint FlowFile Repository] o.a.n.c.r.WriteAheadFlowFileRepository Successfully checkpointed FlowFile Repository with 0 records in 0 milliseconds
2025-10-12 22:05:50,399 INFO [Checkpoint FlowFile Repository] o.a.n.c.r.WriteAheadFlowFileRepository Initiating checkpoint of FlowFile Repository
2025-10-12 22:05:50,400 INFO [Checkpoint FlowFile Repository] o.a.n.c.r.WriteAheadFlowFileRepository Successfully checkpointed FlowFile Repository with 0 records in 0 milliseconds
2025-10-12 22:06:04,789 INFO [Cleanup Archive for default] o.a.n.c.repository.FileSystemRepository Successfully deleted 0 files (0 bytes) from archive
2025-10-12 22:06:04,790 INFO [Cleanup Archive for default] o.a.n.c.repository.FileSystemRepository Archive cleanup completed for container default; will now allow writing to this container. Bytes used = 176.72 GB, bytes free = 830.14 GB, capacity = 1,006.85 GB
2025-10-12 22:06:10,399 INFO [Checkpoint FlowFile Repository] o.a.n.c.r.WriteAheadFlowFileRepository Initiating checkpoint of FlowFile Repository
2025-10-12 22:06:10,401 INFO [Checkpoint FlowFile Repository] o.a.n.c.r.WriteAheadFlowFileRepository Successfully checkpointed FlowFile Repository with 0 records in 0 milliseconds
2025-10-12 22:06:30,403 INFO [Checkpoint FlowFile Repository] o.a.n.c.r.WriteAheadFlowFileRepository Initiating checkpoint of FlowFile Repository
2025-10-12 22:06:30,404 INFO [Checkpoint FlowFile Repository] o.a.n.c.r.WriteAheadFlowFileRepository Successfully checkpointed FlowFile Repository with 0 records in 0 milliseconds
2025-10-12 22:06:50,405 INFO [Checkpoint FlowFile Repository] o.a.n.c.r.WriteAheadFlowFileRepository Initiating checkpoint of FlowFile Repository
2025-10-12 22:06:50,406 INFO [Checkpoint FlowFile Repository] o.a.n.c.r.WriteAheadFlowFileRepository Successfully checkpointed FlowFile Repository with 0 records in 0 milliseconds
2025-10-12 22:07:04,804 INFO [Cleanup Archive for default] o.a.n.c.repository.FileSystemRepository Successfully deleted 0 files (0 bytes) from archive
2025-10-12 22:07:04,806 INFO [Cleanup Archive for default] o.a.n.c.repository.FileSystemRepository Archive cleanup completed for container default; will now allow writing to this container. Bytes used = 176.72 GB, bytes free = 830.14 GB, capacity = 1,006.85 GB
2025-10-12 22:07:10,406 INFO [Checkpoint FlowFile Repository] o.a.n.c.r.WriteAheadFlowFileRepository Initiating checkpoint of FlowFile Repository
2025-10-12 22:07:10,407 INFO [Checkpoint FlowFile Repository] o.a.n.c.r.WriteAheadFlowFileRepository Successfully checkpointed FlowFile Repository with 0 records in 0 milliseconds
2025-10-12 22:07:30,410 INFO [Checkpoint FlowFile Repository] o.a.n.c.r.WriteAheadFlowFileRepository Initiating checkpoint of FlowFile Repository
2025-10-12 22:07:30,411 INFO [Checkpoint FlowFile Repository] o.a.n.c.r.WriteAheadFlowFileRepository Successfully checkpointed FlowFile Repository with 0 records in 0 milliseconds
2025-10-12 22:07:50,414 INFO [Checkpoint FlowFile Repository] o.a.n.c.r.WriteAheadFlowFileRepository Initiating checkpoint of FlowFile Repository
2025-10-12 22:07:50,415 INFO [Checkpoint FlowFile Repository] o.a.n.c.r.WriteAheadFlowFileRepository Successfully checkpointed FlowFile Repository with 0 records in 0 milliseconds
2025-10-12 22:08:04,820 INFO [Cleanup Archive for default] o.a.n.c.repository.FileSystemRepository Successfully deleted 0 files (0 bytes) from archive
2025-10-12 22:08:04,822 INFO [Cleanup Archive for default] o.a.n.c.repository.FileSystemRepository Archive cleanup completed for container default; will now allow writing to this container. Bytes used = 176.72 GB, bytes free = 830.14 GB, capacity = 1,006.85 GB
2025-10-12 22:08:10,415 INFO [Checkpoint FlowFile Repository] o.a.n.c.r.WriteAheadFlowFileRepository Initiating checkpoint of FlowFile Repository
2025-10-12 22:08:10,416 INFO [Checkpoint FlowFile Repository] o.a.n.c.r.WriteAheadFlowFileRepository Successfully checkpointed FlowFile Repository with 0 records in 0 milliseconds
2025-10-12 22:08:30,415 INFO [Checkpoint FlowFile Repository] o.a.n.c.r.WriteAheadFlowFileRepository Initiating checkpoint of FlowFile Repository
2025-10-12 22:08:30,416 INFO [Checkpoint FlowFile Repository] o.a.n.c.r.WriteAheadFlowFileRepository Successfully checkpointed FlowFile Repository with 0 records in 0 milliseconds
2025-10-12 22:08:50,419 INFO [Checkpoint FlowFile Repository] o.a.n.c.r.WriteAheadFlowFileRepository Initiating checkpoint of FlowFile Repository
2025-10-12 22:08:50,420 INFO [Checkpoint FlowFile Repository] o.a.n.c.r.WriteAheadFlowFileRepository Successfully checkpointed FlowFile Repository with 0 records in 0 milliseconds
2025-10-12 22:09:04,828 INFO [Cleanup Archive for default] o.a.n.c.repository.FileSystemRepository Successfully deleted 0 files (0 bytes) from archive
2025-10-12 22:09:04,828 INFO [Cleanup Archive for default] o.a.n.c.repository.FileSystemRepository Archive cleanup completed for container default; will now allow writing to this container. Bytes used = 176.72 GB, bytes free = 830.14 GB, capacity = 1,006.85 GB
2025-10-12 22:09:10,419 INFO [Checkpoint FlowFile Repository] o.a.n.c.r.WriteAheadFlowFileRepository Initiating checkpoint of FlowFile Repository
2025-10-12 22:09:10,421 INFO [Checkpoint FlowFile Repository] o.a.n.c.r.WriteAheadFlowFileRepository Successfully checkpointed FlowFile Repository with 0 records in 0 milliseconds
2025-10-12 22:09:30,422 INFO [Checkpoint FlowFile Repository] o.a.n.c.r.WriteAheadFlowFileRepository Initiating checkpoint of FlowFile Repository
2025-10-12 22:09:30,423 INFO [Checkpoint FlowFile Repository] o.a.n.c.r.WriteAheadFlowFileRepository Successfully checkpointed FlowFile Repository with 0 records in 0 milliseconds
2025-10-12 22:09:50,427 INFO [Checkpoint FlowFile Repository] o.a.n.c.r.WriteAheadFlowFileRepository Initiating checkpoint of FlowFile Repository
2025-10-12 22:09:50,429 INFO [Checkpoint FlowFile Repository] o.a.n.c.r.WriteAheadFlowFileRepository Successfully checkpointed FlowFile Repository with 0 records in 0 milliseconds
2025-10-12 22:10:04,833 INFO [Cleanup Archive for default] o.a.n.c.repository.FileSystemRepository Successfully deleted 0 files (0 bytes) from archive
2025-10-12 22:10:04,834 INFO [Cleanup Archive for default] o.a.n.c.repository.FileSystemRepository Archive cleanup completed for container default; will now allow writing to this container. Bytes used = 176.72 GB, bytes free = 830.14 GB, capacity = 1,006.85 GB
2025-10-12 22:10:10,433 INFO [Checkpoint FlowFile Repository] o.a.n.c.r.WriteAheadFlowFileRepository Initiating checkpoint of FlowFile Repository
2025-10-12 22:10:10,435 INFO [Checkpoint FlowFile Repository] o.a.n.c.r.WriteAheadFlowFileRepository Successfully checkpointed FlowFile Repository with 0 records in 0 milliseconds
2025-10-12 22:10:30,437 INFO [Checkpoint FlowFile Repository] o.a.n.c.r.WriteAheadFlowFileRepository Initiating checkpoint of FlowFile Repository
2025-10-12 22:10:30,438 INFO [Checkpoint FlowFile Repository] o.a.n.c.r.WriteAheadFlowFileRepository Successfully checkpointed FlowFile Repository with 0 records in 0 milliseconds
2025-10-12 22:10:50,440 INFO [Checkpoint FlowFile Repository] o.a.n.c.r.WriteAheadFlowFileRepository Initiating checkpoint of FlowFile Repository
2025-10-12 22:10:50,442 INFO [Checkpoint FlowFile Repository] o.a.n.c.r.WriteAheadFlowFileRepository Successfully checkpointed FlowFile Repository with 0 records in 0 milliseconds
2025-10-12 22:11:05,060 INFO [Cleanup Archive for default] o.a.n.c.repository.FileSystemRepository Successfully deleted 0 files (0 bytes) from archive
2025-10-12 22:11:05,061 INFO [Cleanup Archive for default] o.a.n.c.repository.FileSystemRepository Archive cleanup completed for container default; will now allow writing to this container. Bytes used = 176.72 GB, bytes free = 830.14 GB, capacity = 1,006.85 GB
2025-10-12 22:11:10,442 INFO [Checkpoint FlowFile Repository] o.a.n.c.r.WriteAheadFlowFileRepository Initiating checkpoint of FlowFile Repository
2025-10-12 22:11:10,443 INFO [Checkpoint FlowFile Repository] o.a.n.c.r.WriteAheadFlowFileRepository Successfully checkpointed FlowFile Repository with 0 records in 0 milliseconds
2025-10-12 22:11:30,442 INFO [Checkpoint FlowFile Repository] o.a.n.c.r.WriteAheadFlowFileRepository Initiating checkpoint of FlowFile Repository
2025-10-12 22:11:30,444 INFO [Checkpoint FlowFile Repository] o.a.n.c.r.WriteAheadFlowFileRepository Successfully checkpointed FlowFile Repository with 0 records in 0 milliseconds
2025-10-12 22:11:50,447 INFO [Checkpoint FlowFile Repository] o.a.n.c.r.WriteAheadFlowFileRepository Initiating checkpoint of FlowFile Repository
2025-10-12 22:11:50,449 INFO [Checkpoint FlowFile Repository] o.a.n.c.r.WriteAheadFlowFileRepository Successfully checkpointed FlowFile Repository with 0 records in 0 milliseconds
2025-10-12 22:12:05,069 INFO [Cleanup Archive for default] o.a.n.c.repository.FileSystemRepository Successfully deleted 0 files (0 bytes) from archive
2025-10-12 22:12:05,071 INFO [Cleanup Archive for default] o.a.n.c.repository.FileSystemRepository Archive cleanup completed for container default; will now allow writing to this container. Bytes used = 176.72 GB, bytes free = 830.14 GB, capacity = 1,006.85 GB
2025-10-12 22:12:10,449 INFO [Checkpoint FlowFile Repository] o.a.n.c.r.WriteAheadFlowFileRepository Initiating checkpoint of FlowFile Repository
2025-10-12 22:12:10,451 INFO [Checkpoint FlowFile Repository] o.a.n.c.r.WriteAheadFlowFileRepository Successfully checkpointed FlowFile Repository with 0 records in 0 milliseconds
2025-10-12 22:12:30,452 INFO [Checkpoint FlowFile Repository] o.a.n.c.r.WriteAheadFlowFileRepository Initiating checkpoint of FlowFile Repository
2025-10-12 22:12:30,453 INFO [Checkpoint FlowFile Repository] o.a.n.c.r.WriteAheadFlowFileRepository Successfully checkpointed FlowFile Repository with 0 records in 0 milliseconds
2025-10-12 22:12:31,420 INFO [ShutdownCommand] o.a.nifi.runtime.command.ShutdownCommand Application shutdown started
2025-10-12 22:12:31,424 INFO [ShutdownCommand] o.a.n.runtime.StandardManagementServer Management Server stopped
2025-10-12 22:12:31,431 INFO [ShutdownCommand] org.eclipse.jetty.server.Server Stopped oejs.Server@16a5c7e4{STOPPING}[12.0.27,sto=0]
2025-10-12 22:12:31,442 INFO [ShutdownCommand] o.eclipse.jetty.server.AbstractConnector Stopped ServerConnector@532a48d4{SSL, (ssl, alpn, h2, http/1.1)}{d8491c85f0ce:8443}
2025-10-12 22:12:31,484 INFO [ShutdownCommand] o.e.j.ee10.servlet.ServletContextHandler Stopped oeje10w.WebAppContext@4270a134{/nifi,/nifi,b=null,a=AVAILABLE,h=oeje10s.SessionHandler@26c79134{STOPPED}}{./work/nar/extensions/nifi-server-nar-2.6.0.nar-unpacked/NAR-INF/bundled-dependencies/nifi-ui-2.6.0.war}
2025-10-12 22:12:31,495 INFO [ShutdownCommand] o.a.n.w.c.ApplicationStartupContextListener Flow Service shutdown started
2025-10-12 22:12:31,496 INFO [ShutdownCommand] o.apache.nifi.controller.FlowController Initiating shutdown of FlowController...
2025-10-12 22:12:31,507 INFO [ShutdownCommand] o.apache.nifi.controller.FlowController Initiated graceful shutdown of flow controller...waiting up to 10 seconds
2025-10-12 22:12:31,513 INFO [ShutdownCommand] o.apache.nifi.controller.FlowController Controller has been terminated successfully.
2025-10-12 22:12:31,515 INFO [ShutdownCommand] o.apache.nifi.py4j.StandardPythonBridge Shutting down Python Server
2025-10-12 22:12:31,519 INFO [ShutdownCommand] org.apache.nifi.py4j.PythonProcess Shutting down Python Process Process[pid=168, exitValue="not exited"]
2025-10-12 22:12:31,525 INFO [ShutdownCommand] o.apache.nifi.py4j.StandardPythonBridge Successfully shutdown Python Server
2025-10-12 22:12:31,529 INFO [ForkJoinPool.commonPool-worker-1] org.apache.nifi.py4j.PythonProcess Python Process Process[pid=168, exitValue=137] exited with code 137
2025-10-12 22:12:31,551 INFO [ShutdownCommand] o.a.n.w.c.ApplicationStartupContextListener Flow Service shutdown completed
2025-10-12 22:12:31,552 INFO [ShutdownCommand] o.e.j.s.handler.ContextHandler._nifi_api Closing Spring root WebApplicationContext
2025-10-12 22:12:31,596 INFO [ShutdownCommand] o.a.n.a.service.EntityStoreAuditService Environment closed
2025-10-12 22:12:31,635 INFO [ShutdownCommand] o.e.j.ee10.servlet.ServletContextHandler Stopped oeje10w.WebAppContext@3f3c8b60{nifi-api,/nifi-api,b=null,a=AVAILABLE,h=oeje10s.SessionHandler@3a16984c{STOPPED}}{./work/nar/extensions/nifi-server-nar-2.6.0.nar-unpacked/NAR-INF/bundled-dependencies/nifi-web-api-2.6.0.war}
2025-10-12 22:12:31,652 INFO [ShutdownCommand] o.e.j.ee10.servlet.ServletContextHandler Stopped oeje10w.WebAppContext@10618775{/nifi-update-attribute-ui-2.6.0,/nifi-update-attribute-ui-2.6.0,b=null,a=AVAILABLE,h=oeje10s.SessionHandler@e26a3df{STOPPED}}{./work/nar/extensions/nifi-update-attribute-nar-2.6.0.nar-unpacked/NAR-INF/bundled-dependencies/nifi-update-attribute-ui-2.6.0.war}
2025-10-12 22:12:31,667 INFO [ShutdownCommand] o.e.j.ee10.servlet.ServletContextHandler Stopped oeje10w.WebAppContext@33324c05{/nifi-jolt-transform-json-ui-2.6.0,/nifi-jolt-transform-json-ui-2.6.0,b=null,a=AVAILABLE,h=oeje10s.SessionHandler@1bee0085{STOPPED}}{./work/nar/extensions/nifi-jolt-nar-2.6.0.nar-unpacked/NAR-INF/bundled-dependencies/nifi-jolt-transform-json-ui-2.6.0.war}
2025-10-12 22:12:31,681 INFO [ShutdownCommand] o.e.j.ee10.servlet.ServletContextHandler Stopped oeje10w.WebAppContext@12d40609{/nifi-standard-content-viewer-2.6.0,/nifi-standard-content-viewer-2.6.0,b=null,a=AVAILABLE,h=oeje10s.SessionHandler@2fd39436{STOPPED}}{./work/nar/extensions/nifi-standard-content-viewer-nar-2.6.0.nar-unpacked/NAR-INF/bundled-dependencies/nifi-standard-content-viewer-2.6.0.war}
2025-10-12 22:12:31,684 INFO [ShutdownCommand] org.apache.nifi.nar.NarAutoLoaderTask Stopping NAR Auto-loader
2025-10-12 22:12:31,686 INFO [ShutdownCommand] org.apache.nifi.nar.NarAutoLoader NAR Auto-Loader stopped
2025-10-12 22:12:31,690 INFO [ShutdownCommand] o.a.n.f.r.CompositeExternalResourceProviderService External Resource Provider Service is stopped
2025-10-12 22:12:31,691 INFO [ShutdownCommand] o.a.nifi.runtime.command.ShutdownCommand Application shutdown completed
2025-10-12 22:12:44,410 INFO [main] org.apache.nifi.runtime.Application Starting NiFi 2.6.0 using Java 21.0.8+12-LTS with PID 45
2025-10-12 22:12:44,416 INFO [main] o.apache.nifi.runtime.PropertiesProvider Loading Application Properties [/opt/nifi/nifi-current/conf/nifi.properties]
2025-10-12 22:12:44,432 INFO [main] org.apache.nifi.nar.NarUnpacker Expanding 112 NAR files started
2025-10-12 22:12:49,644 INFO [main] org.apache.nifi.nar.NarUnpacker Expanded 112 NAR files in 5.211 seconds (5211768379 ns)
2025-10-12 22:12:49,822 INFO [main] org.apache.nifi.nar.NarClassLoaders Loaded NAR file: /opt/nifi/nifi-current/./work/nar/extensions/nifi-jetty-nar-2.6.0.nar-unpacked as class loader org.apache.nifi.nar.NarClassLoader[./work/nar/extensions/nifi-jetty-nar-2.6.0.nar-unpacked]
2025-10-12 22:12:49,829 INFO [main] org.apache.nifi.nar.NarClassLoaders Loaded NAR file: /opt/nifi/nifi-current/./work/nar/framework/nifi-framework-nar-2.6.0.nar-unpacked as class loader org.apache.nifi.nar.NarClassLoader[./work/nar/framework/nifi-framework-nar-2.6.0.nar-unpacked]
2025-10-12 22:12:49,984 INFO [main] org.apache.nifi.nar.NarClassLoaders Loaded NAR file: /opt/nifi/nifi-current/./work/nar/extensions/nifi-compress-nar-2.6.0.nar-unpacked as class loader org.apache.nifi.nar.NarClassLoader[./work/nar/extensions/nifi-compress-nar-2.6.0.nar-unpacked]
2025-10-12 22:12:49,989 INFO [main] org.apache.nifi.nar.NarClassLoaders Loaded NAR file: /opt/nifi/nifi-current/./work/nar/extensions/nifi-update-attribute-nar-2.6.0.nar-unpacked as class loader org.apache.nifi.nar.NarClassLoader[./work/nar/extensions/nifi-update-attribute-nar-2.6.0.nar-unpacked]
2025-10-12 22:12:50,036 INFO [main] org.apache.nifi.nar.NarClassLoaders Loaded NAR file: /opt/nifi/nifi-current/./work/nar/extensions/nifi-evtx-nar-2.6.0.nar-unpacked as class loader org.apache.nifi.nar.NarClassLoader[./work/nar/extensions/nifi-evtx-nar-2.6.0.nar-unpacked]
2025-10-12 22:12:50,038 INFO [main] org.apache.nifi.nar.NarClassLoaders Loaded NAR file: /opt/nifi/nifi-current/./work/nar/extensions/nifi-standard-services-api-nar-2.6.0.nar-unpacked as class loader org.apache.nifi.nar.NarClassLoader[./work/nar/extensions/nifi-standard-services-api-nar-2.6.0.nar-unpacked]
2025-10-12 22:12:50,044 INFO [main] org.apache.nifi.nar.NarClassLoaders Loaded NAR file: /opt/nifi/nifi-current/./work/nar/extensions/nifi-proxy-configuration-nar-2.6.0.nar-unpacked as class loader org.apache.nifi.nar.NarClassLoader[./work/nar/extensions/nifi-proxy-configuration-nar-2.6.0.nar-unpacked]
2025-10-12 22:12:50,046 INFO [main] org.apache.nifi.nar.NarClassLoaders Loaded NAR file: /opt/nifi/nifi-current/./work/nar/extensions/nifi-framework-kubernetes-nar-2.6.0.nar-unpacked as class loader org.apache.nifi.nar.NarClassLoader[./work/nar/extensions/nifi-framework-kubernetes-nar-2.6.0.nar-unpacked]
2025-10-12 22:12:50,057 INFO [main] org.apache.nifi.nar.NarClassLoaders Loaded NAR file: /opt/nifi/nifi-current/./work/nar/extensions/nifi-windows-event-log-nar-2.6.0.nar-unpacked as class loader org.apache.nifi.nar.NarClassLoader[./work/nar/extensions/nifi-windows-event-log-nar-2.6.0.nar-unpacked]
2025-10-12 22:12:50,060 INFO [main] org.apache.nifi.nar.NarClassLoaders Loaded NAR file: /opt/nifi/nifi-current/./work/nar/extensions/nifi-hazelcast-services-api-nar-2.6.0.nar-unpacked as class loader org.apache.nifi.nar.NarClassLoader[./work/nar/extensions/nifi-hazelcast-services-api-nar-2.6.0.nar-unpacked]
2025-10-12 22:12:50,063 INFO [main] org.apache.nifi.nar.NarClassLoaders Loaded NAR file: /opt/nifi/nifi-current/./work/nar/extensions/nifi-single-user-iaa-providers-nar-2.6.0.nar-unpacked as class loader org.apache.nifi.nar.NarClassLoader[./work/nar/extensions/nifi-single-user-iaa-providers-nar-2.6.0.nar-unpacked]
2025-10-12 22:12:50,066 INFO [main] org.apache.nifi.nar.NarClassLoaders Loaded NAR file: /opt/nifi/nifi-current/./work/nar/extensions/nifi-asana-services-api-nar-2.6.0.nar-unpacked as class loader org.apache.nifi.nar.NarClassLoader[./work/nar/extensions/nifi-asana-services-api-nar-2.6.0.nar-unpacked]
2025-10-12 22:12:50,074 INFO [main] org.apache.nifi.nar.NarClassLoaders Loaded NAR file: /opt/nifi/nifi-current/./work/nar/extensions/nifi-email-nar-2.6.0.nar-unpacked as class loader org.apache.nifi.nar.NarClassLoader[./work/nar/extensions/nifi-email-nar-2.6.0.nar-unpacked]
2025-10-12 22:12:50,081 INFO [main] org.apache.nifi.nar.NarClassLoaders Loaded NAR file: /opt/nifi/nifi-current/./work/nar/extensions/nifi-dbcp-service-nar-2.6.0.nar-unpacked as class loader org.apache.nifi.nar.NarClassLoader[./work/nar/extensions/nifi-dbcp-service-nar-2.6.0.nar-unpacked]
2025-10-12 22:12:50,085 INFO [main] org.apache.nifi.nar.NarClassLoaders Loaded NAR file: /opt/nifi/nifi-current/./work/nar/extensions/nifi-hl7-nar-2.6.0.nar-unpacked as class loader org.apache.nifi.nar.NarClassLoader[./work/nar/extensions/nifi-hl7-nar-2.6.0.nar-unpacked]
2025-10-12 22:12:50,093 INFO [main] org.apache.nifi.nar.NarClassLoaders Loaded NAR file: /opt/nifi/nifi-current/./work/nar/extensions/nifi-stateful-analysis-nar-2.6.0.nar-unpacked as class loader org.apache.nifi.nar.NarClassLoader[./work/nar/extensions/nifi-stateful-analysis-nar-2.6.0.nar-unpacked]
2025-10-12 22:12:50,094 INFO [main] org.apache.nifi.nar.NarClassLoaders Loaded NAR file: /opt/nifi/nifi-current/./work/nar/extensions/nifi-workday-processors-nar-2.6.0.nar-unpacked as class loader org.apache.nifi.nar.NarClassLoader[./work/nar/extensions/nifi-workday-processors-nar-2.6.0.nar-unpacked]
2025-10-12 22:12:50,095 INFO [main] org.apache.nifi.nar.NarClassLoaders Loaded NAR file: /opt/nifi/nifi-current/./work/nar/extensions/nifi-ldap-iaa-providers-nar-2.6.0.nar-unpacked as class loader org.apache.nifi.nar.NarClassLoader[./work/nar/extensions/nifi-ldap-iaa-providers-nar-2.6.0.nar-unpacked]
2025-10-12 22:12:50,101 INFO [main] org.apache.nifi.nar.NarClassLoaders Loaded NAR file: /opt/nifi/nifi-current/./work/nar/extensions/nifi-distributed-cache-services-nar-2.6.0.nar-unpacked as class loader org.apache.nifi.nar.NarClassLoader[./work/nar/extensions/nifi-distributed-cache-services-nar-2.6.0.nar-unpacked]
2025-10-12 22:12:50,106 INFO [main] org.apache.nifi.nar.NarClassLoaders Loaded NAR file: /opt/nifi/nifi-current/./work/nar/extensions/nifi-asana-services-nar-2.6.0.nar-unpacked as class loader org.apache.nifi.nar.NarClassLoader[./work/nar/extensions/nifi-asana-services-nar-2.6.0.nar-unpacked]
2025-10-12 22:12:50,108 INFO [main] org.apache.nifi.nar.NarClassLoaders Loaded NAR file: /opt/nifi/nifi-current/./work/nar/extensions/nifi-kerberos-iaa-providers-nar-2.6.0.nar-unpacked as class loader org.apache.nifi.nar.NarClassLoader[./work/nar/extensions/nifi-kerberos-iaa-providers-nar-2.6.0.nar-unpacked]
2025-10-12 22:12:50,114 INFO [main] org.apache.nifi.nar.NarClassLoaders Loaded NAR file: /opt/nifi/nifi-current/./work/nar/extensions/nifi-framework-zookeeper-nar-2.6.0.nar-unpacked as class loader org.apache.nifi.nar.NarClassLoader[./work/nar/extensions/nifi-framework-zookeeper-nar-2.6.0.nar-unpacked]
2025-10-12 22:12:50,119 INFO [main] org.apache.nifi.nar.NarClassLoaders Loaded NAR file: /opt/nifi/nifi-current/./work/nar/extensions/nifi-server-nar-2.6.0.nar-unpacked as class loader org.apache.nifi.nar.NarClassLoader[./work/nar/extensions/nifi-server-nar-2.6.0.nar-unpacked]
2025-10-12 22:12:50,139 INFO [main] org.apache.nifi.nar.NarClassLoaders Loaded NAR file: /opt/nifi/nifi-current/./work/nar/extensions/nifi-websocket-services-api-nar-2.6.0.nar-unpacked as class loader org.apache.nifi.nar.NarClassLoader[./work/nar/extensions/nifi-websocket-services-api-nar-2.6.0.nar-unpacked]
2025-10-12 22:12:50,141 INFO [main] org.apache.nifi.nar.NarClassLoaders Loaded NAR file: /opt/nifi/nifi-current/./work/nar/extensions/nifi-standard-shared-nar-2.6.0.nar-unpacked as class loader org.apache.nifi.nar.NarClassLoader[./work/nar/extensions/nifi-standard-shared-nar-2.6.0.nar-unpacked]
2025-10-12 22:12:50,235 INFO [main] org.apache.nifi.nar.NarClassLoaders Loaded NAR file: /opt/nifi/nifi-current/./work/nar/extensions/nifi-smb-client-api-nar-2.6.0.nar-unpacked as class loader org.apache.nifi.nar.NarClassLoader[./work/nar/extensions/nifi-smb-client-api-nar-2.6.0.nar-unpacked]
2025-10-12 22:12:50,236 INFO [main] org.apache.nifi.nar.NarClassLoaders Loaded NAR file: /opt/nifi/nifi-current/./work/nar/extensions/nifi-provenance-repository-nar-2.6.0.nar-unpacked as class loader org.apache.nifi.nar.NarClassLoader[./work/nar/extensions/nifi-provenance-repository-nar-2.6.0.nar-unpacked]
2025-10-12 22:12:50,239 INFO [main] org.apache.nifi.nar.NarClassLoaders Loaded NAR file: /opt/nifi/nifi-current/./work/nar/extensions/nifi-splunk-nar-2.6.0.nar-unpacked as class loader org.apache.nifi.nar.NarClassLoader[./work/nar/extensions/nifi-splunk-nar-2.6.0.nar-unpacked]
2025-10-12 22:12:50,242 INFO [main] org.apache.nifi.nar.NarClassLoaders Loaded NAR file: /opt/nifi/nifi-current/./work/nar/extensions/nifi-file-resource-service-nar-2.6.0.nar-unpacked as class loader org.apache.nifi.nar.NarClassLoader[./work/nar/extensions/nifi-file-resource-service-nar-2.6.0.nar-unpacked]
2025-10-12 22:12:50,244 INFO [main] org.apache.nifi.nar.NarClassLoaders Loaded NAR file: /opt/nifi/nifi-current/./work/nar/extensions/nifi-redis-service-api-nar-2.6.0.nar-unpacked as class loader org.apache.nifi.nar.NarClassLoader[./work/nar/extensions/nifi-redis-service-api-nar-2.6.0.nar-unpacked]
2025-10-12 22:12:50,250 INFO [main] org.apache.nifi.nar.NarClassLoaders Loaded NAR file: /opt/nifi/nifi-current/./work/nar/extensions/nifi-registry-nar-2.6.0.nar-unpacked as class loader org.apache.nifi.nar.NarClassLoader[./work/nar/extensions/nifi-registry-nar-2.6.0.nar-unpacked]
2025-10-12 22:12:50,254 INFO [main] org.apache.nifi.nar.NarClassLoaders Loaded NAR file: /opt/nifi/nifi-current/./work/nar/extensions/nifi-ssl-context-service-nar-2.6.0.nar-unpacked as class loader org.apache.nifi.nar.NarClassLoader[./work/nar/extensions/nifi-ssl-context-service-nar-2.6.0.nar-unpacked]
2025-10-12 22:12:50,256 INFO [main] org.apache.nifi.nar.NarClassLoaders Loaded NAR file: /opt/nifi/nifi-current/./work/nar/extensions/nifi-smb-nar-2.6.0.nar-unpacked as class loader org.apache.nifi.nar.NarClassLoader[./work/nar/extensions/nifi-smb-nar-2.6.0.nar-unpacked]
2025-10-12 22:12:50,259 INFO [main] org.apache.nifi.nar.NarClassLoaders Loaded NAR file: /opt/nifi/nifi-current/./work/nar/extensions/nifi-kerberos-user-service-nar-2.6.0.nar-unpacked as class loader org.apache.nifi.nar.NarClassLoader[./work/nar/extensions/nifi-kerberos-user-service-nar-2.6.0.nar-unpacked]
2025-10-12 22:12:50,261 INFO [main] org.apache.nifi.nar.NarClassLoaders Loaded NAR file: /opt/nifi/nifi-current/./work/nar/extensions/nifi-py4j-nar-2.6.0.nar-unpacked as class loader org.apache.nifi.nar.NarClassLoader[./work/nar/extensions/nifi-py4j-nar-2.6.0.nar-unpacked]
2025-10-12 22:12:50,267 INFO [main] org.apache.nifi.nar.NarClassLoaders Loaded NAR file: /opt/nifi/nifi-current/./work/nar/extensions/nifi-hazelcast-services-nar-2.6.0.nar-unpacked as class loader org.apache.nifi.nar.NarClassLoader[./work/nar/extensions/nifi-hazelcast-services-nar-2.6.0.nar-unpacked]
2025-10-12 22:12:50,279 INFO [main] org.apache.nifi.nar.NarClassLoaders Loaded NAR file: /opt/nifi/nifi-current/./work/nar/extensions/nifi-standard-nar-2.6.0.nar-unpacked as class loader org.apache.nifi.nar.NarClassLoader[./work/nar/extensions/nifi-standard-nar-2.6.0.nar-unpacked]
2025-10-12 22:12:50,302 INFO [main] org.apache.nifi.nar.NarClassLoaders Loaded NAR file: /opt/nifi/nifi-current/./work/nar/extensions/nifi-amqp-nar-2.6.0.nar-unpacked as class loader org.apache.nifi.nar.NarClassLoader[./work/nar/extensions/nifi-amqp-nar-2.6.0.nar-unpacked]
2025-10-12 22:12:50,305 INFO [main] org.apache.nifi.nar.NarClassLoaders Loaded NAR file: /opt/nifi/nifi-current/./work/nar/extensions/nifi-enrich-nar-2.6.0.nar-unpacked as class loader org.apache.nifi.nar.NarClassLoader[./work/nar/extensions/nifi-enrich-nar-2.6.0.nar-unpacked]
2025-10-12 22:12:50,307 INFO [main] org.apache.nifi.nar.NarClassLoaders Loaded NAR file: /opt/nifi/nifi-current/./work/nar/extensions/nifi-atlassian-nar-2.6.0.nar-unpacked as class loader org.apache.nifi.nar.NarClassLoader[./work/nar/extensions/nifi-atlassian-nar-2.6.0.nar-unpacked]
2025-10-12 22:12:50,311 INFO [main] org.apache.nifi.nar.NarClassLoaders Loaded NAR file: /opt/nifi/nifi-current/./work/nar/extensions/nifi-apicurio-nar-2.6.0.nar-unpacked as class loader org.apache.nifi.nar.NarClassLoader[./work/nar/extensions/nifi-apicurio-nar-2.6.0.nar-unpacked]
2025-10-12 22:12:50,315 INFO [main] org.apache.nifi.nar.NarClassLoaders Loaded NAR file: /opt/nifi/nifi-current/./work/nar/extensions/nifi-jms-cf-service-nar-2.6.0.nar-unpacked as class loader org.apache.nifi.nar.NarClassLoader[./work/nar/extensions/nifi-jms-cf-service-nar-2.6.0.nar-unpacked]
2025-10-12 22:12:50,317 INFO [main] org.apache.nifi.nar.NarClassLoaders Loaded NAR file: /opt/nifi/nifi-current/./work/nar/extensions/nifi-elasticsearch-client-service-api-nar-2.6.0.nar-unpacked as class loader org.apache.nifi.nar.NarClassLoader[./work/nar/extensions/nifi-elasticsearch-client-service-api-nar-2.6.0.nar-unpacked]
2025-10-12 22:12:50,320 INFO [main] org.apache.nifi.nar.NarClassLoaders Loaded NAR file: /opt/nifi/nifi-current/./work/nar/extensions/nifi-key-service-nar-2.6.0.nar-unpacked as class loader org.apache.nifi.nar.NarClassLoader[./work/nar/extensions/nifi-key-service-nar-2.6.0.nar-unpacked]
2025-10-12 22:12:50,321 INFO [main] org.apache.nifi.nar.NarClassLoaders Loaded NAR file: /opt/nifi/nifi-current/./work/nar/extensions/nifi-mongodb-client-service-api-nar-2.6.0.nar-unpacked as class loader org.apache.nifi.nar.NarClassLoader[./work/nar/extensions/nifi-mongodb-client-service-api-nar-2.6.0.nar-unpacked]
2025-10-12 22:12:50,326 INFO [main] org.apache.nifi.nar.NarClassLoaders Loaded NAR file: /opt/nifi/nifi-current/./work/nar/extensions/nifi-redis-nar-2.6.0.nar-unpacked as class loader org.apache.nifi.nar.NarClassLoader[./work/nar/extensions/nifi-redis-nar-2.6.0.nar-unpacked]
2025-10-12 22:12:50,328 INFO [main] org.apache.nifi.nar.NarClassLoaders Loaded NAR file: /opt/nifi/nifi-current/./work/nar/extensions/nifi-database-dialect-service-nar-2.6.0.nar-unpacked as class loader org.apache.nifi.nar.NarClassLoader[./work/nar/extensions/nifi-database-dialect-service-nar-2.6.0.nar-unpacked]
2025-10-12 22:12:50,331 INFO [main] org.apache.nifi.nar.NarClassLoaders Loaded NAR file: /opt/nifi/nifi-current/./work/nar/extensions/nifi-confluent-platform-nar-2.6.0.nar-unpacked as class loader org.apache.nifi.nar.NarClassLoader[./work/nar/extensions/nifi-confluent-platform-nar-2.6.0.nar-unpacked]
2025-10-12 22:12:50,344 INFO [main] org.apache.nifi.nar.NarClassLoaders Loaded NAR file: /opt/nifi/nifi-current/./work/nar/extensions/nifi-network-processors-nar-2.6.0.nar-unpacked as class loader org.apache.nifi.nar.NarClassLoader[./work/nar/extensions/nifi-network-processors-nar-2.6.0.nar-unpacked]
2025-10-12 22:12:50,345 INFO [main] org.apache.nifi.nar.NarClassLoaders Loaded NAR file: /opt/nifi/nifi-current/./work/nar/extensions/nifi-http-context-map-nar-2.6.0.nar-unpacked as class loader org.apache.nifi.nar.NarClassLoader[./work/nar/extensions/nifi-http-context-map-nar-2.6.0.nar-unpacked]
2025-10-12 22:12:50,350 INFO [main] org.apache.nifi.nar.NarClassLoaders Loaded NAR file: /opt/nifi/nifi-current/./work/nar/extensions/nifi-github-nar-2.6.0.nar-unpacked as class loader org.apache.nifi.nar.NarClassLoader[./work/nar/extensions/nifi-github-nar-2.6.0.nar-unpacked]
2025-10-12 22:12:50,354 INFO [main] org.apache.nifi.nar.NarClassLoaders Loaded NAR file: /opt/nifi/nifi-current/./work/nar/extensions/nifi-web-client-provider-service-nar-2.6.0.nar-unpacked as class loader org.apache.nifi.nar.NarClassLoader[./work/nar/extensions/nifi-web-client-provider-service-nar-2.6.0.nar-unpacked]
2025-10-12 22:12:50,359 INFO [main] org.apache.nifi.nar.NarClassLoaders Loaded NAR file: /opt/nifi/nifi-current/./work/nar/extensions/nifi-avro-nar-2.6.0.nar-unpacked as class loader org.apache.nifi.nar.NarClassLoader[./work/nar/extensions/nifi-avro-nar-2.6.0.nar-unpacked]
2025-10-12 22:12:50,363 INFO [main] org.apache.nifi.nar.NarClassLoaders Loaded NAR file: /opt/nifi/nifi-current/./work/nar/extensions/nifi-smb-smbj-client-nar-2.6.0.nar-unpacked as class loader org.apache.nifi.nar.NarClassLoader[./work/nar/extensions/nifi-smb-smbj-client-nar-2.6.0.nar-unpacked]
2025-10-12 22:12:50,367 INFO [main] org.apache.nifi.nar.NarClassLoaders Loaded NAR file: /opt/nifi/nifi-current/./work/nar/extensions/nifi-standard-content-viewer-nar-2.6.0.nar-unpacked as class loader org.apache.nifi.nar.NarClassLoader[./work/nar/extensions/nifi-standard-content-viewer-nar-2.6.0.nar-unpacked]
2025-10-12 22:12:50,370 INFO [main] org.apache.nifi.nar.NarClassLoaders Loaded NAR file: /opt/nifi/nifi-current/./work/nar/extensions/nifi-websocket-processors-nar-2.6.0.nar-unpacked as class loader org.apache.nifi.nar.NarClassLoader[./work/nar/extensions/nifi-websocket-processors-nar-2.6.0.nar-unpacked]
2025-10-12 22:12:50,375 INFO [main] org.apache.nifi.nar.NarClassLoaders Loaded NAR file: /opt/nifi/nifi-current/./work/nar/extensions/nifi-db-schema-registry-service-nar-2.6.0.nar-unpacked as class loader org.apache.nifi.nar.NarClassLoader[./work/nar/extensions/nifi-db-schema-registry-service-nar-2.6.0.nar-unpacked]
2025-10-12 22:12:50,377 INFO [main] org.apache.nifi.nar.NarClassLoaders Loaded NAR file: /opt/nifi/nifi-current/./work/nar/extensions/nifi-elasticsearch-restapi-nar-2.6.0.nar-unpacked as class loader org.apache.nifi.nar.NarClassLoader[./work/nar/extensions/nifi-elasticsearch-restapi-nar-2.6.0.nar-unpacked]
2025-10-12 22:12:50,381 INFO [main] org.apache.nifi.nar.NarClassLoaders Loaded NAR file: /opt/nifi/nifi-current/./work/nar/extensions/nifi-jms-processors-nar-2.6.0.nar-unpacked as class loader org.apache.nifi.nar.NarClassLoader[./work/nar/extensions/nifi-jms-processors-nar-2.6.0.nar-unpacked]
2025-10-12 22:12:50,389 INFO [main] org.apache.nifi.nar.NarClassLoaders Loaded NAR file: /opt/nifi/nifi-current/./work/nar/extensions/nifi-protobuf-services-nar-2.6.0.nar-unpacked as class loader org.apache.nifi.nar.NarClassLoader[./work/nar/extensions/nifi-protobuf-services-nar-2.6.0.nar-unpacked]
2025-10-12 22:12:50,394 INFO [main] org.apache.nifi.nar.NarClassLoaders Loaded NAR file: /opt/nifi/nifi-current/./work/nar/extensions/nifi-jslt-nar-2.6.0.nar-unpacked as class loader org.apache.nifi.nar.NarClassLoader[./work/nar/extensions/nifi-jslt-nar-2.6.0.nar-unpacked]
2025-10-12 22:12:50,396 INFO [main] org.apache.nifi.nar.NarClassLoaders Loaded NAR file: /opt/nifi/nifi-current/./work/nar/extensions/nifi-record-sink-service-nar-2.6.0.nar-unpacked as class loader org.apache.nifi.nar.NarClassLoader[./work/nar/extensions/nifi-record-sink-service-nar-2.6.0.nar-unpacked]
2025-10-12 22:12:50,398 INFO [main] org.apache.nifi.nar.NarClassLoaders Loaded NAR file: /opt/nifi/nifi-current/./work/nar/extensions/nifi-hubspot-nar-2.6.0.nar-unpacked as class loader org.apache.nifi.nar.NarClassLoader[./work/nar/extensions/nifi-hubspot-nar-2.6.0.nar-unpacked]
2025-10-12 22:12:50,400 INFO [main] org.apache.nifi.nar.NarClassLoaders Loaded NAR file: /opt/nifi/nifi-current/./work/nar/extensions/nifi-hashicorp-vault-client-service-api-nar-2.6.0.nar-unpacked as class loader org.apache.nifi.nar.NarClassLoader[./work/nar/extensions/nifi-hashicorp-vault-client-service-api-nar-2.6.0.nar-unpacked]
2025-10-12 22:12:50,402 INFO [main] org.apache.nifi.nar.NarClassLoaders Loaded NAR file: /opt/nifi/nifi-current/./work/nar/extensions/nifi-azure-services-api-nar-2.6.0.nar-unpacked as class loader org.apache.nifi.nar.NarClassLoader[./work/nar/extensions/nifi-azure-services-api-nar-2.6.0.nar-unpacked]
2025-10-12 22:12:50,416 INFO [main] org.apache.nifi.nar.NarClassLoaders Loaded NAR file: /opt/nifi/nifi-current/./work/nar/extensions/nifi-dropbox-services-api-nar-2.6.0.nar-unpacked as class loader org.apache.nifi.nar.NarClassLoader[./work/nar/extensions/nifi-dropbox-services-api-nar-2.6.0.nar-unpacked]
2025-10-12 22:12:50,419 INFO [main] org.apache.nifi.nar.NarClassLoaders Loaded NAR file: /opt/nifi/nifi-current/./work/nar/extensions/nifi-asana-processors-nar-2.6.0.nar-unpacked as class loader org.apache.nifi.nar.NarClassLoader[./work/nar/extensions/nifi-asana-processors-nar-2.6.0.nar-unpacked]
2025-10-12 22:12:50,423 INFO [main] org.apache.nifi.nar.NarClassLoaders Loaded NAR file: /opt/nifi/nifi-current/./work/nar/extensions/nifi-geohash-nar-2.6.0.nar-unpacked as class loader org.apache.nifi.nar.NarClassLoader[./work/nar/extensions/nifi-geohash-nar-2.6.0.nar-unpacked]
2025-10-12 22:12:50,425 INFO [main] org.apache.nifi.nar.NarClassLoaders Loaded NAR file: /opt/nifi/nifi-current/./work/nar/extensions/nifi-mongodb-nar-2.6.0.nar-unpacked as class loader org.apache.nifi.nar.NarClassLoader[./work/nar/extensions/nifi-mongodb-nar-2.6.0.nar-unpacked]
2025-10-12 22:12:50,428 INFO [main] org.apache.nifi.nar.NarClassLoaders Loaded NAR file: /opt/nifi/nifi-current/./work/nar/extensions/nifi-box-services-api-nar-2.6.0.nar-unpacked as class loader org.apache.nifi.nar.NarClassLoader[./work/nar/extensions/nifi-box-services-api-nar-2.6.0.nar-unpacked]
2025-10-12 22:12:50,433 INFO [main] org.apache.nifi.nar.NarClassLoaders Loaded NAR file: /opt/nifi/nifi-current/./work/nar/extensions/nifi-record-serialization-services-nar-2.6.0.nar-unpacked as class loader org.apache.nifi.nar.NarClassLoader[./work/nar/extensions/nifi-record-serialization-services-nar-2.6.0.nar-unpacked]
2025-10-12 22:12:50,444 INFO [main] org.apache.nifi.nar.NarClassLoaders Loaded NAR file: /opt/nifi/nifi-current/./work/nar/extensions/nifi-shopify-nar-2.6.0.nar-unpacked as class loader org.apache.nifi.nar.NarClassLoader[./work/nar/extensions/nifi-shopify-nar-2.6.0.nar-unpacked]
2025-10-12 22:12:50,445 INFO [main] org.apache.nifi.nar.NarClassLoaders Loaded NAR file: /opt/nifi/nifi-current/./work/nar/extensions/nifi-cipher-nar-2.6.0.nar-unpacked as class loader org.apache.nifi.nar.NarClassLoader[./work/nar/extensions/nifi-cipher-nar-2.6.0.nar-unpacked]
2025-10-12 22:12:50,447 INFO [main] org.apache.nifi.nar.NarClassLoaders Loaded NAR file: /opt/nifi/nifi-current/./work/nar/extensions/nifi-hashicorp-vault-nar-2.6.0.nar-unpacked as class loader org.apache.nifi.nar.NarClassLoader[./work/nar/extensions/nifi-hashicorp-vault-nar-2.6.0.nar-unpacked]
2025-10-12 22:12:50,453 INFO [main] org.apache.nifi.nar.NarClassLoaders Loaded NAR file: /opt/nifi/nifi-current/./work/nar/extensions/nifi-mqtt-nar-2.6.0.nar-unpacked as class loader org.apache.nifi.nar.NarClassLoader[./work/nar/extensions/nifi-mqtt-nar-2.6.0.nar-unpacked]
2025-10-12 22:12:50,455 INFO [main] org.apache.nifi.nar.NarClassLoaders Loaded NAR file: /opt/nifi/nifi-current/./work/nar/extensions/nifi-pgp-service-api-nar-2.6.0.nar-unpacked as class loader org.apache.nifi.nar.NarClassLoader[./work/nar/extensions/nifi-pgp-service-api-nar-2.6.0.nar-unpacked]
2025-10-12 22:12:50,459 INFO [main] org.apache.nifi.nar.NarClassLoaders Loaded NAR file: /opt/nifi/nifi-current/./work/nar/extensions/nifi-zendesk-services-nar-2.6.0.nar-unpacked as class loader org.apache.nifi.nar.NarClassLoader[./work/nar/extensions/nifi-zendesk-services-nar-2.6.0.nar-unpacked]
2025-10-12 22:12:50,461 INFO [main] org.apache.nifi.nar.NarClassLoaders Loaded NAR file: /opt/nifi/nifi-current/./work/nar/extensions/nifi-cdc-mysql-nar-2.6.0.nar-unpacked as class loader org.apache.nifi.nar.NarClassLoader[./work/nar/extensions/nifi-cdc-mysql-nar-2.6.0.nar-unpacked]
2025-10-12 22:12:50,462 INFO [main] org.apache.nifi.nar.NarClassLoaders Loaded NAR file: /opt/nifi/nifi-current/./work/nar/extensions/nifi-snmp-nar-2.6.0.nar-unpacked as class loader org.apache.nifi.nar.NarClassLoader[./work/nar/extensions/nifi-snmp-nar-2.6.0.nar-unpacked]
2025-10-12 22:12:50,465 INFO [main] org.apache.nifi.nar.NarClassLoaders Loaded NAR file: /opt/nifi/nifi-current/./work/nar/extensions/nifi-elasticsearch-client-service-nar-2.6.0.nar-unpacked as class loader org.apache.nifi.nar.NarClassLoader[./work/nar/extensions/nifi-elasticsearch-client-service-nar-2.6.0.nar-unpacked]
2025-10-12 22:12:50,468 INFO [main] org.apache.nifi.nar.NarClassLoaders Loaded NAR file: /opt/nifi/nifi-current/./work/nar/extensions/nifi-lookup-services-nar-2.6.0.nar-unpacked as class loader org.apache.nifi.nar.NarClassLoader[./work/nar/extensions/nifi-lookup-services-nar-2.6.0.nar-unpacked]
2025-10-12 22:12:50,471 INFO [main] org.apache.nifi.nar.NarClassLoaders Loaded NAR file: /opt/nifi/nifi-current/./work/nar/extensions/nifi-dropbox-processors-nar-2.6.0.nar-unpacked as class loader org.apache.nifi.nar.NarClassLoader[./work/nar/extensions/nifi-dropbox-processors-nar-2.6.0.nar-unpacked]
2025-10-12 22:12:50,475 INFO [main] org.apache.nifi.nar.NarClassLoaders Loaded NAR file: /opt/nifi/nifi-current/./work/nar/extensions/nifi-zendesk-nar-2.6.0.nar-unpacked as class loader org.apache.nifi.nar.NarClassLoader[./work/nar/extensions/nifi-zendesk-nar-2.6.0.nar-unpacked]
2025-10-12 22:12:50,476 INFO [main] org.apache.nifi.nar.NarClassLoaders Loaded NAR file: /opt/nifi/nifi-current/./work/nar/extensions/nifi-pgp-service-nar-2.6.0.nar-unpacked as class loader org.apache.nifi.nar.NarClassLoader[./work/nar/extensions/nifi-pgp-service-nar-2.6.0.nar-unpacked]
2025-10-12 22:12:50,513 INFO [main] org.apache.nifi.nar.NarClassLoaders Loaded NAR file: /opt/nifi/nifi-current/./work/nar/extensions/nifi-social-media-nar-2.6.0.nar-unpacked as class loader org.apache.nifi.nar.NarClassLoader[./work/nar/extensions/nifi-social-media-nar-2.6.0.nar-unpacked]
2025-10-12 22:12:50,516 INFO [main] org.apache.nifi.nar.NarClassLoaders Loaded NAR file: /opt/nifi/nifi-current/./work/nar/extensions/nifi-flow-registry-client-nar-2.6.0.nar-unpacked as class loader org.apache.nifi.nar.NarClassLoader[./work/nar/extensions/nifi-flow-registry-client-nar-2.6.0.nar-unpacked]
2025-10-12 22:12:50,522 INFO [main] org.apache.nifi.nar.NarClassLoaders Loaded NAR file: /opt/nifi/nifi-current/./work/nar/extensions/nifi-opentelemetry-nar-2.6.0.nar-unpacked as class loader org.apache.nifi.nar.NarClassLoader[./work/nar/extensions/nifi-opentelemetry-nar-2.6.0.nar-unpacked]
2025-10-12 22:12:50,527 INFO [main] org.apache.nifi.nar.NarClassLoaders Loaded NAR file: /opt/nifi/nifi-current/./work/nar/extensions/nifi-scripting-nar-2.6.0.nar-unpacked as class loader org.apache.nifi.nar.NarClassLoader[./work/nar/extensions/nifi-scripting-nar-2.6.0.nar-unpacked]
2025-10-12 22:12:50,538 INFO [main] org.apache.nifi.nar.NarClassLoaders Loaded NAR file: /opt/nifi/nifi-current/./work/nar/extensions/nifi-groovyx-nar-2.6.0.nar-unpacked as class loader org.apache.nifi.nar.NarClassLoader[./work/nar/extensions/nifi-groovyx-nar-2.6.0.nar-unpacked]
2025-10-12 22:12:50,546 INFO [main] org.apache.nifi.nar.NarClassLoaders Loaded NAR file: /opt/nifi/nifi-current/./work/nar/extensions/nifi-gcp-services-api-nar-2.6.0.nar-unpacked as class loader org.apache.nifi.nar.NarClassLoader[./work/nar/extensions/nifi-gcp-services-api-nar-2.6.0.nar-unpacked]
2025-10-12 22:12:50,552 INFO [main] org.apache.nifi.nar.NarClassLoaders Loaded NAR file: /opt/nifi/nifi-current/./work/nar/extensions/nifi-websocket-services-jetty-nar-2.6.0.nar-unpacked as class loader org.apache.nifi.nar.NarClassLoader[./work/nar/extensions/nifi-websocket-services-jetty-nar-2.6.0.nar-unpacked]
2025-10-12 22:12:50,556 INFO [main] org.apache.nifi.nar.NarClassLoaders Loaded NAR file: /opt/nifi/nifi-current/./work/nar/extensions/nifi-poi-nar-2.6.0.nar-unpacked as class loader org.apache.nifi.nar.NarClassLoader[./work/nar/extensions/nifi-poi-nar-2.6.0.nar-unpacked]
2025-10-12 22:12:50,562 INFO [main] org.apache.nifi.nar.NarClassLoaders Loaded NAR file: /opt/nifi/nifi-current/./work/nar/extensions/nifi-gitlab-nar-2.6.0.nar-unpacked as class loader org.apache.nifi.nar.NarClassLoader[./work/nar/extensions/nifi-gitlab-nar-2.6.0.nar-unpacked]
2025-10-12 22:12:50,570 INFO [main] org.apache.nifi.nar.NarClassLoaders Loaded NAR file: /opt/nifi/nifi-current/./work/nar/extensions/nifi-mongodb-services-nar-2.6.0.nar-unpacked as class loader org.apache.nifi.nar.NarClassLoader[./work/nar/extensions/nifi-mongodb-services-nar-2.6.0.nar-unpacked]
2025-10-12 22:12:50,572 INFO [main] org.apache.nifi.nar.NarClassLoaders Loaded NAR file: /opt/nifi/nifi-current/./work/nar/extensions/nifi-site-to-site-reporting-nar-2.6.0.nar-unpacked as class loader org.apache.nifi.nar.NarClassLoader[./work/nar/extensions/nifi-site-to-site-reporting-nar-2.6.0.nar-unpacked]
2025-10-12 22:12:50,576 INFO [main] org.apache.nifi.nar.NarClassLoaders Loaded NAR file: /opt/nifi/nifi-current/./work/nar/extensions/nifi-jolt-nar-2.6.0.nar-unpacked as class loader org.apache.nifi.nar.NarClassLoader[./work/nar/extensions/nifi-jolt-nar-2.6.0.nar-unpacked]
2025-10-12 22:12:50,580 INFO [main] org.apache.nifi.nar.NarClassLoaders Loaded NAR file: /opt/nifi/nifi-current/./work/nar/extensions/nifi-airtable-nar-2.6.0.nar-unpacked as class loader org.apache.nifi.nar.NarClassLoader[./work/nar/extensions/nifi-airtable-nar-2.6.0.nar-unpacked]
2025-10-12 22:12:50,584 INFO [main] org.apache.nifi.nar.NarClassLoaders Loaded NAR file: /opt/nifi/nifi-current/./work/nar/extensions/nifi-salesforce-nar-2.6.0.nar-unpacked as class loader org.apache.nifi.nar.NarClassLoader[./work/nar/extensions/nifi-salesforce-nar-2.6.0.nar-unpacked]
2025-10-12 22:12:50,589 INFO [main] org.apache.nifi.nar.NarClassLoaders Loaded NAR file: /opt/nifi/nifi-current/./work/nar/extensions/nifi-slack-nar-2.6.0.nar-unpacked as class loader org.apache.nifi.nar.NarClassLoader[./work/nar/extensions/nifi-slack-nar-2.6.0.nar-unpacked]
2025-10-12 22:12:50,593 INFO [main] org.apache.nifi.nar.NarClassLoaders Loaded NAR file: /opt/nifi/nifi-current/./work/nar/extensions/nifi-box-nar-2.6.0.nar-unpacked as class loader org.apache.nifi.nar.NarClassLoader[./work/nar/extensions/nifi-box-nar-2.6.0.nar-unpacked]
2025-10-12 22:12:50,595 INFO [main] org.apache.nifi.nar.NarClassLoaders Loaded NAR file: /opt/nifi/nifi-current/./work/nar/extensions/nifi-aws-service-api-nar-2.6.0.nar-unpacked as class loader org.apache.nifi.nar.NarClassLoader[./work/nar/extensions/nifi-aws-service-api-nar-2.6.0.nar-unpacked]
2025-10-12 22:12:50,598 INFO [main] org.apache.nifi.nar.NarClassLoaders Loaded NAR file: /opt/nifi/nifi-current/./work/nar/extensions/nifi-oauth2-provider-nar-2.6.0.nar-unpacked as class loader org.apache.nifi.nar.NarClassLoader[./work/nar/extensions/nifi-oauth2-provider-nar-2.6.0.nar-unpacked]
2025-10-12 22:12:50,601 INFO [main] org.apache.nifi.nar.NarClassLoaders Loaded NAR file: /opt/nifi/nifi-current/./work/nar/extensions/nifi-kafka-service-api-nar-2.6.0.nar-unpacked as class loader org.apache.nifi.nar.NarClassLoader[./work/nar/extensions/nifi-kafka-service-api-nar-2.6.0.nar-unpacked]
2025-10-12 22:12:50,603 INFO [main] org.apache.nifi.nar.NarClassLoaders Loaded NAR file: /opt/nifi/nifi-current/./work/nar/extensions/nifi-azure-nar-2.6.0.nar-unpacked as class loader org.apache.nifi.nar.NarClassLoader[./work/nar/extensions/nifi-azure-nar-2.6.0.nar-unpacked]
2025-10-12 22:12:50,621 INFO [main] org.apache.nifi.nar.NarClassLoaders Loaded NAR file: /opt/nifi/nifi-current/./work/nar/extensions/nifi-dropbox-services-nar-2.6.0.nar-unpacked as class loader org.apache.nifi.nar.NarClassLoader[./work/nar/extensions/nifi-dropbox-services-nar-2.6.0.nar-unpacked]
2025-10-12 22:12:50,625 INFO [main] org.apache.nifi.nar.NarClassLoaders Loaded NAR file: /opt/nifi/nifi-current/./work/nar/extensions/nifi-box-services-nar-2.6.0.nar-unpacked as class loader org.apache.nifi.nar.NarClassLoader[./work/nar/extensions/nifi-box-services-nar-2.6.0.nar-unpacked]
2025-10-12 22:12:50,627 INFO [main] org.apache.nifi.nar.NarClassLoaders Loaded NAR file: /opt/nifi/nifi-current/./work/nar/extensions/nifi-pgp-nar-2.6.0.nar-unpacked as class loader org.apache.nifi.nar.NarClassLoader[./work/nar/extensions/nifi-pgp-nar-2.6.0.nar-unpacked]
2025-10-12 22:12:50,628 INFO [main] org.apache.nifi.nar.NarClassLoaders Loaded NAR file: /opt/nifi/nifi-current/./work/nar/extensions/nifi-kafka-3-service-nar-2.6.0.nar-unpacked as class loader org.apache.nifi.nar.NarClassLoader[./work/nar/extensions/nifi-kafka-3-service-nar-2.6.0.nar-unpacked]
2025-10-12 22:12:50,632 INFO [main] org.apache.nifi.nar.NarClassLoaders Loaded NAR file: /opt/nifi/nifi-current/./work/nar/extensions/nifi-kafka-nar-2.6.0.nar-unpacked as class loader org.apache.nifi.nar.NarClassLoader[./work/nar/extensions/nifi-kafka-nar-2.6.0.nar-unpacked]
2025-10-12 22:12:50,635 INFO [main] org.apache.nifi.nar.NarClassLoaders Loaded NAR file: /opt/nifi/nifi-current/./work/nar/extensions/nifi-gcp-nar-2.6.0.nar-unpacked as class loader org.apache.nifi.nar.NarClassLoader[./work/nar/extensions/nifi-gcp-nar-2.6.0.nar-unpacked]
2025-10-12 22:12:50,644 INFO [main] org.apache.nifi.nar.NarClassLoaders Loaded NAR file: /opt/nifi/nifi-current/./work/nar/extensions/nifi-aws-nar-2.6.0.nar-unpacked as class loader org.apache.nifi.nar.NarClassLoader[./work/nar/extensions/nifi-aws-nar-2.6.0.nar-unpacked]
2025-10-12 22:12:50,656 INFO [main] org.apache.nifi.nar.NarClassLoaders Loaded NAR file: /opt/nifi/nifi-current/./work/nar/extensions/nifi-kafka-service-aws-nar-2.6.0.nar-unpacked as class loader org.apache.nifi.nar.NarClassLoader[./work/nar/extensions/nifi-kafka-service-aws-nar-2.6.0.nar-unpacked]
2025-10-12 22:12:50,661 INFO [main] org.apache.nifi.nar.NarClassLoaders Found NiFiServer implementation org.apache.nifi.web.server.JettyServer in org.apache.nifi:nifi-server-nar:2.6.0
2025-10-12 22:12:50,664 INFO [main] o.a.nifi.properties.NiFiPropertiesLoader Loading Application Properties [/opt/nifi/nifi-current/conf/nifi.properties]
2025-10-12 22:12:50,666 WARN [main] o.a.nifi.properties.NiFiPropertiesLoader Generating Random Sensitive Properties Key [nifi.sensitive.props.key]
2025-10-12 22:12:50,671 INFO [main] o.a.nifi.properties.NiFiPropertiesLoader NiFi Properties [/opt/nifi/nifi-current/conf/nifi.properties] updated with Sensitive Properties Key
2025-10-12 22:12:50,672 INFO [main] o.a.nifi.properties.NiFiPropertiesLoader Loading Application Properties [/opt/nifi/nifi-current/conf/nifi.properties]
2025-10-12 22:12:50,757 INFO [main] o.a.n.f.ssl.FrameworkKeyManagerBuilder Key Manager loaded from Key Store [./conf/keystore.p12]
2025-10-12 22:12:50,765 INFO [main] o.a.n.f.ssl.FrameworkTrustManagerBuilder Trust Manager loaded from Trust Store [./conf/truststore.p12]
2025-10-12 22:12:51,124 INFO [main] org.apache.nifi.web.server.JettyServer Loading WAR [/opt/nifi/nifi-current/./work/nar/extensions/nifi-standard-content-viewer-nar-2.6.0.nar-unpacked/NAR-INF/bundled-dependencies/nifi-standard-content-viewer-2.6.0.war] Context Path [/nifi-standard-content-viewer-2.6.0]
2025-10-12 22:12:51,127 INFO [main] org.apache.nifi.web.server.JettyServer Loading WAR [/opt/nifi/nifi-current/./work/nar/extensions/nifi-jolt-nar-2.6.0.nar-unpacked/NAR-INF/bundled-dependencies/nifi-jolt-transform-json-ui-2.6.0.war] Context Path [/nifi-jolt-transform-json-ui-2.6.0]
2025-10-12 22:12:51,128 INFO [main] org.apache.nifi.web.server.JettyServer Loading UI extension [ProcessorConfiguration, /nifi-jolt-transform-json-ui-2.6.0] for org.apache.nifi.processors.jolt.JoltTransformJSON:org.apache.nifi:nifi-jolt-nar:2.6.0
2025-10-12 22:12:51,130 INFO [main] org.apache.nifi.web.server.JettyServer Loading WAR [/opt/nifi/nifi-current/./work/nar/extensions/nifi-update-attribute-nar-2.6.0.nar-unpacked/NAR-INF/bundled-dependencies/nifi-update-attribute-ui-2.6.0.war] Context Path [/nifi-update-attribute-ui-2.6.0]
2025-10-12 22:12:51,132 INFO [main] org.apache.nifi.web.server.JettyServer Loading UI extension [ProcessorConfiguration, /nifi-update-attribute-ui-2.6.0] for org.apache.nifi.processors.attributes.UpdateAttribute:org.apache.nifi:nifi-update-attribute-nar:2.6.0
2025-10-12 22:12:51,139 INFO [main] org.apache.nifi.web.server.JettyServer Loading WAR [/opt/nifi/nifi-current/./work/nar/extensions/nifi-server-nar-2.6.0.nar-unpacked/NAR-INF/bundled-dependencies/nifi-ui-2.6.0.war] Context Path [/nifi]
2025-10-12 22:12:51,141 INFO [main] org.apache.nifi.web.server.JettyServer Loading WAR [/opt/nifi/nifi-current/./work/nar/extensions/nifi-server-nar-2.6.0.nar-unpacked/NAR-INF/bundled-dependencies/nifi-web-api-2.6.0.war] Context Path [/nifi-api]
2025-10-12 22:12:51,146 INFO [main] org.apache.nifi.web.server.JettyServer Loading Docs [/opt/nifi/nifi-current/docs] Context Path [/nifi-api]
2025-10-12 22:12:51,164 INFO [main] o.a.n.n.StandardExtensionDiscoveringManager Loaded extensions for org.apache.nifi:nifi-jetty-nar:2.6.0 in 0 millis
2025-10-12 22:12:51,173 INFO [main] o.a.n.n.StandardExtensionDiscoveringManager Loaded extensions for org.apache.nifi:nifi-framework-nar:2.6.0 in 9 millis
2025-10-12 22:12:51,177 INFO [main] o.a.n.n.StandardExtensionDiscoveringManager Loaded extensions for org.apache.nifi:nifi-compress-nar:2.6.0 in 3 millis
2025-10-12 22:12:51,179 INFO [main] o.a.n.n.StandardExtensionDiscoveringManager Loaded extensions for org.apache.nifi:nifi-update-attribute-nar:2.6.0 in 2 millis
2025-10-12 22:12:51,182 INFO [main] o.a.n.n.StandardExtensionDiscoveringManager Loaded extensions for org.apache.nifi:nifi-evtx-nar:2.6.0 in 2 millis
2025-10-12 22:12:51,184 INFO [main] o.a.n.n.StandardExtensionDiscoveringManager Loaded extensions for org.apache.nifi:nifi-standard-services-api-nar:2.6.0 in 1 millis
2025-10-12 22:12:51,188 INFO [main] o.a.n.n.StandardExtensionDiscoveringManager Loaded extensions for org.apache.nifi:nifi-proxy-configuration-nar:2.6.0 in 3 millis
2025-10-12 22:12:51,192 INFO [main] o.a.n.n.StandardExtensionDiscoveringManager Loaded extensions for org.apache.nifi:nifi-framework-kubernetes-nar:2.6.0 in 3 millis
2025-10-12 22:12:51,194 INFO [main] o.a.n.n.StandardExtensionDiscoveringManager Loaded extensions for org.apache.nifi:nifi-windows-event-log-nar:2.6.0 in 1 millis
2025-10-12 22:12:51,197 INFO [main] o.a.n.n.StandardExtensionDiscoveringManager Loaded extensions for org.apache.nifi:nifi-hazelcast-services-api-nar:2.6.0 in 2 millis
2025-10-12 22:12:51,200 INFO [main] o.a.n.n.StandardExtensionDiscoveringManager Loaded extensions for org.apache.nifi:nifi-single-user-iaa-providers-nar:2.6.0 in 2 millis
2025-10-12 22:12:51,202 INFO [main] o.a.n.n.StandardExtensionDiscoveringManager Loaded extensions for org.apache.nifi:nifi-asana-services-api-nar:2.6.0 in 2 millis
2025-10-12 22:12:51,205 INFO [main] o.a.n.n.StandardExtensionDiscoveringManager Loaded extensions for org.apache.nifi:nifi-email-nar:2.6.0 in 2 millis
2025-10-12 22:12:51,208 INFO [main] o.a.n.n.StandardExtensionDiscoveringManager Loaded extensions for org.apache.nifi:nifi-dbcp-service-nar:2.6.0 in 2 millis
2025-10-12 22:12:51,210 INFO [main] o.a.n.n.StandardExtensionDiscoveringManager Loaded extensions for org.apache.nifi:nifi-hl7-nar:2.6.0 in 1 millis
2025-10-12 22:12:51,212 INFO [main] o.a.n.n.StandardExtensionDiscoveringManager Loaded extensions for org.apache.nifi:nifi-stateful-analysis-nar:2.6.0 in 1 millis
2025-10-12 22:12:51,215 INFO [main] o.a.n.n.StandardExtensionDiscoveringManager Loaded extensions for org.apache.nifi:nifi-workday-processors-nar:2.6.0 in 2 millis
2025-10-12 22:12:51,217 INFO [main] o.a.n.n.StandardExtensionDiscoveringManager Loaded extensions for org.apache.nifi:nifi-ldap-iaa-providers-nar:2.6.0 in 1 millis
2025-10-12 22:12:51,220 INFO [main] o.a.n.n.StandardExtensionDiscoveringManager Loaded extensions for org.apache.nifi:nifi-distributed-cache-services-nar:2.6.0 in 2 millis
2025-10-12 22:12:51,222 INFO [main] o.a.n.n.StandardExtensionDiscoveringManager Loaded extensions for org.apache.nifi:nifi-asana-services-nar:2.6.0 in 2 millis
2025-10-12 22:12:51,225 INFO [main] o.a.n.n.StandardExtensionDiscoveringManager Loaded extensions for org.apache.nifi:nifi-kerberos-iaa-providers-nar:2.6.0 in 2 millis
2025-10-12 22:12:51,229 INFO [main] o.a.n.n.StandardExtensionDiscoveringManager Loaded extensions for org.apache.nifi:nifi-framework-zookeeper-nar:2.6.0 in 4 millis
2025-10-12 22:12:51,231 INFO [main] o.a.n.n.StandardExtensionDiscoveringManager Loaded extensions for org.apache.nifi:nifi-server-nar:2.6.0 in 2 millis
2025-10-12 22:12:51,234 INFO [main] o.a.n.n.StandardExtensionDiscoveringManager Loaded extensions for org.apache.nifi:nifi-websocket-services-api-nar:2.6.0 in 2 millis
2025-10-12 22:12:51,237 INFO [main] o.a.n.n.StandardExtensionDiscoveringManager Loaded extensions for org.apache.nifi:nifi-standard-shared-nar:2.6.0 in 2 millis
2025-10-12 22:12:51,239 INFO [main] o.a.n.n.StandardExtensionDiscoveringManager Loaded extensions for org.apache.nifi:nifi-smb-client-api-nar:2.6.0 in 1 millis
2025-10-12 22:12:51,240 INFO [main] o.a.n.n.StandardExtensionDiscoveringManager Loaded extensions for org.apache.nifi:nifi-provenance-repository-nar:2.6.0 in 1 millis
2025-10-12 22:12:51,245 INFO [main] o.a.n.n.StandardExtensionDiscoveringManager Loaded extensions for org.apache.nifi:nifi-splunk-nar:2.6.0 in 3 millis
2025-10-12 22:12:51,247 INFO [main] o.a.n.n.StandardExtensionDiscoveringManager Loaded extensions for org.apache.nifi:nifi-file-resource-service-nar:2.6.0 in 2 millis
2025-10-12 22:12:51,249 INFO [main] o.a.n.n.StandardExtensionDiscoveringManager Loaded extensions for org.apache.nifi:nifi-redis-service-api-nar:2.6.0 in 2 millis
2025-10-12 22:12:51,252 INFO [main] o.a.n.n.StandardExtensionDiscoveringManager Loaded extensions for org.apache.nifi:nifi-registry-nar:2.6.0 in 3 millis
2025-10-12 22:12:51,254 INFO [main] o.a.n.n.StandardExtensionDiscoveringManager Loaded extensions for org.apache.nifi:nifi-ssl-context-service-nar:2.6.0 in 1 millis
2025-10-12 22:12:51,258 INFO [main] o.a.n.n.StandardExtensionDiscoveringManager Loaded extensions for org.apache.nifi:nifi-smb-nar:2.6.0 in 3 millis
2025-10-12 22:12:51,261 INFO [main] o.a.n.n.StandardExtensionDiscoveringManager Loaded extensions for org.apache.nifi:nifi-kerberos-user-service-nar:2.6.0 in 2 millis
2025-10-12 22:12:51,264 INFO [main] o.a.n.n.StandardExtensionDiscoveringManager Loaded extensions for org.apache.nifi:nifi-py4j-nar:2.6.0 in 3 millis
2025-10-12 22:12:51,267 INFO [main] o.a.n.n.StandardExtensionDiscoveringManager Loaded extensions for org.apache.nifi:nifi-hazelcast-services-nar:2.6.0 in 2 millis
2025-10-12 22:12:51,273 INFO [main] o.a.n.n.StandardExtensionDiscoveringManager Loaded extensions for org.apache.nifi:nifi-standard-nar:2.6.0 in 5 millis
2025-10-12 22:12:51,275 INFO [main] o.a.n.n.StandardExtensionDiscoveringManager Loaded extensions for org.apache.nifi:nifi-amqp-nar:2.6.0 in 1 millis
2025-10-12 22:12:51,278 INFO [main] o.a.n.n.StandardExtensionDiscoveringManager Loaded extensions for org.apache.nifi:nifi-enrich-nar:2.6.0 in 2 millis
2025-10-12 22:12:51,281 INFO [main] o.a.n.n.StandardExtensionDiscoveringManager Loaded extensions for org.apache.nifi:nifi-atlassian-nar:2.6.0 in 2 millis
2025-10-12 22:12:51,283 INFO [main] o.a.n.n.StandardExtensionDiscoveringManager Loaded extensions for org.apache.nifi:nifi-apicurio-nar:2.6.0 in 2 millis
2025-10-12 22:12:51,285 INFO [main] o.a.n.n.StandardExtensionDiscoveringManager Loaded extensions for org.apache.nifi:nifi-jms-cf-service-nar:2.6.0 in 1 millis
2025-10-12 22:12:51,287 INFO [main] o.a.n.n.StandardExtensionDiscoveringManager Loaded extensions for org.apache.nifi:nifi-elasticsearch-client-service-api-nar:2.6.0 in 1 millis
2025-10-12 22:12:51,289 INFO [main] o.a.n.n.StandardExtensionDiscoveringManager Loaded extensions for org.apache.nifi:nifi-key-service-nar:2.6.0 in 1 millis
2025-10-12 22:12:51,292 INFO [main] o.a.n.n.StandardExtensionDiscoveringManager Loaded extensions for org.apache.nifi:nifi-mongodb-client-service-api-nar:2.6.0 in 2 millis
2025-10-12 22:12:51,294 INFO [main] o.a.n.n.StandardExtensionDiscoveringManager Loaded extensions for org.apache.nifi:nifi-redis-nar:2.6.0 in 2 millis
2025-10-12 22:12:51,296 INFO [main] o.a.n.n.StandardExtensionDiscoveringManager Loaded extensions for org.apache.nifi:nifi-database-dialect-service-nar:2.6.0 in 1 millis
2025-10-12 22:12:51,300 INFO [main] o.a.n.n.StandardExtensionDiscoveringManager Loaded extensions for org.apache.nifi:nifi-confluent-platform-nar:2.6.0 in 3 millis
2025-10-12 22:12:51,302 INFO [main] o.a.n.n.StandardExtensionDiscoveringManager Loaded extensions for org.apache.nifi:nifi-network-processors-nar:2.6.0 in 2 millis
2025-10-12 22:12:51,304 INFO [main] o.a.n.n.StandardExtensionDiscoveringManager Loaded extensions for org.apache.nifi:nifi-http-context-map-nar:2.6.0 in 1 millis
2025-10-12 22:12:51,307 INFO [main] o.a.n.n.StandardExtensionDiscoveringManager Loaded extensions for org.apache.nifi:nifi-github-nar:2.6.0 in 2 millis
2025-10-12 22:12:51,309 INFO [main] o.a.n.n.StandardExtensionDiscoveringManager Loaded extensions for org.apache.nifi:nifi-web-client-provider-service-nar:2.6.0 in 2 millis
2025-10-12 22:12:51,312 INFO [main] o.a.n.n.StandardExtensionDiscoveringManager Loaded extensions for org.apache.nifi:nifi-avro-nar:2.6.0 in 2 millis
2025-10-12 22:12:51,315 INFO [main] o.a.n.n.StandardExtensionDiscoveringManager Loaded extensions for org.apache.nifi:nifi-smb-smbj-client-nar:2.6.0 in 2 millis
2025-10-12 22:12:51,318 INFO [main] o.a.n.n.StandardExtensionDiscoveringManager Loaded extensions for org.apache.nifi:nifi-standard-content-viewer-nar:2.6.0 in 2 millis
2025-10-12 22:12:51,320 INFO [main] o.a.n.n.StandardExtensionDiscoveringManager Loaded extensions for org.apache.nifi:nifi-websocket-processors-nar:2.6.0 in 2 millis
2025-10-12 22:12:51,322 INFO [main] o.a.n.n.StandardExtensionDiscoveringManager Loaded extensions for org.apache.nifi:nifi-db-schema-registry-service-nar:2.6.0 in 1 millis
2025-10-12 22:12:51,325 INFO [main] o.a.n.n.StandardExtensionDiscoveringManager Loaded extensions for org.apache.nifi:nifi-elasticsearch-restapi-nar:2.6.0 in 2 millis
2025-10-12 22:12:51,328 INFO [main] o.a.n.n.StandardExtensionDiscoveringManager Loaded extensions for org.apache.nifi:nifi-jms-processors-nar:2.6.0 in 2 millis
2025-10-12 22:12:51,330 INFO [main] o.a.n.n.StandardExtensionDiscoveringManager Loaded extensions for org.apache.nifi:nifi-protobuf-services-nar:2.6.0 in 2 millis
2025-10-12 22:12:51,332 INFO [main] o.a.n.n.StandardExtensionDiscoveringManager Loaded extensions for org.apache.nifi:nifi-jslt-nar:2.6.0 in 2 millis
2025-10-12 22:12:51,334 INFO [main] o.a.n.n.StandardExtensionDiscoveringManager Loaded extensions for org.apache.nifi:nifi-record-sink-service-nar:2.6.0 in 1 millis
2025-10-12 22:12:51,336 INFO [main] o.a.n.n.StandardExtensionDiscoveringManager Loaded extensions for org.apache.nifi:nifi-hubspot-nar:2.6.0 in 1 millis
2025-10-12 22:12:51,337 INFO [main] o.a.n.n.StandardExtensionDiscoveringManager Loaded extensions for org.apache.nifi:nifi-hashicorp-vault-client-service-api-nar:2.6.0 in 0 millis
2025-10-12 22:12:51,340 INFO [main] o.a.n.n.StandardExtensionDiscoveringManager Loaded extensions for org.apache.nifi:nifi-azure-services-api-nar:2.6.0 in 2 millis
2025-10-12 22:12:51,341 INFO [main] o.a.n.n.StandardExtensionDiscoveringManager Loaded extensions for org.apache.nifi:nifi-dropbox-services-api-nar:2.6.0 in 1 millis
2025-10-12 22:12:51,343 INFO [main] o.a.n.n.StandardExtensionDiscoveringManager Loaded extensions for org.apache.nifi:nifi-asana-processors-nar:2.6.0 in 1 millis
2025-10-12 22:12:51,345 INFO [main] o.a.n.n.StandardExtensionDiscoveringManager Loaded extensions for org.apache.nifi:nifi-geohash-nar:2.6.0 in 1 millis
2025-10-12 22:12:51,348 INFO [main] o.a.n.n.StandardExtensionDiscoveringManager Loaded extensions for org.apache.nifi:nifi-mongodb-nar:2.6.0 in 2 millis
2025-10-12 22:12:51,350 INFO [main] o.a.n.n.StandardExtensionDiscoveringManager Loaded extensions for org.apache.nifi:nifi-box-services-api-nar:2.6.0 in 1 millis
2025-10-12 22:12:51,352 INFO [main] o.a.n.n.StandardExtensionDiscoveringManager Loaded extensions for org.apache.nifi:nifi-record-serialization-services-nar:2.6.0 in 2 millis
2025-10-12 22:12:51,354 INFO [main] o.a.n.n.StandardExtensionDiscoveringManager Loaded extensions for org.apache.nifi:nifi-shopify-nar:2.6.0 in 2 millis
2025-10-12 22:12:51,356 INFO [main] o.a.n.n.StandardExtensionDiscoveringManager Loaded extensions for org.apache.nifi:nifi-cipher-nar:2.6.0 in 2 millis
2025-10-12 22:12:51,358 INFO [main] o.a.n.n.StandardExtensionDiscoveringManager Loaded extensions for org.apache.nifi:nifi-hashicorp-vault-nar:2.6.0 in 2 millis
2025-10-12 22:12:51,360 INFO [main] o.a.n.n.StandardExtensionDiscoveringManager Loaded extensions for org.apache.nifi:nifi-mqtt-nar:2.6.0 in 2 millis
2025-10-12 22:12:51,362 INFO [main] o.a.n.n.StandardExtensionDiscoveringManager Loaded extensions for org.apache.nifi:nifi-pgp-service-api-nar:2.6.0 in 2 millis
2025-10-12 22:12:51,364 INFO [main] o.a.n.n.StandardExtensionDiscoveringManager Loaded extensions for org.apache.nifi:nifi-zendesk-services-nar:2.6.0 in 2 millis
2025-10-12 22:12:51,367 INFO [main] o.a.n.n.StandardExtensionDiscoveringManager Loaded extensions for org.apache.nifi:nifi-cdc-mysql-nar:2.6.0 in 2 millis
2025-10-12 22:12:51,369 INFO [main] o.a.n.n.StandardExtensionDiscoveringManager Loaded extensions for org.apache.nifi:nifi-snmp-nar:2.6.0 in 2 millis
2025-10-12 22:12:51,371 INFO [main] o.a.n.n.StandardExtensionDiscoveringManager Loaded extensions for org.apache.nifi:nifi-elasticsearch-client-service-nar:2.6.0 in 2 millis
2025-10-12 22:12:51,373 INFO [main] o.a.n.n.StandardExtensionDiscoveringManager Loaded extensions for org.apache.nifi:nifi-lookup-services-nar:2.6.0 in 1 millis
2025-10-12 22:12:51,376 INFO [main] o.a.n.n.StandardExtensionDiscoveringManager Loaded extensions for org.apache.nifi:nifi-dropbox-processors-nar:2.6.0 in 2 millis
2025-10-12 22:12:51,377 INFO [main] o.a.n.n.StandardExtensionDiscoveringManager Loaded extensions for org.apache.nifi:nifi-zendesk-nar:2.6.0 in 1 millis
2025-10-12 22:12:51,379 INFO [main] o.a.n.n.StandardExtensionDiscoveringManager Loaded extensions for org.apache.nifi:nifi-pgp-service-nar:2.6.0 in 1 millis
2025-10-12 22:12:51,381 INFO [main] o.a.n.n.StandardExtensionDiscoveringManager Loaded extensions for org.apache.nifi:nifi-social-media-nar:2.6.0 in 1 millis
2025-10-12 22:12:51,384 INFO [main] o.a.n.n.StandardExtensionDiscoveringManager Loaded extensions for org.apache.nifi:nifi-flow-registry-client-nar:2.6.0 in 2 millis
2025-10-12 22:12:51,386 INFO [main] o.a.n.n.StandardExtensionDiscoveringManager Loaded extensions for org.apache.nifi:nifi-opentelemetry-nar:2.6.0 in 2 millis
2025-10-12 22:12:51,388 INFO [main] o.a.n.n.StandardExtensionDiscoveringManager Loaded extensions for org.apache.nifi:nifi-scripting-nar:2.6.0 in 2 millis
2025-10-12 22:12:51,391 INFO [main] o.a.n.n.StandardExtensionDiscoveringManager Loaded extensions for org.apache.nifi:nifi-groovyx-nar:2.6.0 in 1 millis
2025-10-12 22:12:51,393 INFO [main] o.a.n.n.StandardExtensionDiscoveringManager Loaded extensions for org.apache.nifi:nifi-gcp-services-api-nar:2.6.0 in 2 millis
2025-10-12 22:12:51,394 INFO [main] o.a.n.n.StandardExtensionDiscoveringManager Loaded extensions for org.apache.nifi:nifi-websocket-services-jetty-nar:2.6.0 in 1 millis
2025-10-12 22:12:51,397 INFO [main] o.a.n.n.StandardExtensionDiscoveringManager Loaded extensions for org.apache.nifi:nifi-poi-nar:2.6.0 in 2 millis
2025-10-12 22:12:51,399 INFO [main] o.a.n.n.StandardExtensionDiscoveringManager Loaded extensions for org.apache.nifi:nifi-gitlab-nar:2.6.0 in 1 millis
2025-10-12 22:12:51,402 INFO [main] o.a.n.n.StandardExtensionDiscoveringManager Loaded extensions for org.apache.nifi:nifi-mongodb-services-nar:2.6.0 in 2 millis
2025-10-12 22:12:51,404 INFO [main] o.a.n.n.StandardExtensionDiscoveringManager Loaded extensions for org.apache.nifi:nifi-site-to-site-reporting-nar:2.6.0 in 1 millis
2025-10-12 22:12:51,406 INFO [main] o.a.n.n.StandardExtensionDiscoveringManager Loaded extensions for org.apache.nifi:nifi-jolt-nar:2.6.0 in 1 millis
2025-10-12 22:12:51,431 INFO [main] o.a.n.n.StandardExtensionDiscoveringManager Loaded extensions for org.apache.nifi:nifi-airtable-nar:2.6.0 in 25 millis
2025-10-12 22:12:51,433 INFO [main] o.a.n.n.StandardExtensionDiscoveringManager Loaded extensions for org.apache.nifi:nifi-salesforce-nar:2.6.0 in 1 millis
2025-10-12 22:12:51,435 INFO [main] o.a.n.n.StandardExtensionDiscoveringManager Loaded extensions for org.apache.nifi:nifi-slack-nar:2.6.0 in 2 millis
2025-10-12 22:12:51,437 INFO [main] o.a.n.n.StandardExtensionDiscoveringManager Loaded extensions for org.apache.nifi:nifi-box-nar:2.6.0 in 1 millis
2025-10-12 22:12:51,440 INFO [main] o.a.n.n.StandardExtensionDiscoveringManager Loaded extensions for org.apache.nifi:nifi-aws-service-api-nar:2.6.0 in 2 millis
2025-10-12 22:12:51,443 INFO [main] o.a.n.n.StandardExtensionDiscoveringManager Loaded extensions for org.apache.nifi:nifi-oauth2-provider-nar:2.6.0 in 3 millis
2025-10-12 22:12:51,446 INFO [main] o.a.n.n.StandardExtensionDiscoveringManager Loaded extensions for org.apache.nifi:nifi-kafka-service-api-nar:2.6.0 in 2 millis
2025-10-12 22:12:51,452 INFO [main] o.a.n.n.StandardExtensionDiscoveringManager Loaded extensions for org.apache.nifi:nifi-azure-nar:2.6.0 in 4 millis
2025-10-12 22:12:51,454 INFO [main] o.a.n.n.StandardExtensionDiscoveringManager Loaded extensions for org.apache.nifi:nifi-dropbox-services-nar:2.6.0 in 1 millis
2025-10-12 22:12:51,456 INFO [main] o.a.n.n.StandardExtensionDiscoveringManager Loaded extensions for org.apache.nifi:nifi-box-services-nar:2.6.0 in 1 millis
2025-10-12 22:12:51,459 INFO [main] o.a.n.n.StandardExtensionDiscoveringManager Loaded extensions for org.apache.nifi:nifi-pgp-nar:2.6.0 in 3 millis
2025-10-12 22:12:51,460 INFO [main] o.a.n.n.StandardExtensionDiscoveringManager Loaded extensions for org.apache.nifi:nifi-kafka-3-service-nar:2.6.0 in 1 millis
2025-10-12 22:12:51,462 INFO [main] o.a.n.n.StandardExtensionDiscoveringManager Loaded extensions for org.apache.nifi:nifi-kafka-nar:2.6.0 in 1 millis
2025-10-12 22:12:51,465 INFO [main] o.a.n.n.StandardExtensionDiscoveringManager Loaded extensions for org.apache.nifi:nifi-gcp-nar:2.6.0 in 2 millis
2025-10-12 22:12:51,468 INFO [main] o.a.n.n.StandardExtensionDiscoveringManager Loaded extensions for org.apache.nifi:nifi-aws-nar:2.6.0 in 3 millis
2025-10-12 22:12:51,470 INFO [main] o.a.n.n.StandardExtensionDiscoveringManager Loaded extensions for org.apache.nifi:nifi-kafka-service-aws-nar:2.6.0 in 1 millis
2025-10-12 22:12:51,472 INFO [main] o.a.n.n.StandardExtensionDiscoveringManager Extension Type Mapping to Bundle:
	=== AccessPolicyProvider Type ===
	org.apache.nifi.authorization.FileAccessPolicyProvider
		org.apache.nifi:nifi-framework-nar:2.6.0 || ./work/nar/framework/nifi-framework-nar-2.6.0.nar-unpacked
	=== End AccessPolicyProvider types ===
	=== StatusHistoryRepository Type ===
	org.apache.nifi.controller.status.history.VolatileComponentStatusRepository
		org.apache.nifi:nifi-framework-nar:2.6.0 || ./work/nar/framework/nifi-framework-nar-2.6.0.nar-unpacked
	=== End StatusHistoryRepository types ===
	=== FlowFileSwapManager Type ===
	org.apache.nifi.controller.FileSystemSwapManager
		org.apache.nifi:nifi-framework-nar:2.6.0 || ./work/nar/framework/nifi-framework-nar-2.6.0.nar-unpacked
	=== End FlowFileSwapManager types ===
	=== FlowRegistryClient Type ===
	org.apache.nifi.github.GitHubFlowRegistryClient
		org.apache.nifi:nifi-github-nar:2.6.0 || ./work/nar/extensions/nifi-github-nar-2.6.0.nar-unpacked
	org.apache.nifi.gitlab.GitLabFlowRegistryClient
		org.apache.nifi:nifi-gitlab-nar:2.6.0 || ./work/nar/extensions/nifi-gitlab-nar-2.6.0.nar-unpacked
	org.apache.nifi.atlassian.bitbucket.BitbucketFlowRegistryClient
		org.apache.nifi:nifi-atlassian-nar:2.6.0 || ./work/nar/extensions/nifi-atlassian-nar-2.6.0.nar-unpacked
	org.apache.nifi.azure.devops.AzureDevOpsFlowRegistryClient
		org.apache.nifi:nifi-azure-nar:2.6.0 || ./work/nar/extensions/nifi-azure-nar-2.6.0.nar-unpacked
	org.apache.nifi.registry.flow.NifiRegistryFlowRegistryClient
		org.apache.nifi:nifi-flow-registry-client-nar:2.6.0 || ./work/nar/extensions/nifi-flow-registry-client-nar-2.6.0.nar-unpacked
	=== End FlowRegistryClient types ===
	=== FlowActionReporter Type ===
	=== End FlowActionReporter types ===
	=== Authorizer Type ===
	org.apache.nifi.authorization.StandardManagedAuthorizer
		org.apache.nifi:nifi-framework-nar:2.6.0 || ./work/nar/framework/nifi-framework-nar-2.6.0.nar-unpacked
	org.apache.nifi.authorization.single.user.SingleUserAuthorizer
		org.apache.nifi:nifi-single-user-iaa-providers-nar:2.6.0 || ./work/nar/extensions/nifi-single-user-iaa-providers-nar-2.6.0.nar-unpacked
	=== End Authorizer types ===
	=== AssetManager Type ===
	org.apache.nifi.asset.StandardAssetManager
		org.apache.nifi:nifi-framework-nar:2.6.0 || ./work/nar/framework/nifi-framework-nar-2.6.0.nar-unpacked
	=== End AssetManager types ===
	=== UserGroupProvider Type ===
	org.apache.nifi.ldap.tenants.LdapUserGroupProvider
		org.apache.nifi:nifi-ldap-iaa-providers-nar:2.6.0 || ./work/nar/extensions/nifi-ldap-iaa-providers-nar-2.6.0.nar-unpacked
	org.apache.nifi.authorization.CompositeUserGroupProvider
		org.apache.nifi:nifi-framework-nar:2.6.0 || ./work/nar/framework/nifi-framework-nar-2.6.0.nar-unpacked
	org.apache.nifi.authorization.FileUserGroupProvider
		org.apache.nifi:nifi-framework-nar:2.6.0 || ./work/nar/framework/nifi-framework-nar-2.6.0.nar-unpacked
	org.apache.nifi.authorization.CompositeConfigurableUserGroupProvider
		org.apache.nifi:nifi-framework-nar:2.6.0 || ./work/nar/framework/nifi-framework-nar-2.6.0.nar-unpacked
	org.apache.nifi.authorization.azure.AzureGraphUserGroupProvider
		org.apache.nifi:nifi-azure-nar:2.6.0 || ./work/nar/extensions/nifi-azure-nar-2.6.0.nar-unpacked
	=== End UserGroupProvider types ===
	=== ControllerService Type ===
	org.apache.nifi.lookup.ReaderLookup
		org.apache.nifi:nifi-record-serialization-services-nar:2.6.0 || ./work/nar/extensions/nifi-record-serialization-services-nar-2.6.0.nar-unpacked
	org.apache.nifi.distributed.cache.client.SetCacheClientService
		org.apache.nifi:nifi-distributed-cache-services-nar:2.6.0 || ./work/nar/extensions/nifi-distributed-cache-services-nar-2.6.0.nar-unpacked
	org.apache.nifi.excel.ExcelReader
		org.apache.nifi:nifi-poi-nar:2.6.0 || ./work/nar/extensions/nifi-poi-nar-2.6.0.nar-unpacked
	org.apache.nifi.services.azure.storage.ADLSCredentialsControllerService
		org.apache.nifi:nifi-azure-nar:2.6.0 || ./work/nar/extensions/nifi-azure-nar-2.6.0.nar-unpacked
	org.apache.nifi.pgp.service.standard.StandardPGPPublicKeyService
		org.apache.nifi:nifi-pgp-service-nar:2.6.0 || ./work/nar/extensions/nifi-pgp-service-nar-2.6.0.nar-unpacked
	org.apache.nifi.services.azure.StandardAzureCredentialsControllerService
		org.apache.nifi:nifi-azure-nar:2.6.0 || ./work/nar/extensions/nifi-azure-nar-2.6.0.nar-unpacked
	org.apache.nifi.processors.aws.s3.service.S3FileResourceService
		org.apache.nifi:nifi-aws-nar:2.6.0 || ./work/nar/extensions/nifi-aws-nar-2.6.0.nar-unpacked
	org.apache.nifi.record.sink.EmailRecordSink
		org.apache.nifi:nifi-record-sink-service-nar:2.6.0 || ./work/nar/extensions/nifi-record-sink-service-nar-2.6.0.nar-unpacked
	org.apache.nifi.yaml.YamlTreeReader
		org.apache.nifi:nifi-record-serialization-services-nar:2.6.0 || ./work/nar/extensions/nifi-record-serialization-services-nar-2.6.0.nar-unpacked
	org.apache.nifi.http.StandardHttpContextMap
		org.apache.nifi:nifi-http-context-map-nar:2.6.0 || ./work/nar/extensions/nifi-http-context-map-nar-2.6.0.nar-unpacked
	org.apache.nifi.windowsevent.WindowsEventLogReader
		org.apache.nifi:nifi-record-serialization-services-nar:2.6.0 || ./work/nar/extensions/nifi-record-serialization-services-nar-2.6.0.nar-unpacked
	org.apache.nifi.elasticsearch.ElasticSearchStringLookupService
		org.apache.nifi:nifi-elasticsearch-client-service-nar:2.6.0 || ./work/nar/extensions/nifi-elasticsearch-client-service-nar-2.6.0.nar-unpacked
	org.apache.nifi.ssl.StandardRestrictedSSLContextService
		org.apache.nifi:nifi-ssl-context-service-nar:2.6.0 || ./work/nar/extensions/nifi-ssl-context-service-nar-2.6.0.nar-unpacked
	org.apache.nifi.avro.AvroRecordSetWriter
		org.apache.nifi:nifi-record-serialization-services-nar:2.6.0 || ./work/nar/extensions/nifi-record-serialization-services-nar-2.6.0.nar-unpacked
	org.apache.nifi.confluent.schemaregistry.ConfluentSchemaRegistry
		org.apache.nifi:nifi-confluent-platform-nar:2.6.0 || ./work/nar/extensions/nifi-confluent-platform-nar-2.6.0.nar-unpacked
	org.apache.nifi.dbcp.DBCPConnectionPoolLookup
		org.apache.nifi:nifi-dbcp-service-nar:2.6.0 || ./work/nar/extensions/nifi-dbcp-service-nar-2.6.0.nar-unpacked
	org.apache.nifi.syslog.SyslogReader
		org.apache.nifi:nifi-record-serialization-services-nar:2.6.0 || ./work/nar/extensions/nifi-record-serialization-services-nar-2.6.0.nar-unpacked
	org.apache.nifi.jms.cf.JndiJmsConnectionFactoryProvider
		org.apache.nifi:nifi-jms-processors-nar:2.6.0 || ./work/nar/extensions/nifi-jms-processors-nar-2.6.0.nar-unpacked
	org.apache.nifi.lookup.db.SimpleDatabaseLookupService
		org.apache.nifi:nifi-lookup-services-nar:2.6.0 || ./work/nar/extensions/nifi-lookup-services-nar-2.6.0.nar-unpacked
	org.apache.nifi.record.script.ScriptedRecordSetWriter
		org.apache.nifi:nifi-scripting-nar:2.6.0 || ./work/nar/extensions/nifi-scripting-nar-2.6.0.nar-unpacked
	org.apache.nifi.services.azure.storage.AzureStorageCredentialsControllerServiceLookup_v12
		org.apache.nifi:nifi-azure-nar:2.6.0 || ./work/nar/extensions/nifi-azure-nar-2.6.0.nar-unpacked
	org.apache.nifi.kerberos.KerberosKeytabUserService
		org.apache.nifi:nifi-kerberos-user-service-nar:2.6.0 || ./work/nar/extensions/nifi-kerberos-user-service-nar-2.6.0.nar-unpacked
	org.apache.nifi.confluent.schemaregistry.ConfluentProtobufMessageNameResolver
		org.apache.nifi:nifi-confluent-platform-nar:2.6.0 || ./work/nar/extensions/nifi-confluent-platform-nar-2.6.0.nar-unpacked
	org.apache.nifi.pgp.service.standard.StandardPGPPrivateKeyService
		org.apache.nifi:nifi-pgp-service-nar:2.6.0 || ./work/nar/extensions/nifi-pgp-service-nar-2.6.0.nar-unpacked
	org.apache.nifi.lookup.DistributedMapCacheLookupService
		org.apache.nifi:nifi-lookup-services-nar:2.6.0 || ./work/nar/extensions/nifi-lookup-services-nar-2.6.0.nar-unpacked
	org.apache.nifi.record.script.ScriptedReader
		org.apache.nifi:nifi-scripting-nar:2.6.0 || ./work/nar/extensions/nifi-scripting-nar-2.6.0.nar-unpacked
	org.apache.nifi.ssl.PEMEncodedSSLContextProvider
		org.apache.nifi:nifi-ssl-context-service-nar:2.6.0 || ./work/nar/extensions/nifi-ssl-context-service-nar-2.6.0.nar-unpacked
	org.apache.nifi.processors.gcp.credentials.service.GCPCredentialsControllerService
		org.apache.nifi:nifi-gcp-nar:2.6.0 || ./work/nar/extensions/nifi-gcp-nar-2.6.0.nar-unpacked
	org.apache.nifi.lookup.script.ScriptedLookupService
		org.apache.nifi:nifi-scripting-nar:2.6.0 || ./work/nar/extensions/nifi-scripting-nar-2.6.0.nar-unpacked
	org.apache.nifi.box.controllerservices.DeveloperBoxClientService
		org.apache.nifi:nifi-box-services-nar:2.6.0 || ./work/nar/extensions/nifi-box-services-nar-2.6.0.nar-unpacked
	org.apache.nifi.processors.gcp.storage.GCSFileResourceService
		org.apache.nifi:nifi-gcp-nar:2.6.0 || ./work/nar/extensions/nifi-gcp-nar-2.6.0.nar-unpacked
	org.apache.nifi.redis.service.RedisDistributedMapCacheClientService
		org.apache.nifi:nifi-redis-nar:2.6.0 || ./work/nar/extensions/nifi-redis-nar-2.6.0.nar-unpacked
	org.apache.nifi.box.controllerservices.JsonConfigBasedBoxClientService
		org.apache.nifi:nifi-box-services-nar:2.6.0 || ./work/nar/extensions/nifi-box-services-nar-2.6.0.nar-unpacked
	org.apache.nifi.elasticsearch.ElasticSearchLookupService
		org.apache.nifi:nifi-elasticsearch-client-service-nar:2.6.0 || ./work/nar/extensions/nifi-elasticsearch-client-service-nar-2.6.0.nar-unpacked
	org.apache.nifi.lookup.SimpleCsvFileLookupService
		org.apache.nifi:nifi-lookup-services-nar:2.6.0 || ./work/nar/extensions/nifi-lookup-services-nar-2.6.0.nar-unpacked
	org.apache.nifi.csv.CSVRecordSetWriter
		org.apache.nifi:nifi-record-serialization-services-nar:2.6.0 || ./work/nar/extensions/nifi-record-serialization-services-nar-2.6.0.nar-unpacked
	org.apache.nifi.lookup.script.SimpleScriptedLookupService
		org.apache.nifi:nifi-scripting-nar:2.6.0 || ./work/nar/extensions/nifi-scripting-nar-2.6.0.nar-unpacked
	org.apache.nifi.services.azure.storage.AzureDataLakeStorageFileResourceService
		org.apache.nifi:nifi-azure-nar:2.6.0 || ./work/nar/extensions/nifi-azure-nar-2.6.0.nar-unpacked
	org.apache.nifi.hazelcast.services.cachemanager.ExternalHazelcastCacheManager
		org.apache.nifi:nifi-hazelcast-services-nar:2.6.0 || ./work/nar/extensions/nifi-hazelcast-services-nar-2.6.0.nar-unpacked
	org.apache.nifi.fileresource.service.StandardFileResourceService
		org.apache.nifi:nifi-file-resource-service-nar:2.6.0 || ./work/nar/extensions/nifi-file-resource-service-nar-2.6.0.nar-unpacked
	org.apache.nifi.lookup.SimpleKeyValueLookupService
		org.apache.nifi:nifi-lookup-services-nar:2.6.0 || ./work/nar/extensions/nifi-lookup-services-nar-2.6.0.nar-unpacked
	org.apache.nifi.websocket.jetty.JettyWebSocketClient
		org.apache.nifi:nifi-websocket-services-jetty-nar:2.6.0 || ./work/nar/extensions/nifi-websocket-services-jetty-nar-2.6.0.nar-unpacked
	org.apache.nifi.lookup.CSVRecordLookupService
		org.apache.nifi:nifi-lookup-services-nar:2.6.0 || ./work/nar/extensions/nifi-lookup-services-nar-2.6.0.nar-unpacked
	org.apache.nifi.lookup.RestLookupService
		org.apache.nifi:nifi-lookup-services-nar:2.6.0 || ./work/nar/extensions/nifi-lookup-services-nar-2.6.0.nar-unpacked
	org.apache.nifi.kafka.service.Kafka3ConnectionService
		org.apache.nifi:nifi-kafka-3-service-nar:2.6.0 || ./work/nar/extensions/nifi-kafka-3-service-nar-2.6.0.nar-unpacked
	org.apache.nifi.schema.inference.VolatileSchemaCache
		org.apache.nifi:nifi-record-serialization-services-nar:2.6.0 || ./work/nar/extensions/nifi-record-serialization-services-nar-2.6.0.nar-unpacked
	org.apache.nifi.oauth2.StandardOauth2AccessTokenProvider
		org.apache.nifi:nifi-oauth2-provider-nar:2.6.0 || ./work/nar/extensions/nifi-oauth2-provider-nar-2.6.0.nar-unpacked
	org.apache.nifi.controller.asana.StandardAsanaClientProviderService
		org.apache.nifi:nifi-asana-services-nar:2.6.0 || ./work/nar/extensions/nifi-asana-services-nar-2.6.0.nar-unpacked
	org.apache.nifi.services.azure.storage.AzureBlobStorageFileResourceService
		org.apache.nifi:nifi-azure-nar:2.6.0 || ./work/nar/extensions/nifi-azure-nar-2.6.0.nar-unpacked
	org.apache.nifi.lookup.PropertiesFileLookupService
		org.apache.nifi:nifi-lookup-services-nar:2.6.0 || ./work/nar/extensions/nifi-lookup-services-nar-2.6.0.nar-unpacked
	org.apache.nifi.services.azure.cosmos.document.AzureCosmosDBClientService
		org.apache.nifi:nifi-azure-nar:2.6.0 || ./work/nar/extensions/nifi-azure-nar-2.6.0.nar-unpacked
	org.apache.nifi.json.JsonRecordSetWriter
		org.apache.nifi:nifi-record-serialization-services-nar:2.6.0 || ./work/nar/extensions/nifi-record-serialization-services-nar-2.6.0.nar-unpacked
	org.apache.nifi.services.slack.SlackRecordSink
		org.apache.nifi:nifi-slack-nar:2.6.0 || ./work/nar/extensions/nifi-slack-nar-2.6.0.nar-unpacked
	org.apache.nifi.processors.aws.credentials.provider.service.AWSCredentialsProviderControllerService
		org.apache.nifi:nifi-aws-nar:2.6.0 || ./work/nar/extensions/nifi-aws-nar-2.6.0.nar-unpacked
	org.apache.nifi.database.dialect.service.StandardDatabaseDialectService
		org.apache.nifi:nifi-database-dialect-service-nar:2.6.0 || ./work/nar/extensions/nifi-database-dialect-service-nar-2.6.0.nar-unpacked
	org.apache.nifi.services.azure.storage.AzureStorageCredentialsControllerService_v12
		org.apache.nifi:nifi-azure-nar:2.6.0 || ./work/nar/extensions/nifi-azure-nar-2.6.0.nar-unpacked
	org.apache.nifi.elasticsearch.ElasticSearchClientServiceImpl
		org.apache.nifi:nifi-elasticsearch-client-service-nar:2.6.0 || ./work/nar/extensions/nifi-elasticsearch-client-service-nar-2.6.0.nar-unpacked
	org.apache.nifi.services.protobuf.ProtobufReader
		org.apache.nifi:nifi-protobuf-services-nar:2.6.0 || ./work/nar/extensions/nifi-protobuf-services-nar-2.6.0.nar-unpacked
	org.apache.nifi.record.sink.LoggingRecordSink
		org.apache.nifi:nifi-record-sink-service-nar:2.6.0 || ./work/nar/extensions/nifi-record-sink-service-nar-2.6.0.nar-unpacked
	org.apache.nifi.record.sink.event.UDPEventRecordSink
		org.apache.nifi:nifi-record-sink-service-nar:2.6.0 || ./work/nar/extensions/nifi-record-sink-service-nar-2.6.0.nar-unpacked
	org.apache.nifi.kerberos.KerberosTicketCacheUserService
		org.apache.nifi:nifi-kerberos-user-service-nar:2.6.0 || ./work/nar/extensions/nifi-kerberos-user-service-nar-2.6.0.nar-unpacked
	org.apache.nifi.services.azure.data.explorer.StandardKustoIngestService
		org.apache.nifi:nifi-azure-nar:2.6.0 || ./work/nar/extensions/nifi-azure-nar-2.6.0.nar-unpacked
	org.apache.nifi.record.sink.lookup.RecordSinkServiceLookup
		org.apache.nifi:nifi-record-sink-service-nar:2.6.0 || ./work/nar/extensions/nifi-record-sink-service-nar-2.6.0.nar-unpacked
	org.apache.nifi.lookup.RecordSetWriterLookup
		org.apache.nifi:nifi-record-serialization-services-nar:2.6.0 || ./work/nar/extensions/nifi-record-serialization-services-nar-2.6.0.nar-unpacked
	org.apache.nifi.key.service.StandardPrivateKeyService
		org.apache.nifi:nifi-key-service-nar:2.6.0 || ./work/nar/extensions/nifi-key-service-nar-2.6.0.nar-unpacked
	org.apache.nifi.kerberos.KerberosPasswordUserService
		org.apache.nifi:nifi-kerberos-user-service-nar:2.6.0 || ./work/nar/extensions/nifi-kerberos-user-service-nar-2.6.0.nar-unpacked
	org.apache.nifi.services.protobuf.StandardProtobufReader
		org.apache.nifi:nifi-protobuf-services-nar:2.6.0 || ./work/nar/extensions/nifi-protobuf-services-nar-2.6.0.nar-unpacked
	org.apache.nifi.proxy.StandardProxyConfigurationService
		org.apache.nifi:nifi-proxy-configuration-nar:2.6.0 || ./work/nar/extensions/nifi-proxy-configuration-nar-2.6.0.nar-unpacked
	org.apache.nifi.schemaregistry.services.AvroSchemaRegistry
		org.apache.nifi:nifi-registry-nar:2.6.0 || ./work/nar/extensions/nifi-registry-nar-2.6.0.nar-unpacked
	org.apache.nifi.syslog.Syslog5424Reader
		org.apache.nifi:nifi-record-serialization-services-nar:2.6.0 || ./work/nar/extensions/nifi-record-serialization-services-nar-2.6.0.nar-unpacked
	org.apache.nifi.aws.schemaregistry.AmazonGlueEncodedSchemaReferenceReader
		org.apache.nifi:nifi-aws-nar:2.6.0 || ./work/nar/extensions/nifi-aws-nar-2.6.0.nar-unpacked
	org.apache.nifi.distributed.cache.client.MapCacheClientService
		org.apache.nifi:nifi-distributed-cache-services-nar:2.6.0 || ./work/nar/extensions/nifi-distributed-cache-services-nar-2.6.0.nar-unpacked
	org.apache.nifi.hazelcast.services.cacheclient.HazelcastMapCacheClient
		org.apache.nifi:nifi-hazelcast-services-nar:2.6.0 || ./work/nar/extensions/nifi-hazelcast-services-nar-2.6.0.nar-unpacked
	org.apache.nifi.mongodb.MongoDBLookupService
		org.apache.nifi:nifi-mongodb-services-nar:2.6.0 || ./work/nar/extensions/nifi-mongodb-services-nar-2.6.0.nar-unpacked
	org.apache.nifi.record.sink.HttpRecordSink
		org.apache.nifi:nifi-record-sink-service-nar:2.6.0 || ./work/nar/extensions/nifi-record-sink-service-nar-2.6.0.nar-unpacked
	org.apache.nifi.services.zendesk.ZendeskRecordSink
		org.apache.nifi:nifi-zendesk-services-nar:2.6.0 || ./work/nar/extensions/nifi-zendesk-services-nar-2.6.0.nar-unpacked
	org.apache.nifi.json.JsonPathReader
		org.apache.nifi:nifi-record-serialization-services-nar:2.6.0 || ./work/nar/extensions/nifi-record-serialization-services-nar-2.6.0.nar-unpacked
	org.apache.nifi.hazelcast.services.cachemanager.EmbeddedHazelcastCacheManager
		org.apache.nifi:nifi-hazelcast-services-nar:2.6.0 || ./work/nar/extensions/nifi-hazelcast-services-nar-2.6.0.nar-unpacked
	org.apache.nifi.record.sink.script.ScriptedRecordSink
		org.apache.nifi:nifi-scripting-nar:2.6.0 || ./work/nar/extensions/nifi-scripting-nar-2.6.0.nar-unpacked
	org.apache.nifi.avro.AvroReader
		org.apache.nifi:nifi-record-serialization-services-nar:2.6.0 || ./work/nar/extensions/nifi-record-serialization-services-nar-2.6.0.nar-unpacked
	org.apache.nifi.reporting.sink.SiteToSiteReportingRecordSink
		org.apache.nifi:nifi-site-to-site-reporting-nar:2.6.0 || ./work/nar/extensions/nifi-site-to-site-reporting-nar-2.6.0.nar-unpacked
	org.apache.nifi.dbcp.HikariCPConnectionPool
		org.apache.nifi:nifi-dbcp-service-nar:2.6.0 || ./work/nar/extensions/nifi-dbcp-service-nar-2.6.0.nar-unpacked
	org.apache.nifi.processors.aws.s3.encryption.StandardS3EncryptionService
		org.apache.nifi:nifi-aws-nar:2.6.0 || ./work/nar/extensions/nifi-aws-nar-2.6.0.nar-unpacked
	org.apache.nifi.lookup.db.DatabaseRecordLookupService
		org.apache.nifi:nifi-lookup-services-nar:2.6.0 || ./work/nar/extensions/nifi-lookup-services-nar-2.6.0.nar-unpacked
	org.apache.nifi.text.FreeFormTextRecordSetWriter
		org.apache.nifi:nifi-record-serialization-services-nar:2.6.0 || ./work/nar/extensions/nifi-record-serialization-services-nar-2.6.0.nar-unpacked
	org.apache.nifi.mongodb.MongoDBControllerService
		org.apache.nifi:nifi-mongodb-services-nar:2.6.0 || ./work/nar/extensions/nifi-mongodb-services-nar-2.6.0.nar-unpacked
	org.apache.nifi.aws.schemaregistry.AmazonGlueSchemaRegistry
		org.apache.nifi:nifi-aws-nar:2.6.0 || ./work/nar/extensions/nifi-aws-nar-2.6.0.nar-unpacked
	org.apache.nifi.grok.GrokReader
		org.apache.nifi:nifi-record-serialization-services-nar:2.6.0 || ./work/nar/extensions/nifi-record-serialization-services-nar-2.6.0.nar-unpacked
	org.apache.nifi.apicurio.schemaregistry.ApicurioSchemaRegistry
		org.apache.nifi:nifi-apicurio-nar:2.6.0 || ./work/nar/extensions/nifi-apicurio-nar-2.6.0.nar-unpacked
	org.apache.nifi.services.azure.storage.ADLSCredentialsControllerServiceLookup
		org.apache.nifi:nifi-azure-nar:2.6.0 || ./work/nar/extensions/nifi-azure-nar-2.6.0.nar-unpacked
	org.apache.nifi.dbcp.DBCPConnectionPool
		org.apache.nifi:nifi-dbcp-service-nar:2.6.0 || ./work/nar/extensions/nifi-dbcp-service-nar-2.6.0.nar-unpacked
	org.apache.nifi.websocket.jetty.JettyWebSocketServer
		org.apache.nifi:nifi-websocket-services-jetty-nar:2.6.0 || ./work/nar/extensions/nifi-websocket-services-jetty-nar-2.6.0.nar-unpacked
	org.apache.nifi.csv.CSVReader
		org.apache.nifi:nifi-record-serialization-services-nar:2.6.0 || ./work/nar/extensions/nifi-record-serialization-services-nar-2.6.0.nar-unpacked
	org.apache.nifi.services.dropbox.StandardDropboxCredentialService
		org.apache.nifi:nifi-dropbox-services-nar:2.6.0 || ./work/nar/extensions/nifi-dropbox-services-nar-2.6.0.nar-unpacked
	org.apache.nifi.redis.service.RedisConnectionPoolService
		org.apache.nifi:nifi-redis-nar:2.6.0 || ./work/nar/extensions/nifi-redis-nar-2.6.0.nar-unpacked
	org.apache.nifi.distributed.cache.server.SetCacheServer
		org.apache.nifi:nifi-distributed-cache-services-nar:2.6.0 || ./work/nar/extensions/nifi-distributed-cache-services-nar-2.6.0.nar-unpacked
	org.apache.nifi.oauth2.JWTBearerOAuth2AccessTokenProvider
		org.apache.nifi:nifi-oauth2-provider-nar:2.6.0 || ./work/nar/extensions/nifi-oauth2-provider-nar-2.6.0.nar-unpacked
	org.apache.nifi.confluent.schemaregistry.ConfluentEncodedSchemaReferenceReader
		org.apache.nifi:nifi-confluent-platform-nar:2.6.0 || ./work/nar/extensions/nifi-confluent-platform-nar-2.6.0.nar-unpacked
	org.apache.nifi.services.azure.data.explorer.StandardKustoQueryService
		org.apache.nifi:nifi-azure-nar:2.6.0 || ./work/nar/extensions/nifi-azure-nar-2.6.0.nar-unpacked
	org.apache.nifi.web.client.provider.service.StandardWebClientServiceProvider
		org.apache.nifi:nifi-web-client-provider-service-nar:2.6.0 || ./work/nar/extensions/nifi-web-client-provider-service-nar-2.6.0.nar-unpacked
	org.apache.nifi.db.schemaregistry.DatabaseTableSchemaRegistry
		org.apache.nifi:nifi-db-schema-registry-service-nar:2.6.0 || ./work/nar/extensions/nifi-db-schema-registry-service-nar-2.6.0.nar-unpacked
	org.apache.nifi.redis.service.SimpleRedisDistributedMapCacheClientService
		org.apache.nifi:nifi-redis-nar:2.6.0 || ./work/nar/extensions/nifi-redis-nar-2.6.0.nar-unpacked
	org.apache.nifi.record.sink.db.DatabaseRecordSink
		org.apache.nifi:nifi-dbcp-service-nar:2.6.0 || ./work/nar/extensions/nifi-dbcp-service-nar-2.6.0.nar-unpacked
	org.apache.nifi.xml.XMLRecordSetWriter
		org.apache.nifi:nifi-record-serialization-services-nar:2.6.0 || ./work/nar/extensions/nifi-record-serialization-services-nar-2.6.0.nar-unpacked
	org.apache.nifi.xml.XMLReader
		org.apache.nifi:nifi-record-serialization-services-nar:2.6.0 || ./work/nar/extensions/nifi-record-serialization-services-nar-2.6.0.nar-unpacked
	org.apache.nifi.schemaregistry.services.StandardJsonSchemaRegistry
		org.apache.nifi:nifi-registry-nar:2.6.0 || ./work/nar/extensions/nifi-registry-nar-2.6.0.nar-unpacked
	org.apache.nifi.lookup.XMLFileLookupService
		org.apache.nifi:nifi-lookup-services-nar:2.6.0 || ./work/nar/extensions/nifi-lookup-services-nar-2.6.0.nar-unpacked
	org.apache.nifi.confluent.schemaregistry.ConfluentEncodedSchemaReferenceWriter
		org.apache.nifi:nifi-confluent-platform-nar:2.6.0 || ./work/nar/extensions/nifi-confluent-platform-nar-2.6.0.nar-unpacked
	org.apache.nifi.distributed.cache.server.map.MapCacheServer
		org.apache.nifi:nifi-distributed-cache-services-nar:2.6.0 || ./work/nar/extensions/nifi-distributed-cache-services-nar-2.6.0.nar-unpacked
	org.apache.nifi.lookup.maxmind.IPLookupService
		org.apache.nifi:nifi-lookup-services-nar:2.6.0 || ./work/nar/extensions/nifi-lookup-services-nar-2.6.0.nar-unpacked
	org.apache.nifi.kafka.service.aws.AmazonMSKConnectionService
		org.apache.nifi:nifi-kafka-service-aws-nar:2.6.0 || ./work/nar/extensions/nifi-kafka-service-aws-nar-2.6.0.nar-unpacked
	org.apache.nifi.ssl.StandardSSLContextService
		org.apache.nifi:nifi-ssl-context-service-nar:2.6.0 || ./work/nar/extensions/nifi-ssl-context-service-nar-2.6.0.nar-unpacked
	org.apache.nifi.services.azure.eventhub.AzureEventHubRecordSink
		org.apache.nifi:nifi-azure-nar:2.6.0 || ./work/nar/extensions/nifi-azure-nar-2.6.0.nar-unpacked
	org.apache.nifi.vault.hashicorp.StandardHashiCorpVaultClientService
		org.apache.nifi:nifi-hashicorp-vault-nar:2.6.0 || ./work/nar/extensions/nifi-hashicorp-vault-nar-2.6.0.nar-unpacked
	org.apache.nifi.cef.CEFReader
		org.apache.nifi:nifi-record-serialization-services-nar:2.6.0 || ./work/nar/extensions/nifi-record-serialization-services-nar-2.6.0.nar-unpacked
	org.apache.nifi.jms.cf.JMSConnectionFactoryProvider
		org.apache.nifi:nifi-jms-processors-nar:2.6.0 || ./work/nar/extensions/nifi-jms-processors-nar-2.6.0.nar-unpacked
	org.apache.nifi.services.smb.SmbjClientProviderService
		org.apache.nifi:nifi-smb-smbj-client-nar:2.6.0 || ./work/nar/extensions/nifi-smb-smbj-client-nar-2.6.0.nar-unpacked
	org.apache.nifi.json.JsonTreeReader
		org.apache.nifi:nifi-record-serialization-services-nar:2.6.0 || ./work/nar/extensions/nifi-record-serialization-services-nar-2.6.0.nar-unpacked
	=== End ControllerService types ===
	=== ParameterProvider Type ===
	org.apache.nifi.vault.hashicorp.HashiCorpVaultParameterProvider
		org.apache.nifi:nifi-hashicorp-vault-nar:2.6.0 || ./work/nar/extensions/nifi-hashicorp-vault-nar-2.6.0.nar-unpacked
	org.apache.nifi.parameter.OnePasswordParameterProvider
		org.apache.nifi:nifi-standard-nar:2.6.0 || ./work/nar/extensions/nifi-standard-nar-2.6.0.nar-unpacked
	org.apache.nifi.parameter.gcp.GcpSecretManagerParameterProvider
		org.apache.nifi:nifi-gcp-nar:2.6.0 || ./work/nar/extensions/nifi-gcp-nar-2.6.0.nar-unpacked
	org.apache.nifi.parameter.aws.AwsSecretsManagerParameterProvider
		org.apache.nifi:nifi-aws-nar:2.6.0 || ./work/nar/extensions/nifi-aws-nar-2.6.0.nar-unpacked
	org.apache.nifi.parameter.KubernetesSecretParameterProvider
		org.apache.nifi:nifi-standard-nar:2.6.0 || ./work/nar/extensions/nifi-standard-nar-2.6.0.nar-unpacked
	org.apache.nifi.parameter.EnvironmentVariableParameterProvider
		org.apache.nifi:nifi-standard-nar:2.6.0 || ./work/nar/extensions/nifi-standard-nar-2.6.0.nar-unpacked
	org.apache.nifi.parameter.DatabaseParameterProvider
		org.apache.nifi:nifi-standard-nar:2.6.0 || ./work/nar/extensions/nifi-standard-nar-2.6.0.nar-unpacked
	org.apache.nifi.parameter.azure.AzureKeyVaultSecretsParameterProvider
		org.apache.nifi:nifi-azure-nar:2.6.0 || ./work/nar/extensions/nifi-azure-nar-2.6.0.nar-unpacked
	=== End ParameterProvider types ===
	=== ReportingTask Type ===
	org.apache.nifi.controller.ControllerStatusReportingTask
		org.apache.nifi:nifi-standard-nar:2.6.0 || ./work/nar/extensions/nifi-standard-nar-2.6.0.nar-unpacked
	org.apache.nifi.reporting.script.ScriptedReportingTask
		org.apache.nifi:nifi-scripting-nar:2.6.0 || ./work/nar/extensions/nifi-scripting-nar-2.6.0.nar-unpacked
	org.apache.nifi.controller.MonitorDiskUsage
		org.apache.nifi:nifi-standard-nar:2.6.0 || ./work/nar/extensions/nifi-standard-nar-2.6.0.nar-unpacked
	org.apache.nifi.reporting.SiteToSiteBulletinReportingTask
		org.apache.nifi:nifi-site-to-site-reporting-nar:2.6.0 || ./work/nar/extensions/nifi-site-to-site-reporting-nar-2.6.0.nar-unpacked
	org.apache.nifi.reporting.SiteToSiteStatusReportingTask
		org.apache.nifi:nifi-site-to-site-reporting-nar:2.6.0 || ./work/nar/extensions/nifi-site-to-site-reporting-nar-2.6.0.nar-unpacked
	org.apache.nifi.reporting.SiteToSiteProvenanceReportingTask
		org.apache.nifi:nifi-site-to-site-reporting-nar:2.6.0 || ./work/nar/extensions/nifi-site-to-site-reporting-nar-2.6.0.nar-unpacked
	org.apache.nifi.controller.MonitorMemory
		org.apache.nifi:nifi-standard-nar:2.6.0 || ./work/nar/extensions/nifi-standard-nar-2.6.0.nar-unpacked
	org.apache.nifi.reporting.azure.loganalytics.AzureLogAnalyticsReportingTask
		org.apache.nifi:nifi-azure-nar:2.6.0 || ./work/nar/extensions/nifi-azure-nar-2.6.0.nar-unpacked
	org.apache.nifi.reporting.SiteToSiteMetricsReportingTask
		org.apache.nifi:nifi-site-to-site-reporting-nar:2.6.0 || ./work/nar/extensions/nifi-site-to-site-reporting-nar-2.6.0.nar-unpacked
	org.apache.nifi.reporting.azure.loganalytics.AzureLogAnalyticsProvenanceReportingTask
		org.apache.nifi:nifi-azure-nar:2.6.0 || ./work/nar/extensions/nifi-azure-nar-2.6.0.nar-unpacked
	=== End ReportingTask types ===
	=== ContentRepository Type ===
	org.apache.nifi.controller.repository.FileSystemRepository
		org.apache.nifi:nifi-framework-nar:2.6.0 || ./work/nar/framework/nifi-framework-nar-2.6.0.nar-unpacked
	=== End ContentRepository types ===
	=== LoginIdentityProvider Type ===
	org.apache.nifi.authentication.single.user.SingleUserLoginIdentityProvider
		org.apache.nifi:nifi-single-user-iaa-providers-nar:2.6.0 || ./work/nar/extensions/nifi-single-user-iaa-providers-nar-2.6.0.nar-unpacked
	org.apache.nifi.kerberos.KerberosProvider
		org.apache.nifi:nifi-kerberos-iaa-providers-nar:2.6.0 || ./work/nar/extensions/nifi-kerberos-iaa-providers-nar-2.6.0.nar-unpacked
	org.apache.nifi.ldap.LdapProvider
		org.apache.nifi:nifi-ldap-iaa-providers-nar:2.6.0 || ./work/nar/extensions/nifi-ldap-iaa-providers-nar-2.6.0.nar-unpacked
	=== End LoginIdentityProvider types ===
	=== FlowFileRepository Type ===
	org.apache.nifi.controller.repository.WriteAheadFlowFileRepository
		org.apache.nifi:nifi-framework-nar:2.6.0 || ./work/nar/framework/nifi-framework-nar-2.6.0.nar-unpacked
	org.apache.nifi.controller.repository.VolatileFlowFileRepository
		org.apache.nifi:nifi-framework-nar:2.6.0 || ./work/nar/framework/nifi-framework-nar-2.6.0.nar-unpacked
	=== End FlowFileRepository types ===
	=== NarPersistenceProvider Type ===
	org.apache.nifi.nar.StandardNarPersistenceProvider
		org.apache.nifi:nifi-framework-nar:2.6.0 || ./work/nar/framework/nifi-framework-nar-2.6.0.nar-unpacked
	=== End NarPersistenceProvider types ===
	=== Processor Type ===
	org.apache.nifi.processors.smb.GetSmbFile
		org.apache.nifi:nifi-smb-nar:2.6.0 || ./work/nar/extensions/nifi-smb-nar-2.6.0.nar-unpacked
	org.apache.nifi.processors.box.ConsumeBoxEvents
		org.apache.nifi:nifi-box-nar:2.6.0 || ./work/nar/extensions/nifi-box-nar-2.6.0.nar-unpacked
	org.apache.nifi.processors.asana.GetAsanaObject
		org.apache.nifi:nifi-asana-processors-nar:2.6.0 || ./work/nar/extensions/nifi-asana-processors-nar-2.6.0.nar-unpacked
	org.apache.nifi.processors.aws.sqs.GetSQS
		org.apache.nifi:nifi-aws-nar:2.6.0 || ./work/nar/extensions/nifi-aws-nar-2.6.0.nar-unpacked
	org.apache.nifi.snmp.processors.SetSNMP
		org.apache.nifi:nifi-snmp-nar:2.6.0 || ./work/nar/extensions/nifi-snmp-nar-2.6.0.nar-unpacked
	org.apache.nifi.processors.compress.ModifyCompression
		org.apache.nifi:nifi-compress-nar:2.6.0 || ./work/nar/extensions/nifi-compress-nar-2.6.0.nar-unpacked
	org.apache.nifi.processors.attributes.UpdateAttribute
		org.apache.nifi:nifi-update-attribute-nar:2.6.0 || ./work/nar/extensions/nifi-update-attribute-nar-2.6.0.nar-unpacked
	org.apache.nifi.processors.standard.ExecuteStreamCommand
		org.apache.nifi:nifi-standard-nar:2.6.0 || ./work/nar/extensions/nifi-standard-nar-2.6.0.nar-unpacked
	org.apache.nifi.processors.smb.ListSmb
		org.apache.nifi:nifi-smb-nar:2.6.0 || ./work/nar/extensions/nifi-smb-nar-2.6.0.nar-unpacked
	org.apache.nifi.processors.smb.FetchSmb
		org.apache.nifi:nifi-smb-nar:2.6.0 || ./work/nar/extensions/nifi-smb-nar-2.6.0.nar-unpacked
	org.apache.nifi.processors.standard.DeduplicateRecord
		org.apache.nifi:nifi-standard-nar:2.6.0 || ./work/nar/extensions/nifi-standard-nar-2.6.0.nar-unpacked
	org.apache.nifi.processors.ISPEnrichIP
		org.apache.nifi:nifi-enrich-nar:2.6.0 || ./work/nar/extensions/nifi-enrich-nar-2.6.0.nar-unpacked
	org.apache.nifi.processors.aws.ml.translate.GetAwsTranslateJobStatus
		org.apache.nifi:nifi-aws-nar:2.6.0 || ./work/nar/extensions/nifi-aws-nar-2.6.0.nar-unpacked
	org.apache.nifi.processors.standard.DebugFlow
		org.apache.nifi:nifi-standard-nar:2.6.0 || ./work/nar/extensions/nifi-standard-nar-2.6.0.nar-unpacked
	org.apache.nifi.processors.standard.MergeContent
		org.apache.nifi:nifi-standard-nar:2.6.0 || ./work/nar/extensions/nifi-standard-nar-2.6.0.nar-unpacked
	org.apache.nifi.processors.azure.storage.MoveAzureDataLakeStorage
		org.apache.nifi:nifi-azure-nar:2.6.0 || ./work/nar/extensions/nifi-azure-nar-2.6.0.nar-unpacked
	org.apache.nifi.processors.standard.UpdateDatabaseTable
		org.apache.nifi:nifi-standard-nar:2.6.0 || ./work/nar/extensions/nifi-standard-nar-2.6.0.nar-unpacked
	org.apache.nifi.processors.standard.MergeRecord
		org.apache.nifi:nifi-standard-nar:2.6.0 || ./work/nar/extensions/nifi-standard-nar-2.6.0.nar-unpacked
	org.apache.nifi.processors.elasticsearch.PutElasticsearchRecord
		org.apache.nifi:nifi-elasticsearch-restapi-nar:2.6.0 || ./work/nar/extensions/nifi-elasticsearch-restapi-nar-2.6.0.nar-unpacked
	org.apache.nifi.processors.mongodb.RunMongoAggregation
		org.apache.nifi:nifi-mongodb-nar:2.6.0 || ./work/nar/extensions/nifi-mongodb-nar-2.6.0.nar-unpacked
	org.apache.nifi.processors.splunk.PutSplunkHTTP
		org.apache.nifi:nifi-splunk-nar:2.6.0 || ./work/nar/extensions/nifi-splunk-nar-2.6.0.nar-unpacked
	org.apache.nifi.processors.cipher.VerifyContentMAC
		org.apache.nifi:nifi-cipher-nar:2.6.0 || ./work/nar/extensions/nifi-cipher-nar-2.6.0.nar-unpacked
	org.apache.nifi.processors.standard.PutUDP
		org.apache.nifi:nifi-standard-nar:2.6.0 || ./work/nar/extensions/nifi-standard-nar-2.6.0.nar-unpacked
	org.apache.nifi.processors.hl7.ExtractHL7Attributes
		org.apache.nifi:nifi-hl7-nar:2.6.0 || ./work/nar/extensions/nifi-hl7-nar-2.6.0.nar-unpacked
	org.apache.nifi.processors.gcp.storage.PutGCSObject
		org.apache.nifi:nifi-gcp-nar:2.6.0 || ./work/nar/extensions/nifi-gcp-nar-2.6.0.nar-unpacked
	org.apache.nifi.processors.aws.s3.PutS3Object
		org.apache.nifi:nifi-aws-nar:2.6.0 || ./work/nar/extensions/nifi-aws-nar-2.6.0.nar-unpacked
	org.apache.nifi.processors.splunk.PutSplunk
		org.apache.nifi:nifi-splunk-nar:2.6.0 || ./work/nar/extensions/nifi-splunk-nar-2.6.0.nar-unpacked
	org.apache.nifi.processors.standard.SplitText
		org.apache.nifi:nifi-standard-nar:2.6.0 || ./work/nar/extensions/nifi-standard-nar-2.6.0.nar-unpacked
	org.apache.nifi.processors.standard.ListenUDPRecord
		org.apache.nifi:nifi-standard-nar:2.6.0 || ./work/nar/extensions/nifi-standard-nar-2.6.0.nar-unpacked
	org.apache.nifi.processors.gcp.storage.DeleteGCSObject
		org.apache.nifi:nifi-gcp-nar:2.6.0 || ./work/nar/extensions/nifi-gcp-nar-2.6.0.nar-unpacked
	org.apache.nifi.processors.websocket.ConnectWebSocket
		org.apache.nifi:nifi-websocket-processors-nar:2.6.0 || ./work/nar/extensions/nifi-websocket-processors-nar-2.6.0.nar-unpacked
	org.apache.nifi.processors.pgp.SignContentPGP
		org.apache.nifi:nifi-pgp-nar:2.6.0 || ./work/nar/extensions/nifi-pgp-nar-2.6.0.nar-unpacked
	org.apache.nifi.processors.aws.ml.polly.GetAwsPollyJobStatus
		org.apache.nifi:nifi-aws-nar:2.6.0 || ./work/nar/extensions/nifi-aws-nar-2.6.0.nar-unpacked
	org.apache.nifi.processors.zendesk.GetZendesk
		org.apache.nifi:nifi-zendesk-nar:2.6.0 || ./work/nar/extensions/nifi-zendesk-nar-2.6.0.nar-unpacked
	org.apache.nifi.processors.box.ConsumeBoxEnterpriseEvents
		org.apache.nifi:nifi-box-nar:2.6.0 || ./work/nar/extensions/nifi-box-nar-2.6.0.nar-unpacked
	org.apache.nifi.processors.pgp.VerifyContentPGP
		org.apache.nifi:nifi-pgp-nar:2.6.0 || ./work/nar/extensions/nifi-pgp-nar-2.6.0.nar-unpacked
	org.apache.nifi.processors.standard.ValidateJson
		org.apache.nifi:nifi-standard-nar:2.6.0 || ./work/nar/extensions/nifi-standard-nar-2.6.0.nar-unpacked
	org.apache.nifi.processors.standard.DuplicateFlowFile
		org.apache.nifi:nifi-standard-nar:2.6.0 || ./work/nar/extensions/nifi-standard-nar-2.6.0.nar-unpacked
	org.apache.nifi.processors.standard.FlattenJson
		org.apache.nifi:nifi-standard-nar:2.6.0 || ./work/nar/extensions/nifi-standard-nar-2.6.0.nar-unpacked
	org.apache.nifi.processors.avro.ExtractAvroMetadata
		org.apache.nifi:nifi-avro-nar:2.6.0 || ./work/nar/extensions/nifi-avro-nar-2.6.0.nar-unpacked
	org.apache.nifi.processors.standard.DetectDuplicate
		org.apache.nifi:nifi-standard-nar:2.6.0 || ./work/nar/extensions/nifi-standard-nar-2.6.0.nar-unpacked
	org.apache.nifi.processors.box.FetchBoxFileInfo
		org.apache.nifi:nifi-box-nar:2.6.0 || ./work/nar/extensions/nifi-box-nar-2.6.0.nar-unpacked
	org.apache.nifi.kafka.processors.ConsumeKafka
		org.apache.nifi:nifi-kafka-nar:2.6.0 || ./work/nar/extensions/nifi-kafka-nar-2.6.0.nar-unpacked
	org.apache.nifi.processors.azure.storage.PutAzureDataLakeStorage
		org.apache.nifi:nifi-azure-nar:2.6.0 || ./work/nar/extensions/nifi-azure-nar-2.6.0.nar-unpacked
	org.apache.nifi.processors.email.ExtractEmailHeaders
		org.apache.nifi:nifi-email-nar:2.6.0 || ./work/nar/extensions/nifi-email-nar-2.6.0.nar-unpacked
	org.apache.nifi.processors.jolt.JoltTransformJSON
		org.apache.nifi:nifi-jolt-nar:2.6.0 || ./work/nar/extensions/nifi-jolt-nar-2.6.0.nar-unpacked
	org.apache.nifi.processors.azure.storage.queue.GetAzureQueueStorage_v12
		org.apache.nifi:nifi-azure-nar:2.6.0 || ./work/nar/extensions/nifi-azure-nar-2.6.0.nar-unpacked
	org.apache.nifi.processors.box.ListBoxFile
		org.apache.nifi:nifi-box-nar:2.6.0 || ./work/nar/extensions/nifi-box-nar-2.6.0.nar-unpacked
	org.apache.nifi.processors.aws.dynamodb.GetDynamoDB
		org.apache.nifi:nifi-aws-nar:2.6.0 || ./work/nar/extensions/nifi-aws-nar-2.6.0.nar-unpacked
	org.apache.nifi.processors.aws.s3.FetchS3Object
		org.apache.nifi:nifi-aws-nar:2.6.0 || ./work/nar/extensions/nifi-aws-nar-2.6.0.nar-unpacked
	org.apache.nifi.processors.standard.ForkRecord
		org.apache.nifi:nifi-standard-nar:2.6.0 || ./work/nar/extensions/nifi-standard-nar-2.6.0.nar-unpacked
	org.apache.nifi.processors.aws.lambda.PutLambda
		org.apache.nifi:nifi-aws-nar:2.6.0 || ./work/nar/extensions/nifi-aws-nar-2.6.0.nar-unpacked
	org.apache.nifi.processors.standard.ListenTCP
		org.apache.nifi:nifi-standard-nar:2.6.0 || ./work/nar/extensions/nifi-standard-nar-2.6.0.nar-unpacked
	org.apache.nifi.processors.network.pcap.SplitPCAP
		org.apache.nifi:nifi-network-processors-nar:2.6.0 || ./work/nar/extensions/nifi-network-processors-nar-2.6.0.nar-unpacked
	org.apache.nifi.processors.script.ExecuteScript
		org.apache.nifi:nifi-scripting-nar:2.6.0 || ./work/nar/extensions/nifi-scripting-nar-2.6.0.nar-unpacked
	org.apache.nifi.processors.slack.ConsumeSlack
		org.apache.nifi:nifi-slack-nar:2.6.0 || ./work/nar/extensions/nifi-slack-nar-2.6.0.nar-unpacked
	org.apache.nifi.processors.standard.ReplaceTextWithMapping
		org.apache.nifi:nifi-standard-nar:2.6.0 || ./work/nar/extensions/nifi-standard-nar-2.6.0.nar-unpacked
	org.apache.nifi.processors.azure.storage.DeleteAzureBlobStorage_v12
		org.apache.nifi:nifi-azure-nar:2.6.0 || ./work/nar/extensions/nifi-azure-nar-2.6.0.nar-unpacked
	org.apache.nifi.processors.standard.CompressContent
		org.apache.nifi:nifi-standard-nar:2.6.0 || ./work/nar/extensions/nifi-standard-nar-2.6.0.nar-unpacked
	org.apache.nifi.processors.dropbox.ListDropbox
		org.apache.nifi:nifi-dropbox-processors-nar:2.6.0 || ./work/nar/extensions/nifi-dropbox-processors-nar-2.6.0.nar-unpacked
	org.apache.nifi.processors.twitter.ConsumeTwitter
		org.apache.nifi:nifi-social-media-nar:2.6.0 || ./work/nar/extensions/nifi-social-media-nar-2.6.0.nar-unpacked
	org.apache.nifi.processors.standard.QueryRecord
		org.apache.nifi:nifi-standard-nar:2.6.0 || ./work/nar/extensions/nifi-standard-nar-2.6.0.nar-unpacked
	org.apache.nifi.processors.stateful.analysis.AttributeRollingWindow
		org.apache.nifi:nifi-stateful-analysis-nar:2.6.0 || ./work/nar/extensions/nifi-stateful-analysis-nar-2.6.0.nar-unpacked
	org.apache.nifi.processors.mongodb.PutMongo
		org.apache.nifi:nifi-mongodb-nar:2.6.0 || ./work/nar/extensions/nifi-mongodb-nar-2.6.0.nar-unpacked
	org.apache.nifi.processors.elasticsearch.GetElasticsearch
		org.apache.nifi:nifi-elasticsearch-restapi-nar:2.6.0 || ./work/nar/extensions/nifi-elasticsearch-restapi-nar-2.6.0.nar-unpacked
	org.apache.nifi.processors.standard.PutFTP
		org.apache.nifi:nifi-standard-nar:2.6.0 || ./work/nar/extensions/nifi-standard-nar-2.6.0.nar-unpacked
	org.apache.nifi.processors.standard.UpdateCounter
		org.apache.nifi:nifi-standard-nar:2.6.0 || ./work/nar/extensions/nifi-standard-nar-2.6.0.nar-unpacked
	org.apache.nifi.processors.standard.SplitXml
		org.apache.nifi:nifi-standard-nar:2.6.0 || ./work/nar/extensions/nifi-standard-nar-2.6.0.nar-unpacked
	org.apache.nifi.processors.standard.ReplaceText
		org.apache.nifi:nifi-standard-nar:2.6.0 || ./work/nar/extensions/nifi-standard-nar-2.6.0.nar-unpacked
	org.apache.nifi.processors.opentelemetry.ListenOTLP
		org.apache.nifi:nifi-opentelemetry-nar:2.6.0 || ./work/nar/extensions/nifi-opentelemetry-nar-2.6.0.nar-unpacked
	org.apache.nifi.processors.salesforce.PutSalesforceObject
		org.apache.nifi:nifi-salesforce-nar:2.6.0 || ./work/nar/extensions/nifi-salesforce-nar-2.6.0.nar-unpacked
	org.apache.nifi.processors.standard.IdentifyMimeType
		org.apache.nifi:nifi-standard-nar:2.6.0 || ./work/nar/extensions/nifi-standard-nar-2.6.0.nar-unpacked
	org.apache.nifi.processors.standard.GetFile
		org.apache.nifi:nifi-standard-nar:2.6.0 || ./work/nar/extensions/nifi-standard-nar-2.6.0.nar-unpacked
	org.apache.nifi.jms.processors.ConsumeJMS
		org.apache.nifi:nifi-jms-processors-nar:2.6.0 || ./work/nar/extensions/nifi-jms-processors-nar-2.6.0.nar-unpacked
	org.apache.nifi.processors.standard.PutSyslog
		org.apache.nifi:nifi-standard-nar:2.6.0 || ./work/nar/extensions/nifi-standard-nar-2.6.0.nar-unpacked
	org.apache.nifi.processors.airtable.QueryAirtableTable
		org.apache.nifi:nifi-airtable-nar:2.6.0 || ./work/nar/extensions/nifi-airtable-nar-2.6.0.nar-unpacked
	org.apache.nifi.processors.standard.ValidateRecord
		org.apache.nifi:nifi-standard-nar:2.6.0 || ./work/nar/extensions/nifi-standard-nar-2.6.0.nar-unpacked
	org.apache.nifi.jms.processors.PublishJMS
		org.apache.nifi:nifi-jms-processors-nar:2.6.0 || ./work/nar/extensions/nifi-jms-processors-nar-2.6.0.nar-unpacked
	org.apache.nifi.processors.aws.dynamodb.PutDynamoDB
		org.apache.nifi:nifi-aws-nar:2.6.0 || ./work/nar/extensions/nifi-aws-nar-2.6.0.nar-unpacked
	org.apache.nifi.processors.salesforce.QuerySalesforceObject
		org.apache.nifi:nifi-salesforce-nar:2.6.0 || ./work/nar/extensions/nifi-salesforce-nar-2.6.0.nar-unpacked
	org.apache.nifi.processors.standard.FetchDistributedMapCache
		org.apache.nifi:nifi-standard-nar:2.6.0 || ./work/nar/extensions/nifi-standard-nar-2.6.0.nar-unpacked
	org.apache.nifi.processors.standard.EvaluateXPath
		org.apache.nifi:nifi-standard-nar:2.6.0 || ./work/nar/extensions/nifi-standard-nar-2.6.0.nar-unpacked
	org.apache.nifi.processors.aws.ml.textract.StartAwsTextractJob
		org.apache.nifi:nifi-aws-nar:2.6.0 || ./work/nar/extensions/nifi-aws-nar-2.6.0.nar-unpacked
	org.apache.nifi.amqp.processors.ConsumeAMQP
		org.apache.nifi:nifi-amqp-nar:2.6.0 || ./work/nar/extensions/nifi-amqp-nar-2.6.0.nar-unpacked
	org.apache.nifi.processors.aws.dynamodb.DeleteDynamoDB
		org.apache.nifi:nifi-aws-nar:2.6.0 || ./work/nar/extensions/nifi-aws-nar-2.6.0.nar-unpacked
	org.apache.nifi.processors.GeoEnrichIP
		org.apache.nifi:nifi-enrich-nar:2.6.0 || ./work/nar/extensions/nifi-enrich-nar-2.6.0.nar-unpacked
	org.apache.nifi.processors.standard.JoinEnrichment
		org.apache.nifi:nifi-standard-nar:2.6.0 || ./work/nar/extensions/nifi-standard-nar-2.6.0.nar-unpacked
	org.apache.nifi.processors.gcp.vision.GetGcpVisionAnnotateImagesOperationStatus
		org.apache.nifi:nifi-gcp-nar:2.6.0 || ./work/nar/extensions/nifi-gcp-nar-2.6.0.nar-unpacked
	org.apache.nifi.processors.standard.GetFileResource
		org.apache.nifi:nifi-standard-nar:2.6.0 || ./work/nar/extensions/nifi-standard-nar-2.6.0.nar-unpacked
	org.apache.nifi.processors.box.GetBoxFileCollaborators
		org.apache.nifi:nifi-box-nar:2.6.0 || ./work/nar/extensions/nifi-box-nar-2.6.0.nar-unpacked
	org.apache.nifi.processors.standard.QueryDatabaseTableRecord
		org.apache.nifi:nifi-standard-nar:2.6.0 || ./work/nar/extensions/nifi-standard-nar-2.6.0.nar-unpacked
	org.apache.nifi.processors.azure.storage.queue.PutAzureQueueStorage_v12
		org.apache.nifi:nifi-azure-nar:2.6.0 || ./work/nar/extensions/nifi-azure-nar-2.6.0.nar-unpacked
	org.apache.nifi.processors.standard.RouteOnContent
		org.apache.nifi:nifi-standard-nar:2.6.0 || ./work/nar/extensions/nifi-standard-nar-2.6.0.nar-unpacked
	org.apache.nifi.processors.standard.GetSFTP
		org.apache.nifi:nifi-standard-nar:2.6.0 || ./work/nar/extensions/nifi-standard-nar-2.6.0.nar-unpacked
	org.apache.nifi.processors.standard.EncodeContent
		org.apache.nifi:nifi-standard-nar:2.6.0 || ./work/nar/extensions/nifi-standard-nar-2.6.0.nar-unpacked
	org.apache.nifi.processors.standard.InvokeHTTP
		org.apache.nifi:nifi-standard-nar:2.6.0 || ./work/nar/extensions/nifi-standard-nar-2.6.0.nar-unpacked
	org.apache.nifi.processors.elasticsearch.PutElasticsearchJson
		org.apache.nifi:nifi-elasticsearch-restapi-nar:2.6.0 || ./work/nar/extensions/nifi-elasticsearch-restapi-nar-2.6.0.nar-unpacked
	org.apache.nifi.processors.standard.AttributesToJSON
		org.apache.nifi:nifi-standard-nar:2.6.0 || ./work/nar/extensions/nifi-standard-nar-2.6.0.nar-unpacked
	org.apache.nifi.processors.standard.LogMessage
		org.apache.nifi:nifi-standard-nar:2.6.0 || ./work/nar/extensions/nifi-standard-nar-2.6.0.nar-unpacked
	org.apache.nifi.processors.elasticsearch.ConsumeElasticsearch
		org.apache.nifi:nifi-elasticsearch-restapi-nar:2.6.0 || ./work/nar/extensions/nifi-elasticsearch-restapi-nar-2.6.0.nar-unpacked
	org.apache.nifi.processors.gcp.vision.StartGcpVisionAnnotateFilesOperation
		org.apache.nifi:nifi-gcp-nar:2.6.0 || ./work/nar/extensions/nifi-gcp-nar-2.6.0.nar-unpacked
	org.apache.nifi.processors.standard.CalculateRecordStats
		org.apache.nifi:nifi-standard-nar:2.6.0 || ./work/nar/extensions/nifi-standard-nar-2.6.0.nar-unpacked
	org.apache.nifi.processors.jslt.JSLTTransformJSON
		org.apache.nifi:nifi-jslt-nar:2.6.0 || ./work/nar/extensions/nifi-jslt-nar-2.6.0.nar-unpacked
	org.apache.nifi.processors.azure.storage.ListAzureDataLakeStorage
		org.apache.nifi:nifi-azure-nar:2.6.0 || ./work/nar/extensions/nifi-azure-nar-2.6.0.nar-unpacked
	org.apache.nifi.processors.excel.SplitExcel
		org.apache.nifi:nifi-poi-nar:2.6.0 || ./work/nar/extensions/nifi-poi-nar-2.6.0.nar-unpacked
	org.apache.nifi.processors.aws.s3.CopyS3Object
		org.apache.nifi:nifi-aws-nar:2.6.0 || ./work/nar/extensions/nifi-aws-nar-2.6.0.nar-unpacked
	org.apache.nifi.processors.standard.FetchFTP
		org.apache.nifi:nifi-standard-nar:2.6.0 || ./work/nar/extensions/nifi-standard-nar-2.6.0.nar-unpacked
	org.apache.nifi.processors.azure.storage.PutAzureBlobStorage_v12
		org.apache.nifi:nifi-azure-nar:2.6.0 || ./work/nar/extensions/nifi-azure-nar-2.6.0.nar-unpacked
	org.apache.nifi.processors.standard.PutDatabaseRecord
		org.apache.nifi:nifi-standard-nar:2.6.0 || ./work/nar/extensions/nifi-standard-nar-2.6.0.nar-unpacked
	org.apache.nifi.processors.azure.storage.DeleteAzureDataLakeStorage
		org.apache.nifi:nifi-azure-nar:2.6.0 || ./work/nar/extensions/nifi-azure-nar-2.6.0.nar-unpacked
	org.apache.nifi.processors.standard.RouteOnAttribute
		org.apache.nifi:nifi-standard-nar:2.6.0 || ./work/nar/extensions/nifi-standard-nar-2.6.0.nar-unpacked
	org.apache.nifi.processors.standard.ScanContent
		org.apache.nifi:nifi-standard-nar:2.6.0 || ./work/nar/extensions/nifi-standard-nar-2.6.0.nar-unpacked
	org.apache.nifi.processors.gcp.drive.FetchGoogleDrive
		org.apache.nifi:nifi-gcp-nar:2.6.0 || ./work/nar/extensions/nifi-gcp-nar-2.6.0.nar-unpacked
	org.apache.nifi.processors.groovyx.ExecuteGroovyScript
		org.apache.nifi:nifi-groovyx-nar:2.6.0 || ./work/nar/extensions/nifi-groovyx-nar-2.6.0.nar-unpacked
	org.apache.nifi.processors.standard.LogAttribute
		org.apache.nifi:nifi-standard-nar:2.6.0 || ./work/nar/extensions/nifi-standard-nar-2.6.0.nar-unpacked
	org.apache.nifi.processors.box.GetBoxGroupMembers
		org.apache.nifi:nifi-box-nar:2.6.0 || ./work/nar/extensions/nifi-box-nar-2.6.0.nar-unpacked
	org.apache.nifi.processors.box.ListBoxFileMetadataTemplates
		org.apache.nifi:nifi-box-nar:2.6.0 || ./work/nar/extensions/nifi-box-nar-2.6.0.nar-unpacked
	org.apache.nifi.processors.jolt.JoltTransformRecord
		org.apache.nifi:nifi-jolt-nar:2.6.0 || ./work/nar/extensions/nifi-jolt-nar-2.6.0.nar-unpacked
	org.apache.nifi.processors.aws.kinesis.stream.PutKinesisStream
		org.apache.nifi:nifi-aws-nar:2.6.0 || ./work/nar/extensions/nifi-aws-nar-2.6.0.nar-unpacked
	org.apache.nifi.processors.box.ExtractStructuredBoxFileMetadata
		org.apache.nifi:nifi-box-nar:2.6.0 || ./work/nar/extensions/nifi-box-nar-2.6.0.nar-unpacked
	org.apache.nifi.processors.aws.s3.ListS3
		org.apache.nifi:nifi-aws-nar:2.6.0 || ./work/nar/extensions/nifi-aws-nar-2.6.0.nar-unpacked
	org.apache.nifi.processors.GeoEnrichIPRecord
		org.apache.nifi:nifi-enrich-nar:2.6.0 || ./work/nar/extensions/nifi-enrich-nar-2.6.0.nar-unpacked
	org.apache.nifi.processors.mongodb.gridfs.FetchGridFS
		org.apache.nifi:nifi-mongodb-nar:2.6.0 || ./work/nar/extensions/nifi-mongodb-nar-2.6.0.nar-unpacked
	org.apache.nifi.processors.standard.SplitJson
		org.apache.nifi:nifi-standard-nar:2.6.0 || ./work/nar/extensions/nifi-standard-nar-2.6.0.nar-unpacked
	org.apache.nifi.processors.mongodb.PutMongoRecord
		org.apache.nifi:nifi-mongodb-nar:2.6.0 || ./work/nar/extensions/nifi-mongodb-nar-2.6.0.nar-unpacked
	org.apache.nifi.processors.standard.ParseSyslog
		org.apache.nifi:nifi-standard-nar:2.6.0 || ./work/nar/extensions/nifi-standard-nar-2.6.0.nar-unpacked
	org.apache.nifi.processors.elasticsearch.DeleteByQueryElasticsearch
		org.apache.nifi:nifi-elasticsearch-restapi-nar:2.6.0 || ./work/nar/extensions/nifi-elasticsearch-restapi-nar-2.6.0.nar-unpacked
	org.apache.nifi.processors.elasticsearch.JsonQueryElasticsearch
		org.apache.nifi:nifi-elasticsearch-restapi-nar:2.6.0 || ./work/nar/extensions/nifi-elasticsearch-restapi-nar-2.6.0.nar-unpacked
	org.apache.nifi.processors.geohash.GeohashRecord
		org.apache.nifi:nifi-geohash-nar:2.6.0 || ./work/nar/extensions/nifi-geohash-nar-2.6.0.nar-unpacked
	org.apache.nifi.processors.mqtt.ConsumeMQTT
		org.apache.nifi:nifi-mqtt-nar:2.6.0 || ./work/nar/extensions/nifi-mqtt-nar-2.6.0.nar-unpacked
	org.apache.nifi.processors.azure.eventhub.ConsumeAzureEventHub
		org.apache.nifi:nifi-azure-nar:2.6.0 || ./work/nar/extensions/nifi-azure-nar-2.6.0.nar-unpacked
	org.apache.nifi.processors.standard.UpdateRecord
		org.apache.nifi:nifi-standard-nar:2.6.0 || ./work/nar/extensions/nifi-standard-nar-2.6.0.nar-unpacked
	org.apache.nifi.processors.hubspot.GetHubSpot
		org.apache.nifi:nifi-hubspot-nar:2.6.0 || ./work/nar/extensions/nifi-hubspot-nar-2.6.0.nar-unpacked
	org.apache.nifi.processors.gcp.storage.ListGCSBucket
		org.apache.nifi:nifi-gcp-nar:2.6.0 || ./work/nar/extensions/nifi-gcp-nar-2.6.0.nar-unpacked
	org.apache.nifi.processors.standard.FilterAttribute
		org.apache.nifi:nifi-standard-nar:2.6.0 || ./work/nar/extensions/nifi-standard-nar-2.6.0.nar-unpacked
	org.apache.nifi.processors.standard.PutDistributedMapCache
		org.apache.nifi:nifi-standard-nar:2.6.0 || ./work/nar/extensions/nifi-standard-nar-2.6.0.nar-unpacked
	org.apache.nifi.processors.standard.ModifyBytes
		org.apache.nifi:nifi-standard-nar:2.6.0 || ./work/nar/extensions/nifi-standard-nar-2.6.0.nar-unpacked
	org.apache.nifi.processors.script.ScriptedPartitionRecord
		org.apache.nifi:nifi-scripting-nar:2.6.0 || ./work/nar/extensions/nifi-scripting-nar-2.6.0.nar-unpacked
	org.apache.nifi.processors.aws.s3.GetS3ObjectMetadata
		org.apache.nifi:nifi-aws-nar:2.6.0 || ./work/nar/extensions/nifi-aws-nar-2.6.0.nar-unpacked
	org.apache.nifi.processors.gcp.drive.PutGoogleDrive
		org.apache.nifi:nifi-gcp-nar:2.6.0 || ./work/nar/extensions/nifi-gcp-nar-2.6.0.nar-unpacked
	org.apache.nifi.processors.slack.ListenSlack
		org.apache.nifi:nifi-slack-nar:2.6.0 || ./work/nar/extensions/nifi-slack-nar-2.6.0.nar-unpacked
	org.apache.nifi.processors.gcp.pubsub.PublishGCPubSub
		org.apache.nifi:nifi-gcp-nar:2.6.0 || ./work/nar/extensions/nifi-gcp-nar-2.6.0.nar-unpacked
	org.apache.nifi.processors.azure.eventhub.GetAzureEventHub
		org.apache.nifi:nifi-azure-nar:2.6.0 || ./work/nar/extensions/nifi-azure-nar-2.6.0.nar-unpacked
	org.apache.nifi.processors.standard.EvaluateXQuery
		org.apache.nifi:nifi-standard-nar:2.6.0 || ./work/nar/extensions/nifi-standard-nar-2.6.0.nar-unpacked
	org.apache.nifi.processors.standard.ListFile
		org.apache.nifi:nifi-standard-nar:2.6.0 || ./work/nar/extensions/nifi-standard-nar-2.6.0.nar-unpacked
	org.apache.nifi.processors.gcp.pubsub.ConsumeGCPubSub
		org.apache.nifi:nifi-gcp-nar:2.6.0 || ./work/nar/extensions/nifi-gcp-nar-2.6.0.nar-unpacked
	org.apache.nifi.processors.standard.ExtractRecordSchema
		org.apache.nifi:nifi-standard-nar:2.6.0 || ./work/nar/extensions/nifi-standard-nar-2.6.0.nar-unpacked
	org.apache.nifi.processors.standard.GenerateTableFetch
		org.apache.nifi:nifi-standard-nar:2.6.0 || ./work/nar/extensions/nifi-standard-nar-2.6.0.nar-unpacked
	org.apache.nifi.processors.standard.HandleHttpResponse
		org.apache.nifi:nifi-standard-nar:2.6.0 || ./work/nar/extensions/nifi-standard-nar-2.6.0.nar-unpacked
	org.apache.nifi.processors.box.ListBoxFileInfo
		org.apache.nifi:nifi-box-nar:2.6.0 || ./work/nar/extensions/nifi-box-nar-2.6.0.nar-unpacked
	org.apache.nifi.processors.aws.s3.GetS3ObjectTags
		org.apache.nifi:nifi-aws-nar:2.6.0 || ./work/nar/extensions/nifi-aws-nar-2.6.0.nar-unpacked
	org.apache.nifi.processors.splunk.GetSplunk
		org.apache.nifi:nifi-splunk-nar:2.6.0 || ./work/nar/extensions/nifi-splunk-nar-2.6.0.nar-unpacked
	org.apache.nifi.processors.standard.ListenFTP
		org.apache.nifi:nifi-standard-nar:2.6.0 || ./work/nar/extensions/nifi-standard-nar-2.6.0.nar-unpacked
	org.apache.nifi.processors.standard.ConvertRecord
		org.apache.nifi:nifi-standard-nar:2.6.0 || ./work/nar/extensions/nifi-standard-nar-2.6.0.nar-unpacked
	org.apache.nifi.processors.box.FetchBoxFileRepresentation
		org.apache.nifi:nifi-box-nar:2.6.0 || ./work/nar/extensions/nifi-box-nar-2.6.0.nar-unpacked
	org.apache.nifi.processors.mongodb.gridfs.PutGridFS
		org.apache.nifi:nifi-mongodb-nar:2.6.0 || ./work/nar/extensions/nifi-mongodb-nar-2.6.0.nar-unpacked
	org.apache.nifi.processors.standard.AttributesToCSV
		org.apache.nifi:nifi-standard-nar:2.6.0 || ./work/nar/extensions/nifi-standard-nar-2.6.0.nar-unpacked
	org.apache.nifi.processors.gcp.drive.ListGoogleDrive
		org.apache.nifi:nifi-gcp-nar:2.6.0 || ./work/nar/extensions/nifi-gcp-nar-2.6.0.nar-unpacked
	org.apache.nifi.processors.standard.RetryFlowFile
		org.apache.nifi:nifi-standard-nar:2.6.0 || ./work/nar/extensions/nifi-standard-nar-2.6.0.nar-unpacked
	org.apache.nifi.processors.standard.ListDatabaseTables
		org.apache.nifi:nifi-standard-nar:2.6.0 || ./work/nar/extensions/nifi-standard-nar-2.6.0.nar-unpacked
	org.apache.nifi.processors.websocket.PutWebSocket
		org.apache.nifi:nifi-websocket-processors-nar:2.6.0 || ./work/nar/extensions/nifi-websocket-processors-nar-2.6.0.nar-unpacked
	org.apache.nifi.processors.standard.ForkEnrichment
		org.apache.nifi:nifi-standard-nar:2.6.0 || ./work/nar/extensions/nifi-standard-nar-2.6.0.nar-unpacked
	org.apache.nifi.processors.standard.ExecuteProcess
		org.apache.nifi:nifi-standard-nar:2.6.0 || ./work/nar/extensions/nifi-standard-nar-2.6.0.nar-unpacked
	org.apache.nifi.processors.standard.ListSFTP
		org.apache.nifi:nifi-standard-nar:2.6.0 || ./work/nar/extensions/nifi-standard-nar-2.6.0.nar-unpacked
	org.apache.nifi.processors.zendesk.PutZendeskTicket
		org.apache.nifi:nifi-zendesk-nar:2.6.0 || ./work/nar/extensions/nifi-zendesk-nar-2.6.0.nar-unpacked
	org.apache.nifi.processors.aws.ml.textract.GetAwsTextractJobStatus
		org.apache.nifi:nifi-aws-nar:2.6.0 || ./work/nar/extensions/nifi-aws-nar-2.6.0.nar-unpacked
	org.apache.nifi.processors.aws.kinesis.firehose.PutKinesisFirehose
		org.apache.nifi:nifi-aws-nar:2.6.0 || ./work/nar/extensions/nifi-aws-nar-2.6.0.nar-unpacked
	org.apache.nifi.processors.evtx.ParseEvtx
		org.apache.nifi:nifi-evtx-nar:2.6.0 || ./work/nar/extensions/nifi-evtx-nar-2.6.0.nar-unpacked
	org.apache.nifi.processors.cipher.DecryptContentAge
		org.apache.nifi:nifi-cipher-nar:2.6.0 || ./work/nar/extensions/nifi-cipher-nar-2.6.0.nar-unpacked
	org.apache.nifi.processors.standard.CountText
		org.apache.nifi:nifi-standard-nar:2.6.0 || ./work/nar/extensions/nifi-standard-nar-2.6.0.nar-unpacked
	org.apache.nifi.processors.slack.PublishSlack
		org.apache.nifi:nifi-slack-nar:2.6.0 || ./work/nar/extensions/nifi-slack-nar-2.6.0.nar-unpacked
	org.apache.nifi.processors.dropbox.PutDropbox
		org.apache.nifi:nifi-dropbox-processors-nar:2.6.0 || ./work/nar/extensions/nifi-dropbox-processors-nar-2.6.0.nar-unpacked
	org.apache.nifi.processors.standard.QueryDatabaseTable
		org.apache.nifi:nifi-standard-nar:2.6.0 || ./work/nar/extensions/nifi-standard-nar-2.6.0.nar-unpacked
	org.apache.nifi.processors.standard.LookupRecord
		org.apache.nifi:nifi-standard-nar:2.6.0 || ./work/nar/extensions/nifi-standard-nar-2.6.0.nar-unpacked
	org.apache.nifi.processors.mongodb.PutMongoBulkOperations
		org.apache.nifi:nifi-mongodb-nar:2.6.0 || ./work/nar/extensions/nifi-mongodb-nar-2.6.0.nar-unpacked
	org.apache.nifi.processors.aws.s3.TagS3Object
		org.apache.nifi:nifi-aws-nar:2.6.0 || ./work/nar/extensions/nifi-aws-nar-2.6.0.nar-unpacked
	org.apache.nifi.processors.standard.RouteText
		org.apache.nifi:nifi-standard-nar:2.6.0 || ./work/nar/extensions/nifi-standard-nar-2.6.0.nar-unpacked
	org.apache.nifi.processors.pgp.DecryptContentPGP
		org.apache.nifi:nifi-pgp-nar:2.6.0 || ./work/nar/extensions/nifi-pgp-nar-2.6.0.nar-unpacked
	org.apache.nifi.processors.aws.s3.DeleteS3Object
		org.apache.nifi:nifi-aws-nar:2.6.0 || ./work/nar/extensions/nifi-aws-nar-2.6.0.nar-unpacked
	org.apache.nifi.processors.aws.sqs.DeleteSQS
		org.apache.nifi:nifi-aws-nar:2.6.0 || ./work/nar/extensions/nifi-aws-nar-2.6.0.nar-unpacked
	org.apache.nifi.processors.standard.PutTCP
		org.apache.nifi:nifi-standard-nar:2.6.0 || ./work/nar/extensions/nifi-standard-nar-2.6.0.nar-unpacked
	org.apache.nifi.snmp.processors.ListenTrapSNMP
		org.apache.nifi:nifi-snmp-nar:2.6.0 || ./work/nar/extensions/nifi-snmp-nar-2.6.0.nar-unpacked
	org.apache.nifi.processors.standard.ExtractText
		org.apache.nifi:nifi-standard-nar:2.6.0 || ./work/nar/extensions/nifi-standard-nar-2.6.0.nar-unpacked
	org.apache.nifi.processors.gcp.vision.GetGcpVisionAnnotateFilesOperationStatus
		org.apache.nifi:nifi-gcp-nar:2.6.0 || ./work/nar/extensions/nifi-gcp-nar-2.6.0.nar-unpacked
	org.apache.nifi.processors.standard.HandleHttpRequest
		org.apache.nifi:nifi-standard-nar:2.6.0 || ./work/nar/extensions/nifi-standard-nar-2.6.0.nar-unpacked
	org.apache.nifi.processors.standard.ScanAttribute
		org.apache.nifi:nifi-standard-nar:2.6.0 || ./work/nar/extensions/nifi-standard-nar-2.6.0.nar-unpacked
	org.apache.nifi.processors.script.ScriptedFilterRecord
		org.apache.nifi:nifi-scripting-nar:2.6.0 || ./work/nar/extensions/nifi-scripting-nar-2.6.0.nar-unpacked
	org.apache.nifi.processors.standard.TransformXml
		org.apache.nifi:nifi-standard-nar:2.6.0 || ./work/nar/extensions/nifi-standard-nar-2.6.0.nar-unpacked
	org.apache.nifi.processors.pgp.EncryptContentPGP
		org.apache.nifi:nifi-pgp-nar:2.6.0 || ./work/nar/extensions/nifi-pgp-nar-2.6.0.nar-unpacked
	org.apache.nifi.processors.email.ConsumeIMAP
		org.apache.nifi:nifi-email-nar:2.6.0 || ./work/nar/extensions/nifi-email-nar-2.6.0.nar-unpacked
	org.apache.nifi.processors.standard.MonitorActivity
		org.apache.nifi:nifi-standard-nar:2.6.0 || ./work/nar/extensions/nifi-standard-nar-2.6.0.nar-unpacked
	org.apache.nifi.processors.mongodb.GetMongo
		org.apache.nifi:nifi-mongodb-nar:2.6.0 || ./work/nar/extensions/nifi-mongodb-nar-2.6.0.nar-unpacked
	org.apache.nifi.processors.standard.SplitContent
		org.apache.nifi:nifi-standard-nar:2.6.0 || ./work/nar/extensions/nifi-standard-nar-2.6.0.nar-unpacked
	org.apache.nifi.processors.script.ScriptedTransformRecord
		org.apache.nifi:nifi-scripting-nar:2.6.0 || ./work/nar/extensions/nifi-scripting-nar-2.6.0.nar-unpacked
	org.apache.nifi.processors.standard.ExtractGrok
		org.apache.nifi:nifi-standard-nar:2.6.0 || ./work/nar/extensions/nifi-standard-nar-2.6.0.nar-unpacked
	org.apache.nifi.cdc.mysql.processors.CaptureChangeMySQL
		org.apache.nifi:nifi-cdc-mysql-nar:2.6.0 || ./work/nar/extensions/nifi-cdc-mysql-nar-2.6.0.nar-unpacked
	org.apache.nifi.processors.avro.SplitAvro
		org.apache.nifi:nifi-avro-nar:2.6.0 || ./work/nar/extensions/nifi-avro-nar-2.6.0.nar-unpacked
	org.apache.nifi.processors.azure.storage.ListAzureBlobStorage_v12
		org.apache.nifi:nifi-azure-nar:2.6.0 || ./work/nar/extensions/nifi-azure-nar-2.6.0.nar-unpacked
	org.apache.nifi.processors.workday.GetWorkdayReport
		org.apache.nifi:nifi-workday-processors-nar:2.6.0 || ./work/nar/extensions/nifi-workday-processors-nar-2.6.0.nar-unpacked
	org.apache.nifi.processors.azure.storage.FetchAzureBlobStorage_v12
		org.apache.nifi:nifi-azure-nar:2.6.0 || ./work/nar/extensions/nifi-azure-nar-2.6.0.nar-unpacked
	org.apache.nifi.processors.mongodb.DeleteMongo
		org.apache.nifi:nifi-mongodb-nar:2.6.0 || ./work/nar/extensions/nifi-mongodb-nar-2.6.0.nar-unpacked
	org.apache.nifi.processors.box.DeleteBoxFileMetadataInstance
		org.apache.nifi:nifi-box-nar:2.6.0 || ./work/nar/extensions/nifi-box-nar-2.6.0.nar-unpacked
	org.apache.nifi.processors.standard.SampleRecord
		org.apache.nifi:nifi-standard-nar:2.6.0 || ./work/nar/extensions/nifi-standard-nar-2.6.0.nar-unpacked
	org.apache.nifi.processors.aws.kinesis.stream.ConsumeKinesisStream
		org.apache.nifi:nifi-aws-nar:2.6.0 || ./work/nar/extensions/nifi-aws-nar-2.6.0.nar-unpacked
	org.apache.nifi.processors.azure.cosmos.document.PutAzureCosmosDBRecord
		org.apache.nifi:nifi-azure-nar:2.6.0 || ./work/nar/extensions/nifi-azure-nar-2.6.0.nar-unpacked
	org.apache.nifi.processors.standard.ValidateCsv
		org.apache.nifi:nifi-standard-nar:2.6.0 || ./work/nar/extensions/nifi-standard-nar-2.6.0.nar-unpacked
	org.apache.nifi.processors.standard.EnforceOrder
		org.apache.nifi:nifi-standard-nar:2.6.0 || ./work/nar/extensions/nifi-standard-nar-2.6.0.nar-unpacked
	org.apache.nifi.processors.gcp.storage.FetchGCSObject
		org.apache.nifi:nifi-gcp-nar:2.6.0 || ./work/nar/extensions/nifi-gcp-nar-2.6.0.nar-unpacked
	org.apache.nifi.processors.websocket.ListenWebSocket
		org.apache.nifi:nifi-websocket-processors-nar:2.6.0 || ./work/nar/extensions/nifi-websocket-processors-nar-2.6.0.nar-unpacked
	org.apache.nifi.processors.standard.SplitRecord
		org.apache.nifi:nifi-standard-nar:2.6.0 || ./work/nar/extensions/nifi-standard-nar-2.6.0.nar-unpacked
	org.apache.nifi.processors.standard.ExecuteSQL
		org.apache.nifi:nifi-standard-nar:2.6.0 || ./work/nar/extensions/nifi-standard-nar-2.6.0.nar-unpacked
	org.apache.nifi.processors.standard.TailFile
		org.apache.nifi:nifi-standard-nar:2.6.0 || ./work/nar/extensions/nifi-standard-nar-2.6.0.nar-unpacked
	org.apache.nifi.processors.azure.eventhub.PutAzureEventHub
		org.apache.nifi:nifi-azure-nar:2.6.0 || ./work/nar/extensions/nifi-azure-nar-2.6.0.nar-unpacked
	org.apache.nifi.processors.standard.LookupAttribute
		org.apache.nifi:nifi-standard-nar:2.6.0 || ./work/nar/extensions/nifi-standard-nar-2.6.0.nar-unpacked
	org.apache.nifi.processors.box.CreateBoxMetadataTemplate
		org.apache.nifi:nifi-box-nar:2.6.0 || ./work/nar/extensions/nifi-box-nar-2.6.0.nar-unpacked
	org.apache.nifi.processors.aws.ml.polly.StartAwsPollyJob
		org.apache.nifi:nifi-aws-nar:2.6.0 || ./work/nar/extensions/nifi-aws-nar-2.6.0.nar-unpacked
	org.apache.nifi.processors.standard.ConvertCharacterSet
		org.apache.nifi:nifi-standard-nar:2.6.0 || ./work/nar/extensions/nifi-standard-nar-2.6.0.nar-unpacked
	org.apache.nifi.processors.standard.PutRecord
		org.apache.nifi:nifi-standard-nar:2.6.0 || ./work/nar/extensions/nifi-standard-nar-2.6.0.nar-unpacked
	org.apache.nifi.processors.standard.ControlRate
		org.apache.nifi:nifi-standard-nar:2.6.0 || ./work/nar/extensions/nifi-standard-nar-2.6.0.nar-unpacked
	org.apache.nifi.amqp.processors.PublishAMQP
		org.apache.nifi:nifi-amqp-nar:2.6.0 || ./work/nar/extensions/nifi-amqp-nar-2.6.0.nar-unpacked
	org.apache.nifi.processors.standard.PackageFlowFile
		org.apache.nifi:nifi-standard-nar:2.6.0 || ./work/nar/extensions/nifi-standard-nar-2.6.0.nar-unpacked
	org.apache.nifi.processors.standard.EvaluateJsonPath
		org.apache.nifi:nifi-standard-nar:2.6.0 || ./work/nar/extensions/nifi-standard-nar-2.6.0.nar-unpacked
	org.apache.nifi.snmp.processors.SendTrapSNMP
		org.apache.nifi:nifi-snmp-nar:2.6.0 || ./work/nar/extensions/nifi-snmp-nar-2.6.0.nar-unpacked
	org.apache.nifi.processors.box.FetchBoxFile
		org.apache.nifi:nifi-box-nar:2.6.0 || ./work/nar/extensions/nifi-box-nar-2.6.0.nar-unpacked
	org.apache.nifi.processors.azure.data.explorer.QueryAzureDataExplorer
		org.apache.nifi:nifi-azure-nar:2.6.0 || ./work/nar/extensions/nifi-azure-nar-2.6.0.nar-unpacked
	org.apache.nifi.processors.elasticsearch.SearchElasticsearch
		org.apache.nifi:nifi-elasticsearch-restapi-nar:2.6.0 || ./work/nar/extensions/nifi-elasticsearch-restapi-nar-2.6.0.nar-unpacked
	org.apache.nifi.processors.mongodb.GetMongoRecord
		org.apache.nifi:nifi-mongodb-nar:2.6.0 || ./work/nar/extensions/nifi-mongodb-nar-2.6.0.nar-unpacked
	org.apache.nifi.processors.standard.ListenHTTP
		org.apache.nifi:nifi-standard-nar:2.6.0 || ./work/nar/extensions/nifi-standard-nar-2.6.0.nar-unpacked
	org.apache.nifi.processors.script.InvokeScriptedProcessor
		org.apache.nifi:nifi-scripting-nar:2.6.0 || ./work/nar/extensions/nifi-scripting-nar-2.6.0.nar-unpacked
	org.apache.nifi.processors.shopify.GetShopify
		org.apache.nifi:nifi-shopify-nar:2.6.0 || ./work/nar/extensions/nifi-shopify-nar-2.6.0.nar-unpacked
	org.apache.nifi.processors.aws.sns.PutSNS
		org.apache.nifi:nifi-aws-nar:2.6.0 || ./work/nar/extensions/nifi-aws-nar-2.6.0.nar-unpacked
	org.apache.nifi.processors.network.ParseNetflowv5
		org.apache.nifi:nifi-network-processors-nar:2.6.0 || ./work/nar/extensions/nifi-network-processors-nar-2.6.0.nar-unpacked
	org.apache.nifi.processors.standard.UnpackContent
		org.apache.nifi:nifi-standard-nar:2.6.0 || ./work/nar/extensions/nifi-standard-nar-2.6.0.nar-unpacked
	org.apache.nifi.processors.standard.PutEmail
		org.apache.nifi:nifi-standard-nar:2.6.0 || ./work/nar/extensions/nifi-standard-nar-2.6.0.nar-unpacked
	org.apache.nifi.processors.standard.FetchSFTP
		org.apache.nifi:nifi-standard-nar:2.6.0 || ./work/nar/extensions/nifi-standard-nar-2.6.0.nar-unpacked
	org.apache.nifi.processors.standard.ParseSyslog5424
		org.apache.nifi:nifi-standard-nar:2.6.0 || ./work/nar/extensions/nifi-standard-nar-2.6.0.nar-unpacked
	org.apache.nifi.processors.email.ConsumePOP3
		org.apache.nifi:nifi-email-nar:2.6.0 || ./work/nar/extensions/nifi-email-nar-2.6.0.nar-unpacked
	org.apache.nifi.processors.standard.PutFile
		org.apache.nifi:nifi-standard-nar:2.6.0 || ./work/nar/extensions/nifi-standard-nar-2.6.0.nar-unpacked
	org.apache.nifi.processors.standard.SegmentContent
		org.apache.nifi:nifi-standard-nar:2.6.0 || ./work/nar/extensions/nifi-standard-nar-2.6.0.nar-unpacked
	org.apache.nifi.processors.box.CreateBoxFileMetadataInstance
		org.apache.nifi:nifi-box-nar:2.6.0 || ./work/nar/extensions/nifi-box-nar-2.6.0.nar-unpacked
	org.apache.nifi.processors.standard.ValidateXml
		org.apache.nifi:nifi-standard-nar:2.6.0 || ./work/nar/extensions/nifi-standard-nar-2.6.0.nar-unpacked
	org.apache.nifi.processors.gcp.bigquery.PutBigQuery
		org.apache.nifi:nifi-gcp-nar:2.6.0 || ./work/nar/extensions/nifi-gcp-nar-2.6.0.nar-unpacked
	org.apache.nifi.processors.hl7.RouteHL7
		org.apache.nifi:nifi-hl7-nar:2.6.0 || ./work/nar/extensions/nifi-hl7-nar-2.6.0.nar-unpacked
	org.apache.nifi.snmp.processors.GetSNMP
		org.apache.nifi:nifi-snmp-nar:2.6.0 || ./work/nar/extensions/nifi-snmp-nar-2.6.0.nar-unpacked
	org.apache.nifi.processors.aws.cloudwatch.PutCloudWatchMetric
		org.apache.nifi:nifi-aws-nar:2.6.0 || ./work/nar/extensions/nifi-aws-nar-2.6.0.nar-unpacked
	org.apache.nifi.processors.box.ListBoxFileMetadataInstances
		org.apache.nifi:nifi-box-nar:2.6.0 || ./work/nar/extensions/nifi-box-nar-2.6.0.nar-unpacked
	org.apache.nifi.processors.elasticsearch.UpdateByQueryElasticsearch
		org.apache.nifi:nifi-elasticsearch-restapi-nar:2.6.0 || ./work/nar/extensions/nifi-elasticsearch-restapi-nar-2.6.0.nar-unpacked
	org.apache.nifi.processors.splunk.QuerySplunkIndexingStatus
		org.apache.nifi:nifi-splunk-nar:2.6.0 || ./work/nar/extensions/nifi-splunk-nar-2.6.0.nar-unpacked
	org.apache.nifi.processors.standard.RemoveRecordField
		org.apache.nifi:nifi-standard-nar:2.6.0 || ./work/nar/extensions/nifi-standard-nar-2.6.0.nar-unpacked
	org.apache.nifi.processors.azure.storage.FetchAzureDataLakeStorage
		org.apache.nifi:nifi-azure-nar:2.6.0 || ./work/nar/extensions/nifi-azure-nar-2.6.0.nar-unpacked
	org.apache.nifi.processors.standard.GenerateFlowFile
		org.apache.nifi:nifi-standard-nar:2.6.0 || ./work/nar/extensions/nifi-standard-nar-2.6.0.nar-unpacked
	org.apache.nifi.processors.aws.ml.transcribe.GetAwsTranscribeJobStatus
		org.apache.nifi:nifi-aws-nar:2.6.0 || ./work/nar/extensions/nifi-aws-nar-2.6.0.nar-unpacked
	org.apache.nifi.processors.aws.dynamodb.PutDynamoDBRecord
		org.apache.nifi:nifi-aws-nar:2.6.0 || ./work/nar/extensions/nifi-aws-nar-2.6.0.nar-unpacked
	org.apache.nifi.processors.windows.event.log.ConsumeWindowsEventLog
		org.apache.nifi:nifi-windows-event-log-nar:2.6.0 || ./work/nar/extensions/nifi-windows-event-log-nar-2.6.0.nar-unpacked
	org.apache.nifi.processors.elasticsearch.PaginatedJsonQueryElasticsearch
		org.apache.nifi:nifi-elasticsearch-restapi-nar:2.6.0 || ./work/nar/extensions/nifi-elasticsearch-restapi-nar-2.6.0.nar-unpacked
	org.apache.nifi.processors.mqtt.PublishMQTT
		org.apache.nifi:nifi-mqtt-nar:2.6.0 || ./work/nar/extensions/nifi-mqtt-nar-2.6.0.nar-unpacked
	org.apache.nifi.processors.box.PutBoxFile
		org.apache.nifi:nifi-box-nar:2.6.0 || ./work/nar/extensions/nifi-box-nar-2.6.0.nar-unpacked
	org.apache.nifi.processors.standard.DeleteSFTP
		org.apache.nifi:nifi-standard-nar:2.6.0 || ./work/nar/extensions/nifi-standard-nar-2.6.0.nar-unpacked
	org.apache.nifi.processors.standard.ExecuteSQLRecord
		org.apache.nifi:nifi-standard-nar:2.6.0 || ./work/nar/extensions/nifi-standard-nar-2.6.0.nar-unpacked
	org.apache.nifi.processors.standard.ListFTP
		org.apache.nifi:nifi-standard-nar:2.6.0 || ./work/nar/extensions/nifi-standard-nar-2.6.0.nar-unpacked
	org.apache.nifi.processors.standard.PartitionRecord
		org.apache.nifi:nifi-standard-nar:2.6.0 || ./work/nar/extensions/nifi-standard-nar-2.6.0.nar-unpacked
	org.apache.nifi.redis.processor.PutRedisHashRecord
		org.apache.nifi:nifi-redis-nar:2.6.0 || ./work/nar/extensions/nifi-redis-nar-2.6.0.nar-unpacked
	org.apache.nifi.processors.aws.sqs.PutSQS
		org.apache.nifi:nifi-aws-nar:2.6.0 || ./work/nar/extensions/nifi-aws-nar-2.6.0.nar-unpacked
	org.apache.nifi.processors.standard.Wait
		org.apache.nifi:nifi-standard-nar:2.6.0 || ./work/nar/extensions/nifi-standard-nar-2.6.0.nar-unpacked
	org.apache.nifi.processors.aws.ml.transcribe.StartAwsTranscribeJob
		org.apache.nifi:nifi-aws-nar:2.6.0 || ./work/nar/extensions/nifi-aws-nar-2.6.0.nar-unpacked
	org.apache.nifi.processors.standard.FetchFile
		org.apache.nifi:nifi-standard-nar:2.6.0 || ./work/nar/extensions/nifi-standard-nar-2.6.0.nar-unpacked
	org.apache.nifi.processors.dropbox.FetchDropbox
		org.apache.nifi:nifi-dropbox-processors-nar:2.6.0 || ./work/nar/extensions/nifi-dropbox-processors-nar-2.6.0.nar-unpacked
	org.apache.nifi.processors.standard.PutSFTP
		org.apache.nifi:nifi-standard-nar:2.6.0 || ./work/nar/extensions/nifi-standard-nar-2.6.0.nar-unpacked
	org.apache.nifi.processors.aws.ml.translate.StartAwsTranslateJob
		org.apache.nifi:nifi-aws-nar:2.6.0 || ./work/nar/extensions/nifi-aws-nar-2.6.0.nar-unpacked
	org.apache.nifi.processors.standard.Notify
		org.apache.nifi:nifi-standard-nar:2.6.0 || ./work/nar/extensions/nifi-standard-nar-2.6.0.nar-unpacked
	org.apache.nifi.processors.standard.GetFTP
		org.apache.nifi:nifi-standard-nar:2.6.0 || ./work/nar/extensions/nifi-standard-nar-2.6.0.nar-unpacked
	org.apache.nifi.processors.script.ScriptedValidateRecord
		org.apache.nifi:nifi-scripting-nar:2.6.0 || ./work/nar/extensions/nifi-scripting-nar-2.6.0.nar-unpacked
	org.apache.nifi.processors.standard.ListenSyslog
		org.apache.nifi:nifi-standard-nar:2.6.0 || ./work/nar/extensions/nifi-standard-nar-2.6.0.nar-unpacked
	org.apache.nifi.processors.azure.storage.CopyAzureBlobStorage_v12
		org.apache.nifi:nifi-azure-nar:2.6.0 || ./work/nar/extensions/nifi-azure-nar-2.6.0.nar-unpacked
	org.apache.nifi.processors.gcp.vision.StartGcpVisionAnnotateImagesOperation
		org.apache.nifi:nifi-gcp-nar:2.6.0 || ./work/nar/extensions/nifi-gcp-nar-2.6.0.nar-unpacked
	org.apache.nifi.processors.box.UpdateBoxFileMetadataInstance
		org.apache.nifi:nifi-box-nar:2.6.0 || ./work/nar/extensions/nifi-box-nar-2.6.0.nar-unpacked
	org.apache.nifi.processors.standard.GenerateRecord
		org.apache.nifi:nifi-standard-nar:2.6.0 || ./work/nar/extensions/nifi-standard-nar-2.6.0.nar-unpacked
	org.apache.nifi.processors.azure.data.explorer.PutAzureDataExplorer
		org.apache.nifi:nifi-azure-nar:2.6.0 || ./work/nar/extensions/nifi-azure-nar-2.6.0.nar-unpacked
	org.apache.nifi.kafka.processors.PublishKafka
		org.apache.nifi:nifi-kafka-nar:2.6.0 || ./work/nar/extensions/nifi-kafka-nar-2.6.0.nar-unpacked
	org.apache.nifi.processors.standard.ListenUDP
		org.apache.nifi:nifi-standard-nar:2.6.0 || ./work/nar/extensions/nifi-standard-nar-2.6.0.nar-unpacked
	org.apache.nifi.processors.mongodb.gridfs.DeleteGridFS
		org.apache.nifi:nifi-mongodb-nar:2.6.0 || ./work/nar/extensions/nifi-mongodb-nar-2.6.0.nar-unpacked
	org.apache.nifi.processors.standard.RenameRecordField
		org.apache.nifi:nifi-standard-nar:2.6.0 || ./work/nar/extensions/nifi-standard-nar-2.6.0.nar-unpacked
	org.apache.nifi.processors.standard.DistributeLoad
		org.apache.nifi:nifi-standard-nar:2.6.0 || ./work/nar/extensions/nifi-standard-nar-2.6.0.nar-unpacked
	org.apache.nifi.processors.standard.PutSQL
		org.apache.nifi:nifi-standard-nar:2.6.0 || ./work/nar/extensions/nifi-standard-nar-2.6.0.nar-unpacked
	org.apache.nifi.processors.standard.DeleteFile
		org.apache.nifi:nifi-standard-nar:2.6.0 || ./work/nar/extensions/nifi-standard-nar-2.6.0.nar-unpacked
	org.apache.nifi.processors.email.ExtractEmailAttachments
		org.apache.nifi:nifi-email-nar:2.6.0 || ./work/nar/extensions/nifi-email-nar-2.6.0.nar-unpacked
	org.apache.nifi.processors.smb.PutSmbFile
		org.apache.nifi:nifi-smb-nar:2.6.0 || ./work/nar/extensions/nifi-smb-nar-2.6.0.nar-unpacked
	org.apache.nifi.processors.box.FetchBoxFileMetadataInstance
		org.apache.nifi:nifi-box-nar:2.6.0 || ./work/nar/extensions/nifi-box-nar-2.6.0.nar-unpacked
	org.apache.nifi.processors.standard.CryptographicHashContent
		org.apache.nifi:nifi-standard-nar:2.6.0 || ./work/nar/extensions/nifi-standard-nar-2.6.0.nar-unpacked
	org.apache.nifi.processors.cipher.EncryptContentAge
		org.apache.nifi:nifi-cipher-nar:2.6.0 || ./work/nar/extensions/nifi-cipher-nar-2.6.0.nar-unpacked
	=== End Processor types ===
	=== LeaderElectionManager Type ===
	org.apache.nifi.kubernetes.leader.election.KubernetesLeaderElectionManager
		org.apache.nifi:nifi-framework-kubernetes-nar:2.6.0 || ./work/nar/extensions/nifi-framework-kubernetes-nar-2.6.0.nar-unpacked
	org.apache.nifi.framework.cluster.leader.zookeeper.CuratorLeaderElectionManager
		org.apache.nifi:nifi-framework-zookeeper-nar:2.6.0 || ./work/nar/extensions/nifi-framework-zookeeper-nar-2.6.0.nar-unpacked
	=== End LeaderElectionManager types ===
	=== FlowAnalysisRule Type ===
	org.apache.nifi.flowanalysis.rules.RequireServerSSLContextService
		org.apache.nifi:nifi-standard-nar:2.6.0 || ./work/nar/extensions/nifi-standard-nar-2.6.0.nar-unpacked
	org.apache.nifi.flowanalysis.rules.RestrictBackpressureSettings
		org.apache.nifi:nifi-standard-nar:2.6.0 || ./work/nar/extensions/nifi-standard-nar-2.6.0.nar-unpacked
	org.apache.nifi.flowanalysis.rules.DisallowComponentType
		org.apache.nifi:nifi-standard-nar:2.6.0 || ./work/nar/extensions/nifi-standard-nar-2.6.0.nar-unpacked
	org.apache.nifi.flowanalysis.rules.RestrictFlowFileExpiration
		org.apache.nifi:nifi-standard-nar:2.6.0 || ./work/nar/extensions/nifi-standard-nar-2.6.0.nar-unpacked
	=== End FlowAnalysisRule types ===
	=== ExternalResourceProvider Type ===
	org.apache.nifi.registry.extension.NiFiRegistryExternalResourceProvider
		org.apache.nifi:nifi-framework-nar:2.6.0 || ./work/nar/framework/nifi-framework-nar-2.6.0.nar-unpacked
	=== End ExternalResourceProvider types ===
	=== StateProvider Type ===
	org.apache.nifi.kubernetes.state.provider.KubernetesConfigMapStateProvider
		org.apache.nifi:nifi-framework-kubernetes-nar:2.6.0 || ./work/nar/extensions/nifi-framework-kubernetes-nar-2.6.0.nar-unpacked
	org.apache.nifi.controller.state.providers.zookeeper.ZooKeeperStateProvider
		org.apache.nifi:nifi-framework-zookeeper-nar:2.6.0 || ./work/nar/extensions/nifi-framework-zookeeper-nar-2.6.0.nar-unpacked
	org.apache.nifi.controller.state.providers.zookeeper.server.ZooKeeperStateProviderServer
		org.apache.nifi:nifi-framework-zookeeper-nar:2.6.0 || ./work/nar/extensions/nifi-framework-zookeeper-nar-2.6.0.nar-unpacked
	org.apache.nifi.redis.state.RedisStateProvider
		org.apache.nifi:nifi-redis-nar:2.6.0 || ./work/nar/extensions/nifi-redis-nar-2.6.0.nar-unpacked
	org.apache.nifi.controller.state.providers.local.WriteAheadLocalStateProvider
		org.apache.nifi:nifi-framework-nar:2.6.0 || ./work/nar/framework/nifi-framework-nar-2.6.0.nar-unpacked
	=== End StateProvider types ===
	=== PythonBridge Type ===
	org.apache.nifi.py4j.StandardPythonBridge
		org.apache.nifi:nifi-py4j-nar:2.6.0 || ./work/nar/extensions/nifi-py4j-nar-2.6.0.nar-unpacked
	=== End PythonBridge types ===
	=== FlowFilePrioritizer Type ===
	org.apache.nifi.prioritizer.FirstInFirstOutPrioritizer
		org.apache.nifi:nifi-framework-nar:2.6.0 || ./work/nar/framework/nifi-framework-nar-2.6.0.nar-unpacked
	org.apache.nifi.prioritizer.NewestFlowFileFirstPrioritizer
		org.apache.nifi:nifi-framework-nar:2.6.0 || ./work/nar/framework/nifi-framework-nar-2.6.0.nar-unpacked
	org.apache.nifi.prioritizer.OldestFlowFileFirstPrioritizer
		org.apache.nifi:nifi-framework-nar:2.6.0 || ./work/nar/framework/nifi-framework-nar-2.6.0.nar-unpacked
	org.apache.nifi.prioritizer.PriorityAttributePrioritizer
		org.apache.nifi:nifi-framework-nar:2.6.0 || ./work/nar/framework/nifi-framework-nar-2.6.0.nar-unpacked
	=== End FlowFilePrioritizer types ===
	=== StatusAnalyticsModel Type ===
	org.apache.nifi.controller.status.analytics.models.OrdinaryLeastSquares
		org.apache.nifi:nifi-framework-nar:2.6.0 || ./work/nar/framework/nifi-framework-nar-2.6.0.nar-unpacked
	org.apache.nifi.controller.status.analytics.models.SimpleRegression
		org.apache.nifi:nifi-framework-nar:2.6.0 || ./work/nar/framework/nifi-framework-nar-2.6.0.nar-unpacked
	=== End StatusAnalyticsModel types ===
	=== ProvenanceRepository Type ===
	org.apache.nifi.provenance.WriteAheadProvenanceRepository
		org.apache.nifi:nifi-provenance-repository-nar:2.6.0 || ./work/nar/extensions/nifi-provenance-repository-nar-2.6.0.nar-unpacked
	org.apache.nifi.provenance.NoOpProvenanceRepository
		org.apache.nifi:nifi-provenance-repository-nar:2.6.0 || ./work/nar/extensions/nifi-provenance-repository-nar-2.6.0.nar-unpacked
	org.apache.nifi.provenance.VolatileProvenanceRepository
		org.apache.nifi:nifi-provenance-repository-nar:2.6.0 || ./work/nar/extensions/nifi-provenance-repository-nar-2.6.0.nar-unpacked
	=== End ProvenanceRepository types ===
2025-10-12 22:12:51,478 INFO [main] o.a.n.f.r.CompositeExternalResourceProviderService Starting External Resource Provider Service ...
2025-10-12 22:12:51,478 INFO [main] o.a.n.f.r.CompositeExternalResourceProviderService External Resource Provider Service is started successfully
2025-10-12 22:12:51,480 INFO [main] org.apache.nifi.nar.NarAutoLoader Found 0 initial NARs from directory nar_extensions
2025-10-12 22:12:51,484 INFO [main] org.apache.nifi.nar.NarAutoLoader Starting NAR Auto-Loader Thread for directory /opt/nifi/nifi-current/nar_extensions ...
2025-10-12 22:12:51,486 INFO [main] org.eclipse.jetty.server.Server jetty-12.0.27; built: 2025-09-10T23:47:49.595Z; git: 3569a3e83ad136ee44e26b370b74c1c5e9f33e61; jvm 21.0.8+12-LTS
2025-10-12 22:12:51,970 INFO [main] o.e.j.session.DefaultSessionIdManager Session workerName=node0
2025-10-12 22:12:51,977 INFO [main] o.e.jetty.server.handler.ContextHandler Started oeje10w.WebAppContext@9bf63d2{/nifi-standard-content-viewer-2.6.0,/nifi-standard-content-viewer-2.6.0,b=file:///opt/nifi/nifi-current/work/jetty/nifi-standard-content-viewer-2.6.0.war/webapp/,a=AVAILABLE,h=oeje10s.SessionHandler@4ede035e{STARTED}}{./work/nar/extensions/nifi-standard-content-viewer-nar-2.6.0.nar-unpacked/NAR-INF/bundled-dependencies/nifi-standard-content-viewer-2.6.0.war}
2025-10-12 22:12:51,984 INFO [main] o.a.n.w.c.v.StandardServletContextListener Standard Content Viewer Initialized
2025-10-12 22:12:52,028 INFO [main] o.e.j.ee10.servlet.ServletContextHandler Started oeje10w.WebAppContext@9bf63d2{/nifi-standard-content-viewer-2.6.0,/nifi-standard-content-viewer-2.6.0,b=file:///opt/nifi/nifi-current/work/jetty/nifi-standard-content-viewer-2.6.0.war/webapp/,a=AVAILABLE,h=oeje10s.SessionHandler@4ede035e{STARTED}}{./work/nar/extensions/nifi-standard-content-viewer-nar-2.6.0.nar-unpacked/NAR-INF/bundled-dependencies/nifi-standard-content-viewer-2.6.0.war}
2025-10-12 22:12:52,315 INFO [main] o.e.jetty.server.handler.ContextHandler Started oeje10w.WebAppContext@7286827b{/nifi-jolt-transform-json-ui-2.6.0,/nifi-jolt-transform-json-ui-2.6.0,b=file:///opt/nifi/nifi-current/work/jetty/nifi-jolt-transform-json-ui-2.6.0.war/webapp/,a=AVAILABLE,h=oeje10s.SessionHandler@1e7cfd49{STARTED}}{./work/nar/extensions/nifi-jolt-nar-2.6.0.nar-unpacked/NAR-INF/bundled-dependencies/nifi-jolt-transform-json-ui-2.6.0.war}
2025-10-12 22:12:52,325 INFO [main] o.e.j.ee10.servlet.ServletContextHandler Started oeje10w.WebAppContext@7286827b{/nifi-jolt-transform-json-ui-2.6.0,/nifi-jolt-transform-json-ui-2.6.0,b=file:///opt/nifi/nifi-current/work/jetty/nifi-jolt-transform-json-ui-2.6.0.war/webapp/,a=AVAILABLE,h=oeje10s.SessionHandler@1e7cfd49{STARTED}}{./work/nar/extensions/nifi-jolt-nar-2.6.0.nar-unpacked/NAR-INF/bundled-dependencies/nifi-jolt-transform-json-ui-2.6.0.war}
2025-10-12 22:12:52,620 INFO [main] o.e.jetty.server.handler.ContextHandler Started oeje10w.WebAppContext@11170228{/nifi-update-attribute-ui-2.6.0,/nifi-update-attribute-ui-2.6.0,b=file:///opt/nifi/nifi-current/work/jetty/nifi-update-attribute-ui-2.6.0.war/webapp/,a=AVAILABLE,h=oeje10s.SessionHandler@b849fa6{STARTED}}{./work/nar/extensions/nifi-update-attribute-nar-2.6.0.nar-unpacked/NAR-INF/bundled-dependencies/nifi-update-attribute-ui-2.6.0.war}
2025-10-12 22:12:52,624 INFO [main] o.e.j.ee10.servlet.ServletContextHandler Started oeje10w.WebAppContext@11170228{/nifi-update-attribute-ui-2.6.0,/nifi-update-attribute-ui-2.6.0,b=file:///opt/nifi/nifi-current/work/jetty/nifi-update-attribute-ui-2.6.0.war/webapp/,a=AVAILABLE,h=oeje10s.SessionHandler@b849fa6{STARTED}}{./work/nar/extensions/nifi-update-attribute-nar-2.6.0.nar-unpacked/NAR-INF/bundled-dependencies/nifi-update-attribute-ui-2.6.0.war}
2025-10-12 22:12:52,842 INFO [main] o.e.j.s.handler.ContextHandler._nifi_api No Spring WebApplicationInitializer types detected on classpath
2025-10-12 22:12:52,854 INFO [main] o.e.jetty.server.handler.ContextHandler Started oeje10w.WebAppContext@13f2d42c{nifi-api,/nifi-api,b=file:///opt/nifi/nifi-current/work/jetty/nifi-web-api-2.6.0.war/webapp/,a=AVAILABLE,h=oeje10s.SessionHandler@552ffa44{STARTED}}{./work/nar/extensions/nifi-server-nar-2.6.0.nar-unpacked/NAR-INF/bundled-dependencies/nifi-web-api-2.6.0.war}
2025-10-12 22:12:52,855 INFO [main] o.e.j.s.handler.ContextHandler._nifi_api Initializing Spring root WebApplicationContext
2025-10-12 22:12:53,893 INFO [main] o.a.nifi.properties.NiFiPropertiesLoader Loading Application Properties [/opt/nifi/nifi-current/conf/nifi.properties]
2025-10-12 22:12:54,107 INFO [main] o.a.n.wali.SequentialAccessWriteAheadLog Recovering records from Write-Ahead Log at ./state/local
2025-10-12 22:12:54,109 INFO [main] o.a.n.wali.SequentialAccessWriteAheadLog No Snapshot File to recover from at ./state/local. Now recovering records from 0 journal files
2025-10-12 22:12:54,110 INFO [main] o.a.n.wali.SequentialAccessWriteAheadLog Successfully recovered 0 records in 1 milliseconds. Now checkpointing to ensure that Write-Ahead Log is in a consistent state
2025-10-12 22:12:54,119 INFO [main] o.a.n.wali.SequentialAccessWriteAheadLog Checkpointed Write-Ahead Log with 0 Records and 0 Swap Files in 8 milliseconds (Stop-the-world time = 4 milliseconds), max Transaction ID -1
2025-10-12 22:12:54,550 INFO [main] jetbrains.exodus.env.EnvironmentImpl Exodus environment created: ./database_repository
2025-10-12 22:12:54,633 INFO [main] o.a.n.a.service.EntityStoreAuditService Environment configured with directory [./database_repository]
2025-10-12 22:12:54,793 WARN [main] org.apache.nifi.util.FlowParser Flow Configuration does not exist or was empty
2025-10-12 22:12:55,264 INFO [main] o.a.n.c.r.WriteAheadFlowFileRepository Initialized FlowFile Repository
2025-10-12 22:12:55,269 INFO [main] o.apache.nifi.controller.FlowController Creating Provenance Repository [org.apache.nifi.provenance.WriteAheadProvenanceRepository]
2025-10-12 22:12:55,311 INFO [main] o.a.n.p.store.WriteAheadStorePartition After recovering ./provenance_repository, next Event ID to be generated will be 0
2025-10-12 22:12:55,313 INFO [main] o.a.n.p.index.lucene.LuceneEventIndex Will avoid re-indexing Provenance Events because the newest index is defunct, so it will be re-indexed in the background
2025-10-12 22:12:55,315 INFO [main] o.apache.nifi.controller.FlowController Creating Content Repository [org.apache.nifi.controller.repository.FileSystemRepository]
2025-10-12 22:12:55,319 INFO [main] o.a.n.c.repository.FileSystemRepository Maximum Threshold for Container default set to 129732141219 bytes; if volume exceeds this size, archived data will be deleted until it no longer exceeds this size
2025-10-12 22:12:55,321 INFO [main] o.a.n.c.repository.FileSystemRepository Initializing FileSystemRepository with 'Always Sync' set to false
2025-10-12 22:12:55,527 INFO [main] org.apache.nifi.py4j.PythonProcess Launching Python Process python3 /opt/nifi/nifi-current/./python/framework/Controller.py with working directory ./work/python/controller to communicate with Java on Port 37297
2025-10-12 22:12:55,707 INFO [python-log-173] org.apache.nifi.py4j.Controller Listening for requests from Java side using Python Port 40247, communicating with Java on port 37297
2025-10-12 22:12:55,774 INFO [main] org.apache.nifi.py4j.PythonProcess Successfully started and pinged Python Server. Python Process = Process[pid=173, exitValue="not exited"]
2025-10-12 22:12:56,357 INFO [main] o.a.n.n.NarPersistenceProviderFactoryBean Creating NAR Persistence Provider [org.apache.nifi.nar.StandardNarPersistenceProvider]
2025-10-12 22:12:56,363 INFO [main] o.a.n.nar.StandardNarPersistenceProvider Loaded persistence info for 0 NARs
2025-10-12 22:12:56,365 INFO [main] o.a.n.nar.StandardNarPersistenceProvider Initialization completed with storage location [/opt/nifi/nifi-current/./nar_repository]
2025-10-12 22:12:56,380 INFO [main] org.apache.nifi.nar.StandardNarManager Loading stored NAR files [0]
2025-10-12 22:12:56,874 INFO [main] o.a.n.a.s.u.SingleUserLoginIdentityProvider 

Generated Username [9652c67b-99a7-42fe-9bd7-e63e9ff747ac]
Generated Password [FdUwy4Ftv1GvnRHoA5rMMHlbgtqnc7sM]

2025-10-12 22:12:56,875 INFO [main] o.a.n.a.s.u.SingleUserLoginIdentityProvider Run the following command to change credentials: nifi.sh set-single-user-credentials USERNAME PASSWORD
2025-10-12 22:12:57,104 INFO [main] o.a.n.a.s.u.SingleUserLoginIdentityProvider Updating Login Identity Providers Configuration [./conf/login-identity-providers.xml]
2025-10-12 22:12:58,770 INFO [main] o.s.s.c.a.a.c.InitializeAuthenticationProviderBeanManagerConfigurer$InitializeAuthenticationProviderManagerConfigurer Found 5 AuthenticationProvider beans, with names [anonymousAuthenticationProvider, jwtAuthenticationProvider, oidcAuthorizationCodeAuthenticationProvider, openSamlAuthenticationProvider, x509AuthenticationProvider]. Global Authentication Manager will not be configured with AuthenticationProviders. Consider publishing a single AuthenticationProvider bean, or wiring your Providers directly using the DSL.
2025-10-12 22:12:59,023 INFO [main] o.a.n.w.c.ApplicationStartupContextListener Starting Flow Controller...
2025-10-12 22:12:59,029 INFO [main] o.a.n.c.s.VersionedFlowSynchronizer Synchronizing FlowController with proposed flow: Controller Already Synchronized = false
2025-10-12 22:12:59,037 INFO [main] o.a.n.c.s.VersionedFlowSynchronizer Successfully synchronized dataflow with the proposed flow in 8 millis
2025-10-12 22:12:59,038 INFO [main] o.apache.nifi.controller.FlowController Successfully synchronized controller with proposed flow. Flow contains the following number of components: {Processors=0, Controller Services=0, Reporting Tasks=0, Flow Analysis Rules=0, Process Groups=0, Remote Process Groups=0, Parameter Providers=0, Flow Registry Clients=0, Local Input Ports=0, Local Output Ports=0, Public Input Ports=0, Public Output Ports=0}
2025-10-12 22:12:59,103 INFO [main] o.a.n.wali.SequentialAccessWriteAheadLog Recovering records from Write-Ahead Log at ./flowfile_repository
2025-10-12 22:12:59,117 INFO [main] o.a.n.wali.SequentialAccessWriteAheadLog No Snapshot File to recover from at ./flowfile_repository. Now recovering records from 0 journal files
2025-10-12 22:12:59,142 INFO [main] o.a.n.wali.SequentialAccessWriteAheadLog Successfully recovered 0 records in 25 milliseconds. Now checkpointing to ensure that Write-Ahead Log is in a consistent state
2025-10-12 22:12:59,193 INFO [main] o.a.n.wali.SequentialAccessWriteAheadLog Checkpointed Write-Ahead Log with 0 Records and 0 Swap Files in 35 milliseconds (Stop-the-world time = 7 milliseconds), max Transaction ID -1
2025-10-12 22:12:59,211 INFO [main] o.a.n.c.r.WriteAheadFlowFileRepository Successfully restored 0 FlowFiles and 0 Swap Files
2025-10-12 22:12:59,236 INFO [main] o.apache.nifi.controller.FlowController Scheduled Flow Registry synchronization every 30 min
2025-10-12 22:12:59,254 INFO [main] o.apache.nifi.controller.FlowController Performed initial validation of all components in 1 milliseconds
2025-10-12 22:12:59,264 INFO [main] o.apache.nifi.controller.FlowController Starting 0 Stateless Process Groups
2025-10-12 22:12:59,265 INFO [main] o.apache.nifi.controller.FlowController Starting 0 processors/ports/funnels
2025-10-12 22:12:59,266 INFO [main] o.apache.nifi.controller.FlowController Started 0 Remote Group Ports transmitting
2025-10-12 22:12:59,268 INFO [main] o.a.n.w.c.ApplicationStartupContextListener Flow Controller started successfully.
2025-10-12 22:13:00,232 INFO [main] o.e.j.ee10.servlet.ServletContextHandler Started oeje10w.WebAppContext@13f2d42c{nifi-api,/nifi-api,b=file:///opt/nifi/nifi-current/work/jetty/nifi-web-api-2.6.0.war/webapp/,a=AVAILABLE,h=oeje10s.SessionHandler@552ffa44{STARTED}}{./work/nar/extensions/nifi-server-nar-2.6.0.nar-unpacked/NAR-INF/bundled-dependencies/nifi-web-api-2.6.0.war}
2025-10-12 22:13:00,394 INFO [main] o.e.j.s.handler.ContextHandler._nifi No Spring WebApplicationInitializer types detected on classpath
2025-10-12 22:13:00,396 INFO [main] o.e.jetty.server.handler.ContextHandler Started oeje10w.WebAppContext@5307fee{/nifi,/nifi,b=file:///opt/nifi/nifi-current/work/jetty/nifi-ui-2.6.0.war/webapp/,a=AVAILABLE,h=oeje10s.SessionHandler@134a4911{STARTED}}{./work/nar/extensions/nifi-server-nar-2.6.0.nar-unpacked/NAR-INF/bundled-dependencies/nifi-ui-2.6.0.war}
2025-10-12 22:13:00,399 INFO [main] o.e.j.ee10.servlet.ServletContextHandler Started oeje10w.WebAppContext@5307fee{/nifi,/nifi,b=file:///opt/nifi/nifi-current/work/jetty/nifi-ui-2.6.0.war/webapp/,a=AVAILABLE,h=oeje10s.SessionHandler@134a4911{STARTED}}{./work/nar/extensions/nifi-server-nar-2.6.0.nar-unpacked/NAR-INF/bundled-dependencies/nifi-ui-2.6.0.war}
2025-10-12 22:13:00,410 INFO [main] o.eclipse.jetty.server.AbstractConnector Started ServerConnector@55ab20e1{SSL, (ssl, alpn, h2, http/1.1)}{70981eaf0069:8443}
2025-10-12 22:13:00,412 INFO [main] org.eclipse.jetty.server.Server Started oejs.Server@13a268cd{STARTING}[12.0.27,sto=0] @16679ms
2025-10-12 22:13:00,414 INFO [main] org.apache.nifi.web.server.JettyServer Started Server on https://70981eaf0069:8443/nifi
2025-10-12 22:13:00,424 INFO [main] o.a.n.runtime.StandardManagementServer Started Management Server on http://127.0.0.1:52020
2025-10-12 22:13:00,426 INFO [main] org.apache.nifi.runtime.Application Started Application in 16.012 seconds (16012564339 ns)
2025-10-12 22:13:19,213 INFO [Checkpoint FlowFile Repository] o.a.n.c.r.WriteAheadFlowFileRepository Initiating checkpoint of FlowFile Repository
2025-10-12 22:13:19,215 INFO [Checkpoint FlowFile Repository] o.a.n.c.r.WriteAheadFlowFileRepository Successfully checkpointed FlowFile Repository with 0 records in 0 milliseconds
2025-10-12 22:13:39,214 INFO [Checkpoint FlowFile Repository] o.a.n.c.r.WriteAheadFlowFileRepository Initiating checkpoint of FlowFile Repository
2025-10-12 22:13:39,215 INFO [Checkpoint FlowFile Repository] o.a.n.c.r.WriteAheadFlowFileRepository Successfully checkpointed FlowFile Repository with 0 records in 0 milliseconds
2025-10-12 22:13:55,491 INFO [Cleanup Archive for default] o.a.n.c.repository.FileSystemRepository Successfully deleted 0 files (0 bytes) from archive
2025-10-12 22:13:55,493 INFO [Cleanup Archive for default] o.a.n.c.repository.FileSystemRepository Archive cleanup completed for container default; will now allow writing to this container. Bytes used = 83.01 GB, bytes free = 923.84 GB, capacity = 1,006.85 GB
2025-10-12 22:13:59,215 INFO [Checkpoint FlowFile Repository] o.a.n.c.r.WriteAheadFlowFileRepository Initiating checkpoint of FlowFile Repository
2025-10-12 22:13:59,216 INFO [Checkpoint FlowFile Repository] o.a.n.c.r.WriteAheadFlowFileRepository Successfully checkpointed FlowFile Repository with 0 records in 0 milliseconds
2025-10-12 22:14:19,217 INFO [Checkpoint FlowFile Repository] o.a.n.c.r.WriteAheadFlowFileRepository Initiating checkpoint of FlowFile Repository
2025-10-12 22:14:19,219 INFO [Checkpoint FlowFile Repository] o.a.n.c.r.WriteAheadFlowFileRepository Successfully checkpointed FlowFile Repository with 0 records in 0 milliseconds
2025-10-12 22:14:39,218 INFO [Checkpoint FlowFile Repository] o.a.n.c.r.WriteAheadFlowFileRepository Initiating checkpoint of FlowFile Repository
2025-10-12 22:14:39,220 INFO [Checkpoint FlowFile Repository] o.a.n.c.r.WriteAheadFlowFileRepository Successfully checkpointed FlowFile Repository with 0 records in 0 milliseconds
2025-10-12 22:14:54,117 INFO [Write-Ahead Local State Provider Maintenance] o.a.n.wali.SequentialAccessWriteAheadLog Checkpointed Write-Ahead Log with 2 Records and 0 Swap Files in 3 milliseconds (Stop-the-world time = 2 milliseconds), max Transaction ID 1
2025-10-12 22:14:55,503 INFO [Cleanup Archive for default] o.a.n.c.repository.FileSystemRepository Successfully deleted 0 files (0 bytes) from archive
2025-10-12 22:14:55,504 INFO [Cleanup Archive for default] o.a.n.c.repository.FileSystemRepository Archive cleanup completed for container default; will now allow writing to this container. Bytes used = 83.01 GB, bytes free = 923.84 GB, capacity = 1,006.85 GB
2025-10-12 22:14:59,219 INFO [Checkpoint FlowFile Repository] o.a.n.c.r.WriteAheadFlowFileRepository Initiating checkpoint of FlowFile Repository
2025-10-12 22:14:59,221 INFO [Checkpoint FlowFile Repository] o.a.n.c.r.WriteAheadFlowFileRepository Successfully checkpointed FlowFile Repository with 0 records in 0 milliseconds
2025-10-12 22:15:19,222 INFO [Checkpoint FlowFile Repository] o.a.n.c.r.WriteAheadFlowFileRepository Initiating checkpoint of FlowFile Repository
2025-10-12 22:15:19,223 INFO [Checkpoint FlowFile Repository] o.a.n.c.r.WriteAheadFlowFileRepository Successfully checkpointed FlowFile Repository with 0 records in 0 milliseconds
2025-10-12 22:15:39,223 INFO [Checkpoint FlowFile Repository] o.a.n.c.r.WriteAheadFlowFileRepository Initiating checkpoint of FlowFile Repository
2025-10-12 22:15:39,225 INFO [Checkpoint FlowFile Repository] o.a.n.c.r.WriteAheadFlowFileRepository Successfully checkpointed FlowFile Repository with 0 records in 0 milliseconds
2025-10-12 22:15:55,523 INFO [Cleanup Archive for default] o.a.n.c.repository.FileSystemRepository Successfully deleted 0 files (0 bytes) from archive
2025-10-12 22:15:55,525 INFO [Cleanup Archive for default] o.a.n.c.repository.FileSystemRepository Archive cleanup completed for container default; will now allow writing to this container. Bytes used = 83.01 GB, bytes free = 923.84 GB, capacity = 1,006.85 GB
2025-10-12 22:15:59,224 INFO [Checkpoint FlowFile Repository] o.a.n.c.r.WriteAheadFlowFileRepository Initiating checkpoint of FlowFile Repository
2025-10-12 22:15:59,226 INFO [Checkpoint FlowFile Repository] o.a.n.c.r.WriteAheadFlowFileRepository Successfully checkpointed FlowFile Repository with 0 records in 0 milliseconds
2025-10-12 22:16:19,227 INFO [Checkpoint FlowFile Repository] o.a.n.c.r.WriteAheadFlowFileRepository Initiating checkpoint of FlowFile Repository
2025-10-12 22:16:19,230 INFO [Checkpoint FlowFile Repository] o.a.n.c.r.WriteAheadFlowFileRepository Successfully checkpointed FlowFile Repository with 0 records in 0 milliseconds
2025-10-12 22:16:39,231 INFO [Checkpoint FlowFile Repository] o.a.n.c.r.WriteAheadFlowFileRepository Initiating checkpoint of FlowFile Repository
2025-10-12 22:16:39,232 INFO [Checkpoint FlowFile Repository] o.a.n.c.r.WriteAheadFlowFileRepository Successfully checkpointed FlowFile Repository with 0 records in 0 milliseconds
2025-10-12 22:16:55,533 INFO [Cleanup Archive for default] o.a.n.c.repository.FileSystemRepository Successfully deleted 0 files (0 bytes) from archive
2025-10-12 22:16:55,536 INFO [Cleanup Archive for default] o.a.n.c.repository.FileSystemRepository Archive cleanup completed for container default; will now allow writing to this container. Bytes used = 83.01 GB, bytes free = 923.84 GB, capacity = 1,006.85 GB
2025-10-12 22:16:59,234 INFO [Checkpoint FlowFile Repository] o.a.n.c.r.WriteAheadFlowFileRepository Initiating checkpoint of FlowFile Repository
2025-10-12 22:16:59,237 INFO [Checkpoint FlowFile Repository] o.a.n.c.r.WriteAheadFlowFileRepository Successfully checkpointed FlowFile Repository with 0 records in 0 milliseconds
2025-10-12 22:17:19,239 INFO [Checkpoint FlowFile Repository] o.a.n.c.r.WriteAheadFlowFileRepository Initiating checkpoint of FlowFile Repository
2025-10-12 22:17:19,241 INFO [Checkpoint FlowFile Repository] o.a.n.c.r.WriteAheadFlowFileRepository Successfully checkpointed FlowFile Repository with 0 records in 0 milliseconds
2025-10-12 22:17:39,242 INFO [Checkpoint FlowFile Repository] o.a.n.c.r.WriteAheadFlowFileRepository Initiating checkpoint of FlowFile Repository
2025-10-12 22:17:39,243 INFO [Checkpoint FlowFile Repository] o.a.n.c.r.WriteAheadFlowFileRepository Successfully checkpointed FlowFile Repository with 0 records in 0 milliseconds
2025-10-12 22:17:55,545 INFO [Cleanup Archive for default] o.a.n.c.repository.FileSystemRepository Successfully deleted 0 files (0 bytes) from archive
2025-10-12 22:17:55,546 INFO [Cleanup Archive for default] o.a.n.c.repository.FileSystemRepository Archive cleanup completed for container default; will now allow writing to this container. Bytes used = 83.01 GB, bytes free = 923.84 GB, capacity = 1,006.85 GB
2025-10-12 22:17:59,243 INFO [Checkpoint FlowFile Repository] o.a.n.c.r.WriteAheadFlowFileRepository Initiating checkpoint of FlowFile Repository
2025-10-12 22:17:59,244 INFO [Checkpoint FlowFile Repository] o.a.n.c.r.WriteAheadFlowFileRepository Successfully checkpointed FlowFile Repository with 0 records in 0 milliseconds
2025-10-12 22:18:19,245 INFO [Checkpoint FlowFile Repository] o.a.n.c.r.WriteAheadFlowFileRepository Initiating checkpoint of FlowFile Repository
2025-10-12 22:18:19,247 INFO [Checkpoint FlowFile Repository] o.a.n.c.r.WriteAheadFlowFileRepository Successfully checkpointed FlowFile Repository with 0 records in 0 milliseconds
2025-10-12 22:18:39,246 INFO [Checkpoint FlowFile Repository] o.a.n.c.r.WriteAheadFlowFileRepository Initiating checkpoint of FlowFile Repository
2025-10-12 22:18:39,249 INFO [Checkpoint FlowFile Repository] o.a.n.c.r.WriteAheadFlowFileRepository Successfully checkpointed FlowFile Repository with 0 records in 0 milliseconds
2025-10-12 22:18:55,554 INFO [Cleanup Archive for default] o.a.n.c.repository.FileSystemRepository Successfully deleted 0 files (0 bytes) from archive
2025-10-12 22:18:55,555 INFO [Cleanup Archive for default] o.a.n.c.repository.FileSystemRepository Archive cleanup completed for container default; will now allow writing to this container. Bytes used = 83.01 GB, bytes free = 923.84 GB, capacity = 1,006.85 GB
2025-10-12 22:18:59,249 INFO [Checkpoint FlowFile Repository] o.a.n.c.r.WriteAheadFlowFileRepository Initiating checkpoint of FlowFile Repository
2025-10-12 22:18:59,250 INFO [Checkpoint FlowFile Repository] o.a.n.c.r.WriteAheadFlowFileRepository Successfully checkpointed FlowFile Repository with 0 records in 0 milliseconds
2025-10-12 22:19:19,251 INFO [Checkpoint FlowFile Repository] o.a.n.c.r.WriteAheadFlowFileRepository Initiating checkpoint of FlowFile Repository
2025-10-12 22:19:19,253 INFO [Checkpoint FlowFile Repository] o.a.n.c.r.WriteAheadFlowFileRepository Successfully checkpointed FlowFile Repository with 0 records in 0 milliseconds
2025-10-12 22:19:39,254 INFO [Checkpoint FlowFile Repository] o.a.n.c.r.WriteAheadFlowFileRepository Initiating checkpoint of FlowFile Repository
2025-10-12 22:19:39,256 INFO [Checkpoint FlowFile Repository] o.a.n.c.r.WriteAheadFlowFileRepository Successfully checkpointed FlowFile Repository with 0 records in 0 milliseconds
2025-10-12 22:19:55,563 INFO [Cleanup Archive for default] o.a.n.c.repository.FileSystemRepository Successfully deleted 0 files (0 bytes) from archive
2025-10-12 22:19:55,565 INFO [Cleanup Archive for default] o.a.n.c.repository.FileSystemRepository Archive cleanup completed for container default; will now allow writing to this container. Bytes used = 83.01 GB, bytes free = 923.84 GB, capacity = 1,006.85 GB
2025-10-12 22:19:59,258 INFO [Checkpoint FlowFile Repository] o.a.n.c.r.WriteAheadFlowFileRepository Initiating checkpoint of FlowFile Repository
2025-10-12 22:19:59,259 INFO [Checkpoint FlowFile Repository] o.a.n.c.r.WriteAheadFlowFileRepository Successfully checkpointed FlowFile Repository with 0 records in 0 milliseconds
2025-10-12 22:20:19,261 INFO [Checkpoint FlowFile Repository] o.a.n.c.r.WriteAheadFlowFileRepository Initiating checkpoint of FlowFile Repository
2025-10-12 22:20:19,264 INFO [Checkpoint FlowFile Repository] o.a.n.c.r.WriteAheadFlowFileRepository Successfully checkpointed FlowFile Repository with 0 records in 0 milliseconds
2025-10-12 22:20:39,267 INFO [Checkpoint FlowFile Repository] o.a.n.c.r.WriteAheadFlowFileRepository Initiating checkpoint of FlowFile Repository
2025-10-12 22:20:39,273 INFO [Checkpoint FlowFile Repository] o.a.n.c.r.WriteAheadFlowFileRepository Successfully checkpointed FlowFile Repository with 0 records in 0 milliseconds
2025-10-12 22:20:55,573 INFO [Cleanup Archive for default] o.a.n.c.repository.FileSystemRepository Successfully deleted 0 files (0 bytes) from archive
2025-10-12 22:20:55,574 INFO [Cleanup Archive for default] o.a.n.c.repository.FileSystemRepository Archive cleanup completed for container default; will now allow writing to this container. Bytes used = 83.01 GB, bytes free = 923.84 GB, capacity = 1,006.85 GB
2025-10-12 22:20:59,280 INFO [Checkpoint FlowFile Repository] o.a.n.c.r.WriteAheadFlowFileRepository Initiating checkpoint of FlowFile Repository
2025-10-12 22:20:59,281 INFO [Checkpoint FlowFile Repository] o.a.n.c.r.WriteAheadFlowFileRepository Successfully checkpointed FlowFile Repository with 0 records in 0 milliseconds
2025-10-12 22:21:19,284 INFO [Checkpoint FlowFile Repository] o.a.n.c.r.WriteAheadFlowFileRepository Initiating checkpoint of FlowFile Repository
2025-10-12 22:21:19,286 INFO [Checkpoint FlowFile Repository] o.a.n.c.r.WriteAheadFlowFileRepository Successfully checkpointed FlowFile Repository with 0 records in 0 milliseconds
2025-10-12 22:21:39,285 INFO [Checkpoint FlowFile Repository] o.a.n.c.r.WriteAheadFlowFileRepository Initiating checkpoint of FlowFile Repository
2025-10-12 22:21:39,286 INFO [Checkpoint FlowFile Repository] o.a.n.c.r.WriteAheadFlowFileRepository Successfully checkpointed FlowFile Repository with 0 records in 0 milliseconds
2025-10-12 22:21:55,580 INFO [Cleanup Archive for default] o.a.n.c.repository.FileSystemRepository Successfully deleted 0 files (0 bytes) from archive
2025-10-12 22:21:55,581 INFO [Cleanup Archive for default] o.a.n.c.repository.FileSystemRepository Archive cleanup completed for container default; will now allow writing to this container. Bytes used = 83.01 GB, bytes free = 923.84 GB, capacity = 1,006.85 GB
2025-10-12 22:21:59,286 INFO [Checkpoint FlowFile Repository] o.a.n.c.r.WriteAheadFlowFileRepository Initiating checkpoint of FlowFile Repository
2025-10-12 22:21:59,288 INFO [Checkpoint FlowFile Repository] o.a.n.c.r.WriteAheadFlowFileRepository Successfully checkpointed FlowFile Repository with 0 records in 0 milliseconds
2025-10-12 22:22:19,289 INFO [Checkpoint FlowFile Repository] o.a.n.c.r.WriteAheadFlowFileRepository Initiating checkpoint of FlowFile Repository
2025-10-12 22:22:19,291 INFO [Checkpoint FlowFile Repository] o.a.n.c.r.WriteAheadFlowFileRepository Successfully checkpointed FlowFile Repository with 0 records in 0 milliseconds
2025-10-12 22:22:39,292 INFO [Checkpoint FlowFile Repository] o.a.n.c.r.WriteAheadFlowFileRepository Initiating checkpoint of FlowFile Repository
2025-10-12 22:22:39,294 INFO [Checkpoint FlowFile Repository] o.a.n.c.r.WriteAheadFlowFileRepository Successfully checkpointed FlowFile Repository with 0 records in 0 milliseconds
2025-10-12 22:22:55,587 INFO [Cleanup Archive for default] o.a.n.c.repository.FileSystemRepository Successfully deleted 0 files (0 bytes) from archive
2025-10-12 22:22:55,588 INFO [Cleanup Archive for default] o.a.n.c.repository.FileSystemRepository Archive cleanup completed for container default; will now allow writing to this container. Bytes used = 83.01 GB, bytes free = 923.84 GB, capacity = 1,006.85 GB
2025-10-12 22:22:59,294 INFO [Checkpoint FlowFile Repository] o.a.n.c.r.WriteAheadFlowFileRepository Initiating checkpoint of FlowFile Repository
2025-10-12 22:22:59,296 INFO [Checkpoint FlowFile Repository] o.a.n.c.r.WriteAheadFlowFileRepository Successfully checkpointed FlowFile Repository with 0 records in 0 milliseconds
2025-10-12 22:23:19,298 INFO [Checkpoint FlowFile Repository] o.a.n.c.r.WriteAheadFlowFileRepository Initiating checkpoint of FlowFile Repository
2025-10-12 22:23:19,300 INFO [Checkpoint FlowFile Repository] o.a.n.c.r.WriteAheadFlowFileRepository Successfully checkpointed FlowFile Repository with 0 records in 0 milliseconds
2025-10-12 22:23:39,300 INFO [Checkpoint FlowFile Repository] o.a.n.c.r.WriteAheadFlowFileRepository Initiating checkpoint of FlowFile Repository
2025-10-12 22:23:39,303 INFO [Checkpoint FlowFile Repository] o.a.n.c.r.WriteAheadFlowFileRepository Successfully checkpointed FlowFile Repository with 0 records in 0 milliseconds
2025-10-12 22:23:55,800 INFO [Cleanup Archive for default] o.a.n.c.repository.FileSystemRepository Successfully deleted 0 files (0 bytes) from archive
2025-10-12 22:23:55,801 INFO [Cleanup Archive for default] o.a.n.c.repository.FileSystemRepository Archive cleanup completed for container default; will now allow writing to this container. Bytes used = 83.01 GB, bytes free = 923.84 GB, capacity = 1,006.85 GB
2025-10-12 22:23:59,304 INFO [Checkpoint FlowFile Repository] o.a.n.c.r.WriteAheadFlowFileRepository Initiating checkpoint of FlowFile Repository
2025-10-12 22:23:59,305 INFO [Checkpoint FlowFile Repository] o.a.n.c.r.WriteAheadFlowFileRepository Successfully checkpointed FlowFile Repository with 0 records in 0 milliseconds
2025-10-12 22:24:19,305 INFO [Checkpoint FlowFile Repository] o.a.n.c.r.WriteAheadFlowFileRepository Initiating checkpoint of FlowFile Repository
2025-10-12 22:24:19,307 INFO [Checkpoint FlowFile Repository] o.a.n.c.r.WriteAheadFlowFileRepository Successfully checkpointed FlowFile Repository with 0 records in 0 milliseconds
2025-10-12 22:24:39,306 INFO [Checkpoint FlowFile Repository] o.a.n.c.r.WriteAheadFlowFileRepository Initiating checkpoint of FlowFile Repository
2025-10-12 22:24:39,307 INFO [Checkpoint FlowFile Repository] o.a.n.c.r.WriteAheadFlowFileRepository Successfully checkpointed FlowFile Repository with 0 records in 0 milliseconds
2025-10-12 22:24:55,813 INFO [Cleanup Archive for default] o.a.n.c.repository.FileSystemRepository Successfully deleted 0 files (0 bytes) from archive
2025-10-12 22:24:55,814 INFO [Cleanup Archive for default] o.a.n.c.repository.FileSystemRepository Archive cleanup completed for container default; will now allow writing to this container. Bytes used = 83.01 GB, bytes free = 923.84 GB, capacity = 1,006.85 GB
2025-10-12 22:24:59,306 INFO [Checkpoint FlowFile Repository] o.a.n.c.r.WriteAheadFlowFileRepository Initiating checkpoint of FlowFile Repository
2025-10-12 22:24:59,308 INFO [Checkpoint FlowFile Repository] o.a.n.c.r.WriteAheadFlowFileRepository Successfully checkpointed FlowFile Repository with 0 records in 0 milliseconds
2025-10-12 22:25:19,310 INFO [Checkpoint FlowFile Repository] o.a.n.c.r.WriteAheadFlowFileRepository Initiating checkpoint of FlowFile Repository
2025-10-12 22:25:19,312 INFO [Checkpoint FlowFile Repository] o.a.n.c.r.WriteAheadFlowFileRepository Successfully checkpointed FlowFile Repository with 0 records in 0 milliseconds
2025-10-12 22:25:39,312 INFO [Checkpoint FlowFile Repository] o.a.n.c.r.WriteAheadFlowFileRepository Initiating checkpoint of FlowFile Repository
2025-10-12 22:25:39,315 INFO [Checkpoint FlowFile Repository] o.a.n.c.r.WriteAheadFlowFileRepository Successfully checkpointed FlowFile Repository with 0 records in 0 milliseconds
2025-10-12 22:25:55,818 INFO [Cleanup Archive for default] o.a.n.c.repository.FileSystemRepository Successfully deleted 0 files (0 bytes) from archive
2025-10-12 22:25:55,819 INFO [Cleanup Archive for default] o.a.n.c.repository.FileSystemRepository Archive cleanup completed for container default; will now allow writing to this container. Bytes used = 83.01 GB, bytes free = 923.84 GB, capacity = 1,006.85 GB
2025-10-12 22:58:25,105 INFO [Checkpoint FlowFile Repository] o.a.n.c.r.WriteAheadFlowFileRepository Initiating checkpoint of FlowFile Repository
2025-10-12 22:58:25,158 INFO [Checkpoint FlowFile Repository] o.a.n.c.r.WriteAheadFlowFileRepository Successfully checkpointed FlowFile Repository with 0 records in 0 milliseconds
2025-10-12 22:58:45,214 INFO [Checkpoint FlowFile Repository] o.a.n.c.r.WriteAheadFlowFileRepository Initiating checkpoint of FlowFile Repository
2025-10-12 22:58:45,216 INFO [Checkpoint FlowFile Repository] o.a.n.c.r.WriteAheadFlowFileRepository Successfully checkpointed FlowFile Repository with 0 records in 0 milliseconds
2025-10-12 22:59:05,215 INFO [Checkpoint FlowFile Repository] o.a.n.c.r.WriteAheadFlowFileRepository Initiating checkpoint of FlowFile Repository
2025-10-12 22:59:05,216 INFO [Checkpoint FlowFile Repository] o.a.n.c.r.WriteAheadFlowFileRepository Successfully checkpointed FlowFile Repository with 0 records in 0 milliseconds
2025-10-12 22:59:21,616 INFO [Cleanup Archive for default] o.a.n.c.repository.FileSystemRepository Successfully deleted 0 files (0 bytes) from archive
2025-10-12 22:59:21,618 INFO [Cleanup Archive for default] o.a.n.c.repository.FileSystemRepository Archive cleanup completed for container default; will now allow writing to this container. Bytes used = 83.01 GB, bytes free = 923.84 GB, capacity = 1,006.85 GB
2025-10-12 22:59:25,219 INFO [Checkpoint FlowFile Repository] o.a.n.c.r.WriteAheadFlowFileRepository Initiating checkpoint of FlowFile Repository
2025-10-12 22:59:25,219 INFO [Checkpoint FlowFile Repository] o.a.n.c.r.WriteAheadFlowFileRepository Successfully checkpointed FlowFile Repository with 0 records in 0 milliseconds
2025-10-12 22:59:45,220 INFO [Checkpoint FlowFile Repository] o.a.n.c.r.WriteAheadFlowFileRepository Initiating checkpoint of FlowFile Repository
2025-10-12 22:59:45,220 INFO [Checkpoint FlowFile Repository] o.a.n.c.r.WriteAheadFlowFileRepository Successfully checkpointed FlowFile Repository with 0 records in 0 milliseconds
